Task,Seed,Representation,Combination,Meta_Variant,LR_C,ROC_AUC,PR_AUC,MCC,Balanced_Acc
NR-AhR,42,morgan,RF_only,single,,0.7812901309106243,0.4555289311602478,0.2361284476183087,0.5434707607383129
NR-AhR,42,morgan,XGB_only,single,,0.7592576620090852,0.4238237729337802,0.3209695886465162,0.6755218216318786
NR-AhR,42,Graph,GCN_only,single,,0.7888467214842926,0.4474845605002087,0.3005704581581689,0.6355011212696222
NR-AhR,42,morgan,RF+GCN,averaging,,0.8101364690548751,0.5067426880978138,0.3937079871217562,0.6111350698637226
NR-AhR,42,morgan,RF+GCN,voting,,0.6670619860847565,0.3298585274595189,0.4151997731951845,0.666321660629061
NR-AhR,42,morgan,RF+GCN,lr_none,,0.8102802215705441,0.5114342152105329,0.4205414762952082,0.6434218848829855
NR-AhR,42,morgan,RF+GCN,lr_l2,0.1,0.8085072738772929,0.4982802748210953,0.0719990202486447,0.5049307112874476
NR-AhR,42,morgan,RF+GCN,lr_l2,1.0,0.810308972073678,0.5082346573691872,0.4290192630082314,0.6295066413662239
NR-AhR,42,morgan,RF+GCN,lr_l2,10.0,0.8104143905851685,0.5117686302254856,0.422873629152235,0.6416249784371226
NR-AhR,42,morgan,RF+XGB,averaging,,0.7799244820117687,0.4636709562165995,0.3820042671938971,0.6479500891265597
NR-AhR,42,morgan,RF+XGB,voting,,0.6802800299005233,0.293282963834341,0.3209695886465162,0.6755218216318786
NR-AhR,42,morgan,RF+XGB,lr_none,,0.7884394226898972,0.4721788268468342,0.3778038337146941,0.6241590477833362
NR-AhR,42,morgan,RF+XGB,lr_l2,0.1,0.776618174151381,0.4585896493224592,0.202215177251241,0.5264360876315336
NR-AhR,42,morgan,RF+XGB,lr_l2,1.0,0.7841555977229602,0.4678675642161525,0.3582269310638089,0.6138519924098671
NR-AhR,42,morgan,RF+XGB,lr_l2,10.0,0.788295670174228,0.4717009744588012,0.3758645691054446,0.6219165085388993
NR-AhR,42,morgan,XGB+GCN,averaging,,0.8016215283767466,0.4865457845574113,0.3856560212052418,0.6717555057213501
NR-AhR,42,morgan,XGB+GCN,voting,,0.7164984762233338,0.3595326368693406,0.3528235047032673,0.7024466678166867
NR-AhR,42,morgan,XGB+GCN,lr_none,,0.8045349126943055,0.4856077438764611,0.4131580616624271,0.6564458628025991
NR-AhR,42,morgan,XGB+GCN,lr_l2,0.1,0.8017604891418932,0.4869336320222653,0.2954967901260392,0.5622879650393882
NR-AhR,42,morgan,XGB+GCN,lr_l2,1.0,0.8039599026316294,0.486041750663611,0.4096267167309513,0.6461244321775631
NR-AhR,42,morgan,XGB+GCN,lr_l2,10.0,0.8044438694343817,0.4853869167593569,0.4079566539588684,0.6537576907595882
NR-AhR,42,morgan,RF+XGB+GCN,averaging,,0.8070889157226917,0.5035245417100559,0.4096267167309513,0.6461244321775631
NR-AhR,42,morgan,RF+XGB+GCN,voting,,0.7182546527897571,0.3752957602009119,0.403990315817523,0.6393968144442528
NR-AhR,42,morgan,RF+XGB+GCN,lr_none,,0.8126281793264716,0.5145240442025739,0.418411628117803,0.6492582370191479
NR-AhR,42,morgan,RF+XGB+GCN,lr_l2,0.1,0.806724742682997,0.5012619910684838,0.3404749671614075,0.5829020757863262
NR-AhR,42,morgan,RF+XGB+GCN,lr_l2,1.0,0.810883982136354,0.5086603610744278,0.422873629152235,0.6416249784371226
NR-AhR,42,morgan,RF+XGB+GCN,lr_l2,10.0,0.8125371360665479,0.5136553866824154,0.4219209541468371,0.6497038698177218
NR-AhR,42,maccs,RF_only,single,,0.7726002913384317,0.3906998417592726,0.2223873486060496,0.5506583865217641
NR-AhR,42,maccs,XGB_only,single,,0.7885735917045213,0.4207616594995042,0.3065780062060149,0.662052210913691
NR-AhR,42,Graph,GCN_only,single,,0.7888467214842926,0.4474845605002087,0.3005704581581689,0.6355011212696222
NR-AhR,42,maccs,RF+GCN,averaging,,0.811966917754394,0.4680602918604104,0.3000912348486398,0.5815795526421712
NR-AhR,42,maccs,RF+GCN,voting,,0.6645822551894659,0.3196983111039772,0.3990053809129669,0.6636478638376171
NR-AhR,42,maccs,RF+GCN,lr_none,,0.8108600233837426,0.4715497300233703,0.3920568939572479,0.6398568224943937
NR-AhR,42,maccs,RF+GCN,lr_l2,0.1,0.8098872980277154,0.4741461165587841,0.1365172544486518,0.5152377666609166
NR-AhR,42,maccs,RF+GCN,lr_l2,1.0,0.8104623080903917,0.4724410350185574,0.3347875294228872,0.6071387499281238
NR-AhR,42,maccs,RF+GCN,lr_l2,10.0,0.8108648151342648,0.4717688650694113,0.3844576860899046,0.6349261112069461
NR-AhR,42,maccs,RF+XGB,averaging,,0.8009938090583251,0.4159447422833482,0.3086473931614921,0.6179489391064343
NR-AhR,42,maccs,RF+XGB,voting,,0.6651716405037088,0.2777385010540776,0.3023444205775929,0.6607153125179691
NR-AhR,42,maccs,RF+XGB,lr_none,,0.8011471450750388,0.4160745347131205,0.3261633693606523,0.6022080386406762
NR-AhR,42,maccs,RF+XGB,lr_l2,0.1,0.7986410595518755,0.4176344310821481,0.1961731202442685,0.5327180725662699
NR-AhR,42,maccs,RF+XGB,lr_l2,1.0,0.7999348321928968,0.4159010859412332,0.3109348331261443,0.5945891553102179
NR-AhR,42,maccs,RF+XGB,lr_l2,10.0,0.8009938090583251,0.4160258154703763,0.3198898341655239,0.5995198665976654
NR-AhR,42,maccs,XGB+GCN,averaging,,0.8152061411074694,0.4716319545974993,0.3919719130081098,0.6798343971019493
NR-AhR,42,maccs,XGB+GCN,voting,,0.713903743315508,0.3369081363103263,0.3683435508211933,0.7050917141049968
NR-AhR,42,maccs,XGB+GCN,lr_none,,0.8147365495562839,0.478651285962534,0.3673904489908464,0.6344948536599391
NR-AhR,42,maccs,XGB+GCN,lr_l2,0.1,0.8148467598182968,0.4701059614444703,0.2868549348868056,0.5551147145075038
NR-AhR,42,maccs,XGB+GCN,lr_l2,1.0,0.8157140666628333,0.4772195744879172,0.3519681182963038,0.6228365246391812
NR-AhR,42,maccs,XGB+GCN,lr_l2,10.0,0.8149378030782206,0.4787276702172334,0.3673904489908464,0.6344948536599391
NR-AhR,42,maccs,RF+XGB+GCN,averaging,,0.8178416038947348,0.4645644853022118,0.3247665035952608,0.6152320165602898
NR-AhR,42,maccs,RF+XGB+GCN,voting,,0.7140594752074828,0.3494519192750376,0.3455613209196466,0.6219452590420332
NR-AhR,42,maccs,RF+XGB+GCN,lr_none,,0.8173959710961608,0.4799279573372317,0.3593940350562588,0.6295641423724915
NR-AhR,42,maccs,RF+XGB+GCN,lr_l2,0.1,0.8173720123435493,0.4686822576103725,0.2755902698509934,0.5609510666436663
NR-AhR,42,maccs,RF+XGB+GCN,lr_l2,1.0,0.818066816169283,0.478528334636184,0.3378410276141218,0.6152176413087229
NR-AhR,42,maccs,RF+XGB+GCN,lr_l2,10.0,0.8175780576160083,0.4801329008163297,0.3569172484098412,0.6273216031280547
NR-AhR,42,atompair,RF_only,single,,0.8061090027408814,0.5214262770555964,0.2713325933782766,0.5452532919326089
NR-AhR,42,atompair,XGB_only,single,,0.7765654648956357,0.4558593539526722,0.3498809832977052,0.6493444885285493
NR-AhR,42,Graph,GCN_only,single,,0.7888467214842926,0.4474845605002087,0.3005704581581689,0.6355011212696222
NR-AhR,42,atompair,RF+GCN,averaging,,0.8111571119161253,0.5323555753333193,0.3983174639533409,0.6093381634178598
NR-AhR,42,atompair,RF+GCN,voting,,0.6575240066701168,0.3364529773873632,0.3976351429140844,0.656014605255592
NR-AhR,42,atompair,RF+GCN,lr_none,,0.8103281390757672,0.5299568140132096,0.4003989955562301,0.6389511816456788
NR-AhR,42,atompair,RF+GCN,lr_l2,0.1,0.8063078603875569,0.5140602709049265,0.1501534904172726,0.5156833994594906
NR-AhR,42,atompair,RF+GCN,lr_l2,1.0,0.8080089318229735,0.5237682171187323,0.4089487267579977,0.6317635558622277
NR-AhR,42,atompair,RF+GCN,lr_l2,10.0,0.8098537557740595,0.5287903794668694,0.403990315817523,0.6393968144442528
NR-AhR,42,atompair,RF+XGB,averaging,,0.7940170202978551,0.4954416924019411,0.3336395042115151,0.6089356563739865
NR-AhR,42,atompair,RF+XGB,voting,,0.6516014030245529,0.3102389196867484,0.3498809832977052,0.6493444885285493
NR-AhR,42,atompair,RF+XGB,lr_none,,0.8037107316044698,0.5155947299634879,0.362156939322091,0.6142976252084411
NR-AhR,42,atompair,RF+XGB,lr_l2,0.1,0.7896134015678608,0.4841510621132364,0.2133755566227393,0.5291242596745444
NR-AhR,42,atompair,RF+XGB,lr_l2,1.0,0.7945297376037412,0.4964745162157749,0.3482792161145838,0.6026392961876833
NR-AhR,42,atompair,RF+XGB,lr_l2,10.0,0.8019042416575624,0.5121431637611472,0.3461643861034433,0.6084756483238456
NR-AhR,42,atompair,XGB+GCN,averaging,,0.8098106300193586,0.4944234002725775,0.3900956906536979,0.6510838939681445
NR-AhR,42,atompair,XGB+GCN,voting,,0.6885937170567151,0.3541487166969017,0.3820910062012909,0.6825513196480938
NR-AhR,42,atompair,XGB+GCN,lr_none,,0.805339926782052,0.4949574884064029,0.3962865491100267,0.6443419009832672
NR-AhR,42,atompair,XGB+GCN,lr_l2,0.1,0.8097100032583904,0.4955692784809712,0.3027604145634457,0.5627335978379622
NR-AhR,42,atompair,XGB+GCN,lr_l2,1.0,0.8066624499262071,0.4964055630835716,0.3968651632281905,0.6385055488471049
NR-AhR,42,atompair,XGB+GCN,lr_l2,10.0,0.8054070112893643,0.4948275602765799,0.3909003046352185,0.6416537289402564
NR-AhR,42,atompair,RF+XGB+GCN,averaging,,0.8154792708872406,0.5204017253369532,0.3682679722176692,0.6210252429417515
NR-AhR,42,atompair,RF+XGB+GCN,voting,,0.6893196672608437,0.3770833934209205,0.3837501494511908,0.6228077741360474
NR-AhR,42,atompair,RF+XGB+GCN,lr_none,,0.8103329308262894,0.5187377055448865,0.402316577112193,0.6411937208901156
NR-AhR,42,atompair,RF+XGB+GCN,lr_l2,0.1,0.8132079811396699,0.5121119639498863,0.3251084736305355,0.5707981139669944
NR-AhR,42,atompair,RF+XGB+GCN,lr_l2,1.0,0.8112721139286603,0.5170471009742472,0.4003669667101574,0.6349117359553792
NR-AhR,42,atompair,RF+XGB+GCN,lr_l2,10.0,0.810102926801219,0.5171791152909647,0.4058445722145678,0.6416393536886895
NR-AhR,1,morgan,RF_only,single,,0.7773441243555096,0.4450031920516165,0.2531509349135439,0.5466045655798977
NR-AhR,1,morgan,XGB_only,single,,0.7592576620090852,0.4238237729337802,0.3209695886465162,0.6755218216318786
NR-AhR,1,Graph,GCN_only,single,,0.7971843673930961,0.4524418568995758,0.3200548616349078,0.6593065378644126
NR-AhR,1,morgan,RF+GCN,averaging,,0.8103952235830794,0.5075285100717836,0.3836897587078712,0.6102438042665747
NR-AhR,1,morgan,RF+GCN,voting,,0.6843482260939567,0.3351921146052505,0.4048421957114484,0.6825081938933931
NR-AhR,1,morgan,RF+GCN,lr_none,,0.8108935656373986,0.5095671523268334,0.4151271946105612,0.6407337128399747
NR-AhR,1,morgan,RF+GCN,lr_l2,0.1,0.8087947789086309,0.4977814775667535,0.1365172544486518,0.5152377666609166
NR-AhR,1,morgan,RF+GCN,lr_l2,1.0,0.8107689801238188,0.5094991448323288,0.4217345115310327,0.6331004542579495
NR-AhR,1,morgan,RF+GCN,lr_l2,10.0,0.8112385716750043,0.5109814431790729,0.4096669132996954,0.638045540796964
NR-AhR,1,morgan,RF+XGB,averaging,,0.7789206102773465,0.4537680478056841,0.3739128437340963,0.644816284284975
NR-AhR,1,morgan,RF+XGB,voting,,0.6804932627987657,0.2966460881652072,0.3209695886465162,0.6755218216318786
NR-AhR,1,morgan,RF+XGB,lr_none,,0.786160945316543,0.4605753528671734,0.3347875294228872,0.6071387499281238
NR-AhR,1,morgan,RF+XGB,lr_l2,0.1,0.7753363808866656,0.4494344337399518,0.2133755566227393,0.5291242596745444
NR-AhR,1,morgan,RF+XGB,lr_l2,1.0,0.7817956605907269,0.4570682605633561,0.358244811682009,0.6098125467195676
NR-AhR,1,morgan,RF+XGB,lr_l2,10.0,0.7858446897820712,0.4604034200255325,0.3385063575860537,0.6075843827266978
NR-AhR,1,morgan,XGB+GCN,averaging,,0.8031405132923161,0.4934510631932484,0.395198566613328,0.6838738427922488
NR-AhR,1,morgan,XGB+GCN,voting,,0.7190117493722807,0.366121782073964,0.3413315989337882,0.7006928871255247
NR-AhR,1,morgan,XGB+GCN,lr_none,,0.804798458973032,0.4934490920324063,0.4234544430004773,0.6618222068886206
NR-AhR,1,morgan,XGB+GCN,lr_l2,0.1,0.8034471853257432,0.4926882594412108,0.3392971463243779,0.5761744580530159
NR-AhR,1,morgan,XGB+GCN,lr_l2,1.0,0.8045876219500507,0.4938056027177606,0.4115506308460719,0.6483669714219998
NR-AhR,1,morgan,XGB+GCN,lr_l2,10.0,0.8047361662162421,0.4934264541229248,0.4265617244205512,0.6622678396871946
NR-AhR,1,morgan,RF+XGB+GCN,averaging,,0.8079897648208845,0.5026364534690542,0.3867771921253525,0.6430050025875452
NR-AhR,1,morgan,RF+XGB+GCN,voting,,0.7203366683916969,0.3833049345621803,0.4194268000017048,0.657337128399747
NR-AhR,1,morgan,RF+XGB+GCN,lr_none,,0.8125371360665479,0.5119309291146905,0.3909003046352185,0.6416537289402564
NR-AhR,1,morgan,RF+XGB+GCN,lr_l2,0.1,0.8078460123052155,0.5002779023232612,0.3668878074120209,0.5936547639583692
NR-AhR,1,morgan,RF+XGB+GCN,lr_l2,1.0,0.8104718915914362,0.5065842907948027,0.3858259580061958,0.6331292047610834
NR-AhR,1,morgan,RF+XGB+GCN,lr_l2,10.0,0.8122017135299867,0.5106560405342517,0.3876827778017919,0.6412080961416825
NR-AhR,1,maccs,RF_only,single,,0.7682326107373546,0.3917731003024274,0.2276281100553243,0.551104019320338
NR-AhR,1,maccs,XGB_only,single,,0.7885735917045213,0.4207616594995042,0.3065780062060149,0.662052210913691
NR-AhR,1,Graph,GCN_only,single,,0.7971843673930961,0.4524418568995758,0.3200548616349078,0.6593065378644126
NR-AhR,1,maccs,RF+GCN,averaging,,0.8147988423130739,0.4756624036653364,0.3006333447338192,0.5914553504686332
NR-AhR,1,maccs,RF+GCN,voting,,0.6878462039752362,0.3270017123030377,0.4077720939386561,0.6865476395836927
NR-AhR,1,maccs,RF+GCN,lr_none,,0.8145065455312135,0.4771447410611524,0.3665987950676163,0.6286585015237767
NR-AhR,1,maccs,RF+GCN,lr_l2,0.1,0.8124748433097579,0.4740148492937125,0.1904160939654061,0.5259904548329596
NR-AhR,1,maccs,RF+GCN,lr_l2,1.0,0.8137159066950339,0.476281273155791,0.3432374735857709,0.6120694612155713
NR-AhR,1,maccs,RF+GCN,lr_l2,10.0,0.8143675847660667,0.4765360525180104,0.3609475272826812,0.6259703294807659
NR-AhR,1,maccs,RF+XGB,averaging,,0.80027504647998,0.4181251078797682,0.3091814560556901,0.6197458455522972
NR-AhR,1,maccs,RF+XGB,voting,,0.6658880072067929,0.2810748040665094,0.3037479751056722,0.661160945316543
NR-AhR,1,maccs,RF+XGB,lr_none,,0.7983439710194928,0.4174893372548868,0.2856174270357567,0.5950635386119257
NR-AhR,1,maccs,RF+XGB,lr_l2,0.1,0.7980325072355433,0.4187492311278272,0.1852035077592455,0.5300299005232592
NR-AhR,1,maccs,RF+XGB,lr_l2,1.0,0.7981331339965116,0.4176355027638502,0.2926497717449924,0.5923609913173481
NR-AhR,1,maccs,RF+XGB,lr_l2,10.0,0.798281678262703,0.4175756297924277,0.2856174270357567,0.5950635386119257
NR-AhR,1,maccs,XGB+GCN,averaging,,0.8164472044927452,0.4754742476259421,0.4052148921223986,0.684305100339256
NR-AhR,1,maccs,XGB+GCN,voting,,0.7268462614762425,0.3408733846717678,0.3762053900289826,0.7167787936288885
NR-AhR,1,maccs,XGB+GCN,lr_none,,0.8165957487589366,0.4788143945760421,0.3609484722901834,0.6354004945086539
NR-AhR,1,maccs,XGB+GCN,lr_l2,0.1,0.8162938684760317,0.4750432215352537,0.2885643668821748,0.5618423322408141
NR-AhR,1,maccs,XGB+GCN,lr_l2,1.0,0.8163801199854331,0.4787781464957087,0.336060149952383,0.622405267092174
NR-AhR,1,maccs,XGB+GCN,lr_l2,10.0,0.8165813735073698,0.4792920839569155,0.3554734909155533,0.6327123224656431
NR-AhR,1,maccs,RF+XGB+GCN,averaging,,0.8190587085273993,0.4719886342881841,0.3302915516760849,0.623310907940889
NR-AhR,1,maccs,RF+XGB+GCN,voting,,0.7277902363291356,0.3543327164120209,0.3554734909155533,0.6327123224656431
NR-AhR,1,maccs,RF+XGB+GCN,lr_none,,0.8188526632549402,0.4813799123355153,0.3528739239776537,0.6304697832212064
NR-AhR,1,maccs,RF+XGB+GCN,lr_l2,0.1,0.8187712034960611,0.4778395999779687,0.2927668653855071,0.5685699499741246
NR-AhR,1,maccs,RF+XGB+GCN,lr_l2,1.0,0.8189149560117301,0.4805648205489365,0.3278005363008837,0.6156776493588638
NR-AhR,1,maccs,RF+XGB+GCN,lr_l2,10.0,0.8188382880033735,0.4810207737458193,0.3417092440271852,0.6250934391351849
NR-AhR,1,atompair,RF_only,single,,0.7969639468690702,0.5076683261684503,0.2798922858069733,0.5479414639756196
NR-AhR,1,atompair,XGB_only,single,,0.7765654648956357,0.4558593539526722,0.3498809832977052,0.6493444885285493
NR-AhR,1,Graph,GCN_only,single,,0.7971843673930961,0.4524418568995758,0.3200548616349078,0.6593065378644126
NR-AhR,1,atompair,RF+GCN,averaging,,0.8096860445057789,0.531650021964494,0.3786918254133031,0.6160801564027371
NR-AhR,1,atompair,RF+GCN,voting,,0.6799230444866119,0.3408869751374495,0.3975024500484259,0.6775774826059456
NR-AhR,1,atompair,RF+GCN,lr_none,,0.8101891783106205,0.5334435416413206,0.4327827991736998,0.6510407682134437
NR-AhR,1,atompair,RF+GCN,lr_l2,0.1,0.8070553734690356,0.5134302683740514,0.1904456452847523,0.5237479155885228
NR-AhR,1,atompair,RF+GCN,lr_l2,1.0,0.8087899871581086,0.5264407248369527,0.4024722084388094,0.6331148295095165
NR-AhR,1,atompair,RF+GCN,lr_l2,10.0,0.8099352155329385,0.5321069867120931,0.4327827991736998,0.6510407682134437
NR-AhR,1,atompair,RF+XGB,averaging,,0.7938780595327085,0.491459527162819,0.3587321107206445,0.6178914381001668
NR-AhR,1,atompair,RF+XGB,voting,,0.6516014030245529,0.3102389196867484,0.3498809832977052,0.6493444885285493
NR-AhR,1,atompair,RF+XGB,lr_none,,0.7991489851072393,0.5052081189291242,0.3377977979507149,0.6035449370363981
NR-AhR,1,atompair,RF+XGB,lr_l2,0.1,0.790015908611734,0.4819163891039723,0.1904456452847523,0.5237479155885228
NR-AhR,1,atompair,RF+XGB,lr_l2,1.0,0.7938684760316639,0.4914055724381704,0.3336216002300241,0.595020412857225
NR-AhR,1,atompair,RF+XGB,lr_l2,10.0,0.7980852164912886,0.5025107479619546,0.3377977979507149,0.6035449370363981
NR-AhR,1,atompair,XGB+GCN,averaging,,0.8109894006478446,0.5053662036126889,0.3868704584361031,0.6524351676154333
NR-AhR,1,atompair,XGB+GCN,voting,,0.7007168458781362,0.3658863235330112,0.3749019759802767,0.6915646023805417
NR-AhR,1,atompair,XGB+GCN,lr_none,,0.8098010465183141,0.5054622103138187,0.4187528589181686,0.6532976827094474
NR-AhR,1,atompair,XGB+GCN,lr_l2,0.1,0.8113966994422404,0.5062361778137648,0.3180987690214061,0.5703524811684204
NR-AhR,1,atompair,XGB+GCN,lr_l2,1.0,0.8104958503440477,0.5066195362369981,0.4077240670853168,0.6438818929331264
NR-AhR,1,atompair,XGB+GCN,lr_l2,10.0,0.8099400072834608,0.5053569482600455,0.4187528589181686,0.6532976827094474
NR-AhR,1,atompair,RF+XGB+GCN,averaging,,0.8125371360665478,0.5243895735628314,0.3986032412086798,0.6326691967109425
NR-AhR,1,atompair,RF+XGB+GCN,voting,,0.7014308167059591,0.3857271970640875,0.4041593678539834,0.6353573687539532
NR-AhR,1,atompair,RF+XGB+GCN,lr_none,,0.8112241964234373,0.5199107517885355,0.4254918477285725,0.6541889483065954
NR-AhR,1,atompair,RF+XGB+GCN,lr_l2,0.1,0.8120675445153624,0.5162346389055495,0.3466433730914622,0.5833477085849003
NR-AhR,1,atompair,RF+XGB+GCN,lr_l2,1.0,0.8115787859620878,0.5181822682923908,0.4148239812009451,0.6447731585302743
NR-AhR,1,atompair,RF+XGB+GCN,lr_l2,10.0,0.8111810706687368,0.5184624175241711,0.4202433968110408,0.6515007762635846
NR-AhR,7,morgan,RF_only,single,,0.7818459739712111,0.4374802984986553,0.2266515872523907,0.5407825886953022
NR-AhR,7,morgan,XGB_only,single,,0.7592576620090852,0.4238237729337802,0.3209695886465162,0.6755218216318786
NR-AhR,7,Graph,GCN_only,single,,0.7687788702968968,0.3680960008748408,0.1681531838269436,0.5606204358576276
NR-AhR,7,morgan,RF+GCN,averaging,,0.7983104287658368,0.45638031700876,0.2954967901260392,0.5622879650393882
NR-AhR,7,morgan,RF+GCN,voting,,0.6041774481053419,0.2688549362216891,0.3418392983031197,0.6039905698349721
NR-AhR,7,morgan,RF+GCN,lr_none,,0.7985068905372511,0.4729778409194246,0.3311387137244009,0.6066931171295498
NR-AhR,7,morgan,RF+GCN,lr_l2,0.1,0.7983056370153144,0.4565148923167424,0.040090028211713,0.5022425392444368
NR-AhR,7,morgan,RF+GCN,lr_l2,1.0,0.7991489851072394,0.4684428484374655,0.3291556816454667,0.594574780058651
NR-AhR,7,morgan,RF+GCN,lr_l2,10.0,0.7987991873191115,0.472401467629665,0.3338400629036739,0.6030993042378241
NR-AhR,7,morgan,RF+XGB,averaging,,0.7811703371475668,0.4511662344316979,0.3767233434566348,0.645261917083549
NR-AhR,7,morgan,RF+XGB,voting,,0.6799374197381788,0.2902600242847051,0.3209695886465162,0.6755218216318786
NR-AhR,7,morgan,RF+XGB,lr_none,,0.7904998754144864,0.4574810242344879,0.3432374735857709,0.6120694612155713
NR-AhR,7,morgan,RF+XGB,lr_l2,0.1,0.776920054434286,0.4474536674727332,0.1904456452847523,0.5237479155885228
NR-AhR,7,morgan,RF+XGB,lr_l2,1.0,0.784807275793993,0.455544309660355,0.3541348575810306,0.6093669139209936
NR-AhR,7,morgan,RF+XGB,lr_l2,10.0,0.7897954880877083,0.4579669015857827,0.3396603877265948,0.6116238284169973
NR-AhR,7,morgan,XGB+GCN,averaging,,0.7870162727847738,0.4594785694470338,0.3841260332845101,0.6519895348168593
NR-AhR,7,morgan,XGB+GCN,voting,,0.6961383282540778,0.3128276660468959,0.3402020725570102,0.6894226898970732
NR-AhR,7,morgan,XGB+GCN,lr_none,,0.7879602476376669,0.4572036822152013,0.3813845093176343,0.6403168305445345
NR-AhR,7,morgan,XGB+GCN,lr_l2,0.1,0.7848072757939931,0.4603515889640619,0.2238577583016251,0.5362975102064286
NR-AhR,7,morgan,XGB+GCN,lr_l2,1.0,0.7872031510551435,0.4588282333335876,0.3745967825834935,0.6277528606750618
NR-AhR,7,morgan,XGB+GCN,lr_l2,10.0,0.7878356621240872,0.4575018273059259,0.3767795669861965,0.635831752055661
NR-AhR,7,morgan,RF+XGB+GCN,averaging,,0.7974670806739119,0.4767406492523623,0.377947504541564,0.6201196020930366
NR-AhR,7,morgan,RF+XGB+GCN,voting,,0.6989031683054454,0.335083539381552,0.3250912778692473,0.5900897015697775
NR-AhR,7,morgan,RF+XGB+GCN,lr_none,,0.8022875816993464,0.4805585208440991,0.38225241886188,0.6385199240986718
NR-AhR,7,morgan,RF+XGB+GCN,lr_l2,0.1,0.7939211852874092,0.4727149647706741,0.2870387690530412,0.5573572537519407
NR-AhR,7,morgan,RF+XGB+GCN,lr_l2,1.0,0.7986698100550094,0.4774147924882598,0.3873955107213572,0.6313322983152205
NR-AhR,7,morgan,RF+XGB+GCN,lr_l2,10.0,0.8017269468882372,0.4790527044463663,0.3909003046352185,0.6416537289402564
NR-AhR,7,maccs,RF_only,single,,0.7713520403273724,0.4026541540330695,0.2243743557096832,0.5488614800759013
NR-AhR,7,maccs,XGB_only,single,,0.7885735917045213,0.4207616594995042,0.3065780062060149,0.662052210913691
NR-AhR,7,Graph,GCN_only,single,,0.7687788702968968,0.3680960008748408,0.1681531838269436,0.5606204358576276
NR-AhR,7,maccs,RF+GCN,averaging,,0.7979414639756197,0.4385529245349038,0.2330817706805807,0.551549652118912
NR-AhR,7,maccs,RF+GCN,voting,,0.6126540547792919,0.2705577948305399,0.3468803186402918,0.6125150940141453
NR-AhR,7,maccs,RF+GCN,lr_none,,0.7988183543212006,0.4407201976294121,0.3135452682263173,0.5968316945546547
NR-AhR,7,maccs,RF+GCN,lr_l2,0.1,0.79769229294846,0.4377184551194371,0.116670294860073,0.5103070553734691
NR-AhR,7,maccs,RF+GCN,lr_l2,1.0,0.7984302225288943,0.4398994375300514,0.2885635010694321,0.5784457478005866
NR-AhR,7,maccs,RF+GCN,lr_l2,10.0,0.7988423130738121,0.4409685476938122,0.3135452682263173,0.5968316945546547
NR-AhR,7,maccs,RF+XGB,averaging,,0.8009506833036244,0.4162310544528023,0.2979335315094736,0.6143695014662757
NR-AhR,7,maccs,RF+XGB,voting,,0.6659670710904106,0.2789211478753537,0.3051591405639581,0.661606578115117
NR-AhR,7,maccs,RF+XGB,lr_none,,0.8003852567419929,0.415113437339463,0.3019599588368022,0.5972917026047956
NR-AhR,7,maccs,RF+XGB,lr_l2,0.1,0.7983727215226266,0.4152899985330571,0.1737471198885385,0.5273417284802484
NR-AhR,7,maccs,RF+XGB,lr_l2,1.0,0.7994125313859658,0.4161109336202428,0.2896705720617751,0.5901184520729112
NR-AhR,7,maccs,RF+XGB,lr_l2,10.0,0.8003037969831138,0.4151654778931576,0.305409957405905,0.5977373354033696
NR-AhR,7,maccs,XGB+GCN,averaging,,0.8032123895501505,0.4428469135624514,0.2962027346162019,0.6157207751135645
NR-AhR,7,maccs,XGB+GCN,voting,,0.688941118969582,0.3047302592442076,0.337994743234864,0.6835719625093439
NR-AhR,7,maccs,XGB+GCN,lr_none,,0.8031932225480611,0.443429455598942,0.3188325737982976,0.6143407509631418
NR-AhR,7,maccs,XGB+GCN,lr_l2,0.1,0.802043202422709,0.440162419131116,0.178244046940871,0.5233022827899488
NR-AhR,7,maccs,XGB+GCN,lr_l2,1.0,0.8032938493090295,0.4433199012270835,0.3073675008147772,0.6035736875395319
NR-AhR,7,maccs,XGB+GCN,lr_l2,10.0,0.803140513292316,0.443268766428491,0.3129926914755828,0.611652578920131
NR-AhR,7,maccs,RF+XGB+GCN,averaging,,0.8081335173365535,0.4478095964501639,0.3116862104660017,0.6004255074463803
NR-AhR,7,maccs,RF+XGB+GCN,voting,,0.6915166848753186,0.3243130916683594,0.3182488662329858,0.5914409752170663
NR-AhR,7,maccs,RF+XGB+GCN,lr_none,,0.8074195465087306,0.449073521193168,0.3313328845722141,0.6143263757115749
NR-AhR,7,maccs,RF+XGB+GCN,lr_l2,0.1,0.8062311923791999,0.4464927986040095,0.2469210605744768,0.5484014720257604
NR-AhR,7,maccs,RF+XGB+GCN,lr_l2,1.0,0.8073524620014185,0.4486983412629123,0.3144435654630036,0.6026680466908171
NR-AhR,7,maccs,RF+XGB+GCN,lr_l2,10.0,0.807333294999329,0.449003291533223,0.3313328845722141,0.6143263757115749
NR-AhR,7,atompair,RF_only,single,,0.8094033312249631,0.5147940687393404,0.2713325933782766,0.5452532919326089
NR-AhR,7,atompair,XGB_only,single,,0.7765654648956357,0.4558593539526722,0.3498809832977052,0.6493444885285493
NR-AhR,7,Graph,GCN_only,single,,0.7687788702968968,0.3680960008748408,0.1681531838269436,0.5606204358576276
NR-AhR,7,atompair,RF+GCN,averaging,,0.7991202346041058,0.4820544974996297,0.2619692719229105,0.5492927376229084
NR-AhR,7,atompair,RF+GCN,voting,,0.5976702508960574,0.2747317112698882,0.3356094378296841,0.5972629521016618
NR-AhR,7,atompair,RF+GCN,lr_none,,0.8052488835221283,0.5096094677396451,0.3935426734568515,0.6259415789776321
NR-AhR,7,atompair,RF+GCN,lr_l2,0.1,0.796417687309528,0.4674967250395115,0.0679363425908276,0.5026881720430108
NR-AhR,7,atompair,RF+GCN,lr_l2,1.0,0.8011088110708603,0.4901032603231066,0.3652996679354335,0.6021792881375424
NR-AhR,7,atompair,RF+GCN,lr_l2,10.0,0.8047457497172867,0.5062987897983953,0.3878077912804415,0.6232534069346214
NR-AhR,7,atompair,RF+XGB,averaging,,0.8028961340156785,0.4917483382785778,0.3565417354620094,0.61564889885573
NR-AhR,7,atompair,RF+XGB,voting,,0.6517523431660054,0.3128470063489368,0.3498809832977052,0.6493444885285493
NR-AhR,7,atompair,RF+XGB,lr_none,,0.8105102255956146,0.507874987289579,0.3837501494511908,0.6228077741360474
NR-AhR,7,atompair,RF+XGB,lr_l2,0.1,0.797102907634217,0.4789176387543625,0.202215177251241,0.5264360876315336
NR-AhR,7,atompair,RF+XGB,lr_l2,1.0,0.8029153010177678,0.4917612871350783,0.3634276230794833,0.606218733827842
NR-AhR,7,atompair,RF+XGB,lr_l2,10.0,0.8093602054702624,0.5060293520041992,0.3837501494511908,0.6228077741360474
NR-AhR,7,atompair,XGB+GCN,averaging,,0.7943476510838939,0.4729687073194827,0.3724671269415434,0.625510321430625
NR-AhR,7,atompair,XGB+GCN,voting,,0.671815402602879,0.3271599863272968,0.3707648310964712,0.6686360761313324
NR-AhR,7,atompair,XGB+GCN,lr_none,,0.7940936883062121,0.4724523473137491,0.3676616001948686,0.6268615950779138
NR-AhR,7,atompair,XGB+GCN,lr_l2,0.1,0.7931017959480957,0.4708381955814883,0.233489820418036,0.5367431430050026
NR-AhR,7,atompair,XGB+GCN,lr_l2,1.0,0.7943380675828494,0.4726547611995294,0.362156939322091,0.6142976252084411
NR-AhR,7,atompair,XGB+GCN,lr_l2,10.0,0.7941511893124797,0.472757936134057,0.3676616001948686,0.6268615950779138
NR-AhR,7,atompair,RF+XGB+GCN,averaging,,0.80358614609089,0.4983300718308491,0.3493006187644711,0.5985998504973837
NR-AhR,7,atompair,RF+XGB+GCN,voting,,0.6730205278592376,0.3500111669236604,0.3329072280610043,0.5779713644988788
NR-AhR,7,atompair,RF+XGB+GCN,lr_none,,0.8041324056504323,0.4985789524990336,0.3835221130954702,0.626847219826347
NR-AhR,7,atompair,RF+XGB+GCN,lr_l2,0.1,0.8000306672033428,0.4883610679426621,0.2705444560643425,0.5519809096659192
NR-AhR,7,atompair,RF+XGB+GCN,lr_l2,1.0,0.8013483985969754,0.4909622549813388,0.377947504541564,0.6201196020930366
NR-AhR,7,atompair,RF+XGB+GCN,lr_l2,10.0,0.8034184348226093,0.4951347509705899,0.3835221130954702,0.626847219826347
NR-AhR,123,morgan,RF_only,single,,0.775774826059456,0.4457910506340367,0.2556731291264432,0.5510896440687711
NR-AhR,123,morgan,XGB_only,single,,0.7592576620090852,0.4238237729337802,0.3209695886465162,0.6755218216318786
NR-AhR,123,Graph,GCN_only,single,,0.7995802426542464,0.4417398093932991,0.3156447334549875,0.6435656373986545
NR-AhR,123,morgan,RF+GCN,averaging,,0.8100645927970408,0.498776252427009,0.3650483324541224,0.6084612730722787
NR-AhR,123,morgan,RF+GCN,voting,,0.6752079619726679,0.3425410731671749,0.4301558271891449,0.6743861767580932
NR-AhR,123,morgan,RF+GCN,lr_none,,0.8078603875567822,0.5075459783652774,0.403990315817523,0.6393968144442528
NR-AhR,123,morgan,RF+GCN,lr_l2,0.1,0.8099208402813716,0.4899602182351628,0.2238577583016251,0.5362975102064286
NR-AhR,123,morgan,RF+GCN,lr_l2,1.0,0.8097722960151803,0.5032908508161628,0.3992224751287981,0.6286297510206429
NR-AhR,123,morgan,RF+GCN,lr_l2,10.0,0.8083683131121461,0.5074757160022139,0.403990315817523,0.6393968144442528
NR-AhR,123,morgan,RF+XGB,averaging,,0.7795315584689398,0.4593240601197382,0.3872493763049978,0.6506382611695705
NR-AhR,123,morgan,RF+XGB,voting,,0.6806226400628679,0.2963312014457406,0.3209695886465162,0.6755218216318786
NR-AhR,123,morgan,RF+XGB,lr_none,,0.7856266651333066,0.465219995112011,0.332694849607808,0.6107325628198493
NR-AhR,123,morgan,RF+XGB,lr_l2,0.1,0.7759089950740804,0.4544061406911115,0.2133755566227393,0.5291242596745444
NR-AhR,123,morgan,RF+XGB,lr_l2,1.0,0.7826941138136584,0.4628019464599431,0.3445800534285479,0.6102725547697085
NR-AhR,123,morgan,RF+XGB,lr_l2,10.0,0.7854445786134592,0.465323720097876,0.33012452622957,0.6084900235754126
NR-AhR,123,morgan,XGB+GCN,averaging,,0.7990723170988825,0.4917577225677235,0.3989885575156269,0.6726323960669311
NR-AhR,123,morgan,XGB+GCN,voting,,0.7267168842121404,0.3627726884218216,0.3707668770962029,0.7136449887873038
NR-AhR,123,morgan,XGB+GCN,lr_none,,0.8014154831042877,0.4897250847471274,0.4070534358806222,0.6555545972054511
NR-AhR,123,morgan,XGB+GCN,lr_l2,0.1,0.7991489851072393,0.4915321070324525,0.3413185143765755,0.5851446150307631
NR-AhR,123,morgan,XGB+GCN,lr_l2,1.0,0.8007590132827325,0.4889596501787174,0.3913686850833087,0.6358173768040941
NR-AhR,123,morgan,XGB+GCN,lr_l2,10.0,0.8013100645927971,0.4894018313284844,0.399641905402115,0.6506238859180036
NR-AhR,123,morgan,RF+XGB+GCN,averaging,,0.805704099821747,0.5069608013770779,0.4028578648811031,0.6452331665804152
NR-AhR,123,morgan,RF+XGB+GCN,voting,,0.7285401452858759,0.3805401805278819,0.3949081369118594,0.636263009602668
NR-AhR,123,morgan,RF+XGB+GCN,lr_none,,0.8102227205642766,0.5126612762582525,0.4062169100920226,0.6456787993789891
NR-AhR,123,morgan,RF+XGB+GCN,lr_l2,0.1,0.8049517949897457,0.503652093320737,0.3738412647581275,0.5985854752458168
NR-AhR,123,morgan,RF+XGB+GCN,lr_l2,1.0,0.8082964368543117,0.5101531860365113,0.4077240670853168,0.6438818929331264
NR-AhR,123,morgan,RF+XGB+GCN,lr_l2,10.0,0.8100837597991298,0.5122950763039669,0.4115506308460719,0.6483669714219998
NR-AhR,123,maccs,RF_only,single,,0.7735706208191977,0.3987434761165154,0.2423753422754032,0.5582772698522225
NR-AhR,123,maccs,XGB_only,single,,0.7885735917045213,0.4207616594995042,0.3065780062060149,0.662052210913691
NR-AhR,123,Graph,GCN_only,single,,0.7995802426542464,0.4417398093932991,0.3156447334549875,0.6435656373986545
NR-AhR,123,maccs,RF+GCN,averaging,,0.8172426350794473,0.4766540012988666,0.2798575784433683,0.5775544822034385
NR-AhR,123,maccs,RF+GCN,voting,,0.6804094071646254,0.3420780050154982,0.4260803690817442,0.6793312632971077
NR-AhR,123,maccs,RF+GCN,lr_none,,0.8177553523853334,0.4760009569476165,0.3596638268321532,0.6219308837904663
NR-AhR,123,maccs,RF+GCN,lr_l2,0.1,0.8156086481513426,0.4742597073562457,0.2028588075305763,0.5309211661204071
NR-AhR,123,maccs,RF+GCN,lr_l2,1.0,0.817161175320568,0.47686241064129,0.3261633693606523,0.6022080386406762
NR-AhR,123,maccs,RF+GCN,lr_l2,10.0,0.8177026431295883,0.4771375368594394,0.3538672337624673,0.6192427117474556
NR-AhR,123,maccs,RF+XGB,averaging,,0.8028625917620225,0.4168362763145312,0.3198327128663503,0.6233252831924558
NR-AhR,123,maccs,RF+XGB,voting,,0.6661347823586913,0.2861152795921465,0.3023444205775929,0.6607153125179691
NR-AhR,123,maccs,RF+XGB,lr_none,,0.8028050907557548,0.4166858030913863,0.2926497717449924,0.5923609913173481
NR-AhR,123,maccs,RF+XGB,lr_l2,0.1,0.8002894217315468,0.4169384709482535,0.1852035077592455,0.5300299005232592
NR-AhR,123,maccs,RF+XGB,lr_l2,1.0,0.8017365303892817,0.4162200631867719,0.2978703002624188,0.5892128112241964
NR-AhR,123,maccs,RF+XGB,lr_l2,10.0,0.8027092557453088,0.416756565867459,0.2997436594296914,0.593252256914496
NR-AhR,123,maccs,XGB+GCN,averaging,,0.8152492668621701,0.481683070847529,0.3845028375492005,0.6663647863837617
NR-AhR,123,maccs,XGB+GCN,voting,,0.7283221206371111,0.3477056356896031,0.3894430835652105,0.7198838479673395
NR-AhR,123,maccs,XGB+GCN,lr_none,,0.815503229639852,0.4833365494965811,0.3528739239776537,0.6304697832212064
NR-AhR,123,maccs,XGB+GCN,lr_l2,0.1,0.8149090525750867,0.4800155463785244,0.2987320586815076,0.5690155827726986
NR-AhR,123,maccs,XGB+GCN,lr_l2,1.0,0.8155846893987311,0.4831678102093831,0.354441713229028,0.6250790638836179
NR-AhR,123,maccs,XGB+GCN,lr_l2,10.0,0.8155223966419411,0.4834842109848815,0.3558312392537338,0.6309154160197804
NR-AhR,123,maccs,RF+XGB+GCN,averaging,,0.8199835163782033,0.4762006448167071,0.3519681182963038,0.6228365246391812
NR-AhR,123,maccs,RF+XGB+GCN,voting,,0.7292876583673548,0.3666746186983805,0.3519681182963038,0.6228365246391812
NR-AhR,123,maccs,RF+XGB+GCN,lr_none,,0.8201464358959614,0.484404839542678,0.3665987950676163,0.6286585015237767
NR-AhR,123,maccs,RF+XGB+GCN,lr_l2,0.1,0.8186897437371822,0.478633775956619,0.2580382935538872,0.5596141682479443
NR-AhR,123,maccs,RF+XGB+GCN,lr_l2,1.0,0.8196337185900753,0.4830525071738483,0.3528306172156218,0.6210396181933184
NR-AhR,123,maccs,RF+XGB+GCN,lr_l2,10.0,0.8200649761370824,0.4840026335084702,0.3609475272826812,0.6259703294807659
NR-AhR,123,atompair,RF_only,single,,0.8131097502539628,0.525939500419199,0.2713325933782766,0.5452532919326089
NR-AhR,123,atompair,XGB_only,single,,0.7765654648956357,0.4558593539526722,0.3498809832977052,0.6493444885285493
NR-AhR,123,Graph,GCN_only,single,,0.7995802426542464,0.4417398093932991,0.3156447334549875,0.6435656373986545
NR-AhR,123,atompair,RF+GCN,averaging,,0.8150671803423228,0.5278389166988309,0.3776334058882058,0.6075556322235639
NR-AhR,123,atompair,RF+GCN,voting,,0.6656891495601173,0.3490605970925592,0.4129633083203508,0.6640791213846242
NR-AhR,123,atompair,RF+GCN,lr_none,,0.8162890767255093,0.5346135396000221,0.4365202374479157,0.6514864010120177
NR-AhR,123,atompair,RF+GCN,lr_l2,0.1,0.8112912809307496,0.505850605291285,0.2129226879323916,0.5313667989189811
NR-AhR,123,atompair,RF+GCN,lr_l2,1.0,0.8142957085082323,0.5235860048823052,0.4268496947519105,0.6420706112356966
NR-AhR,123,atompair,RF+GCN,lr_l2,10.0,0.8160494891993945,0.5334457677473221,0.4327827991736998,0.6510407682134437
NR-AhR,123,atompair,RF+XGB,averaging,,0.802057577674276,0.4976643739659607,0.3700437202411993,0.6192283364958886
NR-AhR,123,atompair,RF+XGB,voting,,0.6517523431660054,0.3128470063489368,0.3498809832977052,0.6493444885285493
NR-AhR,123,atompair,RF+XGB,lr_none,,0.8096668775036896,0.5125114339811805,0.3702552710051051,0.6151888908055891
NR-AhR,123,atompair,RF+XGB,lr_l2,0.1,0.795559963966036,0.4870113461500461,0.1904456452847523,0.5237479155885228
NR-AhR,123,atompair,RF+XGB,lr_l2,1.0,0.8011279780729497,0.4966501629061551,0.3572360584169946,0.6035305617848312
NR-AhR,123,atompair,RF+XGB,lr_l2,10.0,0.8080712245797634,0.5098211761921678,0.3684683185476561,0.6129463515611524
NR-AhR,123,atompair,XGB+GCN,averaging,,0.8089433231748222,0.5065458632704667,0.40583736939449,0.6515151515151515
NR-AhR,123,atompair,XGB+GCN,voting,,0.696013742740498,0.371013583527998,0.3884009989024634,0.6888333045828302
NR-AhR,123,atompair,XGB+GCN,lr_none,,0.8099639660360722,0.5055027481479777,0.4081960761818955,0.6479213386234259
NR-AhR,123,atompair,XGB+GCN,lr_l2,0.1,0.8090008241810898,0.505311396380042,0.3394258238091281,0.5784169972974527
NR-AhR,123,atompair,XGB+GCN,lr_l2,1.0,0.8095710424932437,0.5058389209703127,0.3933871316010488,0.6380599160485309
NR-AhR,123,atompair,XGB+GCN,lr_l2,10.0,0.8099879247886839,0.5060400393674621,0.4081960761818955,0.6479213386234259
NR-AhR,123,atompair,RF+XGB+GCN,averaging,,0.8142765415061433,0.5262932605945434,0.4008252898313056,0.6308722902650796
NR-AhR,123,atompair,RF+XGB+GCN,voting,,0.696636670308397,0.3915350284654608,0.4004745331088539,0.6245903053303432
NR-AhR,123,atompair,RF+XGB+GCN,lr_none,,0.8135673624288426,0.5223228819104282,0.4271965395046547,0.6523920418607325
NR-AhR,123,atompair,RF+XGB+GCN,lr_l2,0.1,0.8119142084986487,0.5179081499963751,0.3336098692394548,0.5802139037433155
NR-AhR,123,atompair,RF+XGB+GCN,lr_l2,1.0,0.8124796350602802,0.519946527458704,0.3985058396342711,0.636708642401242
NR-AhR,123,atompair,RF+XGB+GCN,lr_l2,10.0,0.8132271481417591,0.5218503514014813,0.4271965395046547,0.6523920418607325
NR-AhR,999,morgan,RF_only,single,,0.7705350468633201,0.4434597922828807,0.2361284476183087,0.5434707607383129
NR-AhR,999,morgan,XGB_only,single,,0.7592576620090852,0.4238237729337802,0.3209695886465162,0.6755218216318786
NR-AhR,999,Graph,GCN_only,single,,0.8061880666244994,0.4748704898470757,0.307913382366236,0.6904864585130239
NR-AhR,999,morgan,RF+GCN,averaging,,0.8166436662641596,0.5113023341812841,0.42192786151004,0.6730492783623714
NR-AhR,999,morgan,RF+GCN,voting,,0.7170471316581373,0.3188531509196296,0.356579825995743,0.7109999424989937
NR-AhR,999,morgan,RF+GCN,lr_none,,0.8160686562014835,0.5060616424564061,0.402316577112193,0.6411937208901156
NR-AhR,999,morgan,RF+GCN,lr_l2,0.1,0.8142669580050984,0.5046504532328704,0.1904456452847523,0.5237479155885228
NR-AhR,999,morgan,RF+GCN,lr_l2,1.0,0.8167538765261726,0.5110717970369864,0.4159472797027934,0.6366942671496751
NR-AhR,999,morgan,RF+GCN,lr_l2,10.0,0.8164855384969236,0.5074330718581486,0.3858259580061958,0.6331292047610834
NR-AhR,999,morgan,RF+XGB,averaging,,0.7784390393498553,0.4583983243255844,0.3714058277414478,0.6425737450405382
NR-AhR,999,morgan,RF+XGB,voting,,0.6804932627987657,0.2966460881652072,0.3209695886465162,0.6755218216318786
NR-AhR,999,morgan,RF+XGB,lr_none,,0.7824449427864988,0.4612663907725816,0.3436955727318919,0.6179058133517337
NR-AhR,999,morgan,RF+XGB,lr_l2,0.1,0.7753196097598375,0.4531947805935352,0.1904456452847523,0.5237479155885228
NR-AhR,999,morgan,RF+XGB,lr_l2,1.0,0.7817884729649436,0.4617532297027735,0.3505912169828001,0.6129607268127193
NR-AhR,999,morgan,RF+XGB,lr_l2,10.0,0.7831589136143216,0.4625061792043626,0.3504199322024185,0.6187970789488816
NR-AhR,999,morgan,XGB+GCN,averaging,,0.814722174304717,0.4919825864431774,0.3625426636286595,0.6992553619688344
NR-AhR,999,morgan,XGB+GCN,voting,,0.7462959768462614,0.3414174531824225,0.3421549891744598,0.7223851417399805
NR-AhR,999,morgan,XGB+GCN,lr_none,,0.8162028252161079,0.4956217947477428,0.410730631938292,0.6618365821401875
NR-AhR,999,morgan,XGB+GCN,lr_l2,0.1,0.8157763594196231,0.4942779987779163,0.3538809719376245,0.5882784198723477
NR-AhR,999,morgan,XGB+GCN,lr_l2,1.0,0.8159776129415598,0.4943901727075628,0.4100857400258523,0.6560002300040251
NR-AhR,999,morgan,XGB+GCN,lr_l2,10.0,0.8162076169666304,0.4957311503704099,0.413609428578006,0.6622822149387615
NR-AhR,999,morgan,RF+XGB+GCN,averaging,,0.8172665938320588,0.5060761918486372,0.4087034769937414,0.6780087401529526
NR-AhR,999,morgan,RF+XGB+GCN,voting,,0.7486199758495773,0.3698903116548141,0.3732122707896207,0.6641366223908918
NR-AhR,999,morgan,RF+XGB+GCN,lr_none,,0.8186801602361374,0.5110691440362889,0.3952530091622772,0.64613880742913
NR-AhR,999,morgan,RF+XGB+GCN,lr_l2,0.1,0.8182201521859965,0.5079090387739599,0.3754846458776563,0.6030705537346903
NR-AhR,999,morgan,RF+XGB+GCN,lr_l2,1.0,0.8191641270388899,0.5124110673230433,0.4016320556090612,0.6470300730262779
NR-AhR,999,morgan,RF+XGB+GCN,lr_l2,10.0,0.8187328694918827,0.5113277743454673,0.3867771921253525,0.6430050025875452
NR-AhR,999,maccs,RF_only,single,,0.7581411841373891,0.3927684294908167,0.2361445682417247,0.5537921913633488
NR-AhR,999,maccs,XGB_only,single,,0.7885735917045213,0.4207616594995042,0.3065780062060149,0.662052210913691
NR-AhR,999,Graph,GCN_only,single,,0.8061880666244994,0.4748704898470757,0.307913382366236,0.6904864585130239
NR-AhR,999,maccs,RF+GCN,averaging,,0.8178368121442127,0.4724476191500741,0.3965825778805194,0.6614053245931804
NR-AhR,999,maccs,RF+GCN,voting,,0.7169728595250416,0.3121302447799307,0.3553801873391514,0.7105543097004198
NR-AhR,999,maccs,RF+GCN,lr_none,,0.817237843328925,0.4709320083424735,0.336060149952383,0.622405267092174
NR-AhR,999,maccs,RF+GCN,lr_l2,0.1,0.8144155022712897,0.4712212278094211,0.2019457368460101,0.5286786268759703
NR-AhR,999,maccs,RF+GCN,lr_l2,1.0,0.8159105284342477,0.4689164048427687,0.3226882483132146,0.6093956644241274
NR-AhR,999,maccs,RF+GCN,lr_l2,10.0,0.8169551300481092,0.4703056889826604,0.3390129899951875,0.622850899890748
NR-AhR,999,maccs,RF+XGB,averaging,,0.7988183543212005,0.4175108908572004,0.3168478967214196,0.6210827439480191
NR-AhR,999,maccs,RF+XGB,voting,,0.66640312038794,0.2819694177309796,0.3051591405639581,0.661606578115117
NR-AhR,999,maccs,RF+XGB,lr_none,,0.7984733482835951,0.4176895497993969,0.2887716363787742,0.5955091714104996
NR-AhR,999,maccs,RF+XGB,lr_l2,0.1,0.7971460333889177,0.4156532522973899,0.193661353398371,0.5304755333218332
NR-AhR,999,maccs,RF+XGB,lr_l2,1.0,0.7978743794683073,0.4166120763282041,0.2997436594296914,0.593252256914496
NR-AhR,999,maccs,RF+XGB,lr_l2,10.0,0.7982912617637475,0.4174091476650312,0.2889118177099862,0.5937122649646369
NR-AhR,999,maccs,XGB+GCN,averaging,,0.8234862860100053,0.479301384326264,0.4037122963801272,0.7157869012707723
NR-AhR,999,maccs,XGB+GCN,voting,,0.7494130105610181,0.3259162531541674,0.363505978355253,0.7340003450060375
NR-AhR,999,maccs,XGB+GCN,lr_none,,0.8234910777605275,0.4831396462814878,0.3688957790391053,0.6403312057961015
NR-AhR,999,maccs,XGB+GCN,lr_l2,0.1,0.8235389952657506,0.4811276200453875,0.2582357345569726,0.563653613938244
NR-AhR,999,maccs,XGB+GCN,lr_l2,1.0,0.8235917045214958,0.4824040629307843,0.3528739239776537,0.6304697832212064
NR-AhR,999,maccs,XGB+GCN,lr_l2,10.0,0.8234335767542599,0.4830448008887007,0.3663829111751018,0.6380886665516646
NR-AhR,999,maccs,RF+XGB+GCN,averaging,,0.8246027638817013,0.4663248220417557,0.3539828857224386,0.6551808406647117
NR-AhR,999,maccs,RF+XGB+GCN,voting,,0.7513033561420658,0.3486090766770918,0.3235457193844329,0.6390518084066471
NR-AhR,999,maccs,RF+XGB+GCN,lr_none,,0.8243583846050638,0.4809305333763204,0.3528739239776537,0.6304697832212064
NR-AhR,999,maccs,RF+XGB+GCN,lr_l2,0.1,0.8248663101604279,0.4775841371196017,0.2686756299559097,0.5685843252256915
NR-AhR,999,maccs,RF+XGB+GCN,lr_l2,1.0,0.8244638031165545,0.4798229176958096,0.3040926764896071,0.6067218676326835
NR-AhR,999,maccs,RF+XGB+GCN,lr_l2,10.0,0.8243008835987965,0.4804085348618985,0.3528739239776537,0.6304697832212064
NR-AhR,999,atompair,RF_only,single,,0.8092595787092941,0.5111217976648743,0.2798922858069733,0.5479414639756196
NR-AhR,999,atompair,XGB_only,single,,0.7765654648956357,0.4558593539526722,0.3498809832977052,0.6493444885285493
NR-AhR,999,Graph,GCN_only,single,,0.8061880666244994,0.4748704898470757,0.307913382366236,0.6904864585130239
NR-AhR,999,atompair,RF+GCN,averaging,,0.8184597397121116,0.5317234451086343,0.4258635968845823,0.6699010982692197
NR-AhR,999,atompair,RF+GCN,voting,,0.716134303183639,0.3323562724404348,0.3536841794096678,0.7087574032545569
NR-AhR,999,atompair,RF+GCN,lr_none,,0.8196433020911198,0.5335438055628328,0.4307531769242531,0.6528376746593065
NR-AhR,999,atompair,RF+GCN,lr_l2,0.1,0.813543403676231,0.5207906833324807,0.2363350192800726,0.532258064516129
NR-AhR,999,atompair,RF+GCN,lr_l2,1.0,0.8166867920188603,0.5281727749188845,0.4112460226233371,0.6443275257317003
NR-AhR,999,atompair,RF+GCN,lr_l2,10.0,0.8191785022904566,0.532796647075097,0.4307531769242531,0.6528376746593065
NR-AhR,999,atompair,RF+XGB,averaging,,0.7989573150863474,0.4960664072100683,0.3682679722176692,0.6210252429417515
NR-AhR,999,atompair,RF+XGB,voting,,0.6544381193337551,0.3158430358785493,0.3549567755578375,0.6520326605715601
NR-AhR,999,atompair,RF+XGB,lr_none,,0.8082533110996111,0.512947958221684,0.3684683185476561,0.6129463515611524
NR-AhR,999,atompair,RF+XGB,lr_l2,0.1,0.7941272305598682,0.4833071684318289,0.1904456452847523,0.5237479155885228
NR-AhR,999,atompair,RF+XGB,lr_l2,1.0,0.7995083663964119,0.4968347830006497,0.3509693124704285,0.6008423897418205
NR-AhR,999,atompair,RF+XGB,lr_l2,10.0,0.8065953654188949,0.5104044671555914,0.3684683185476561,0.6129463515611524
NR-AhR,999,atompair,XGB+GCN,averaging,,0.8179182719030917,0.5063505788390393,0.4099293074527685,0.6869932723822667
NR-AhR,999,atompair,XGB+GCN,voting,,0.7305383052536752,0.3483183807896051,0.3507377104640057,0.7132856074981313
NR-AhR,999,atompair,XGB+GCN,lr_none,,0.8164663714948344,0.5050529558725836,0.3913271568453617,0.6474900810764188
NR-AhR,999,atompair,XGB+GCN,lr_l2,0.1,0.8177074348801106,0.5054952226846909,0.3125475773856652,0.5806739117934564
NR-AhR,999,atompair,XGB+GCN,lr_l2,1.0,0.8171036743143006,0.5058561718941369,0.399548190408557,0.6447875337818412
NR-AhR,999,atompair,XGB+GCN,lr_l2,10.0,0.8165526230042359,0.505123569610684,0.3913271568453617,0.6474900810764188
NR-AhR,999,atompair,RF+XGB+GCN,averaging,,0.8225087689034558,0.524767924335511,0.4070534358806222,0.6555545972054511
NR-AhR,999,atompair,RF+XGB+GCN,voting,,0.7326131332298316,0.3831876196402095,0.3791932293411187,0.6475044563279857
NR-AhR,999,atompair,RF+XGB+GCN,lr_none,,0.8194947578249286,0.5299469309329528,0.4149553437213952,0.6488126042205739
NR-AhR,999,atompair,RF+XGB+GCN,lr_l2,0.1,0.8196049680869415,0.5187765656536961,0.3396640426380535,0.5914265999654994
NR-AhR,999,atompair,RF+XGB+GCN,lr_l2,1.0,0.8191210012841891,0.522093661519404,0.4077240670853168,0.6438818929331264
NR-AhR,999,atompair,RF+XGB+GCN,lr_l2,10.0,0.8194180898165719,0.5273109662770651,0.4149553437213952,0.6488126042205739
NR-AR,42,morgan,RF_only,single,,0.7556157624369142,0.4603043342535819,0.4984643634996538,0.6548080389329488
NR-AR,42,morgan,XGB_only,single,,0.7078789653929344,0.3849209688672781,0.3022135405620817,0.6793326423936554
NR-AR,42,Graph,GCN_only,single,,0.6911274333093007,0.2764870873386174,0.3348042178380058,0.7084197007930786
NR-AR,42,morgan,RF+GCN,averaging,,0.7410609679163663,0.4632991771337377,0.4900068595039105,0.697717645998558
NR-AR,42,morgan,RF+GCN,voting,,0.7099855803893295,0.3387985707722096,0.4274041847834933,0.7072143114635905
NR-AR,42,morgan,RF+GCN,lr_none,,0.7514813896899782,0.4716195510940231,0.5101922239415823,0.6551685291997116
NR-AR,42,morgan,RF+GCN,lr_l2,0.1,0.7386839852198991,0.4590129471092402,0.0,0.5
NR-AR,42,morgan,RF+GCN,lr_l2,1.0,0.7453305245133381,0.4709377132195121,0.4757914715221985,0.6171875
NR-AR,42,morgan,RF+GCN,lr_l2,10.0,0.7503773882480175,0.4738071865917563,0.5226875941791047,0.6555290194664745
NR-AR,42,morgan,RF+XGB,averaging,,0.7364703496755588,0.4236387142864101,0.4374840969294498,0.6806506849315068
NR-AR,42,morgan,RF+XGB,voting,,0.6861819574621486,0.3131000671700676,0.3022135405620817,0.6793326423936554
NR-AR,42,morgan,RF+XGB,lr_none,,0.7560044160057678,0.4616566371211472,0.4984643634996538,0.6548080389329488
NR-AR,42,morgan,RF+XGB,lr_l2,0.1,0.735242429704398,0.4225364293847262,0.0,0.5
NR-AR,42,morgan,RF+XGB,lr_l2,1.0,0.7450432588320115,0.4364938935637888,0.4927805869592245,0.6399040194664745
NR-AR,42,morgan,RF+XGB,lr_l2,10.0,0.7571309480894016,0.4552516438414125,0.4833195320242294,0.6469955389329488
NR-AR,42,morgan,XGB+GCN,averaging,,0.7263090302811824,0.4417323601402704,0.4233011453381479,0.7068538211968276
NR-AR,42,morgan,XGB+GCN,voting,,0.7193695926459985,0.2860698905262824,0.31675532766118,0.7108248467916366
NR-AR,42,morgan,XGB+GCN,lr_none,,0.7263540915645278,0.440836905577712,0.4639930585077455,0.6317310291997116
NR-AR,42,morgan,XGB+GCN,lr_l2,0.1,0.7255542537851478,0.4415928804365818,0.0,0.5
NR-AR,42,morgan,XGB+GCN,lr_l2,1.0,0.7262301730353281,0.4414326208023185,0.407010102891156,0.5933895097332371
NR-AR,42,morgan,XGB+GCN,lr_l2,10.0,0.72628649963951,0.4409648788494365,0.4639930585077455,0.6317310291997116
NR-AR,42,morgan,RF+XGB+GCN,averaging,,0.740154109589041,0.4563038309059957,0.4834270516179823,0.6973571557317952
NR-AR,42,morgan,RF+XGB+GCN,voting,,0.7209016762797404,0.3495026122344299,0.4770459704338458,0.6757221070656092
NR-AR,42,morgan,RF+XGB+GCN,lr_none,,0.7529740447007931,0.4706132440285503,0.5101922239415823,0.6551685291997116
NR-AR,42,morgan,RF+XGB+GCN,lr_l2,0.1,0.7387008832011536,0.4598656817642592,0.0,0.5
NR-AR,42,morgan,RF+XGB+GCN,lr_l2,1.0,0.7446264419610671,0.4635545611648559,0.5079367235710245,0.6477165194664745
NR-AR,42,morgan,RF+XGB+GCN,lr_l2,10.0,0.753143024513338,0.4690699738691539,0.5101922239415823,0.6551685291997116
NR-AR,42,maccs,RF_only,single,,0.6934142934390772,0.3898504422319967,0.4494963499523081,0.6813716654650324
NR-AR,42,maccs,XGB_only,single,,0.6846667718096612,0.3247757997309767,0.2689895866572777,0.6837824441240086
NR-AR,42,Graph,GCN_only,single,,0.6911274333093007,0.2764870873386174,0.3348042178380058,0.7084197007930786
NR-AR,42,maccs,RF+GCN,averaging,,0.7079409246575342,0.4487326039011066,0.432875647997697,0.69411274333093
NR-AR,42,maccs,RF+GCN,voting,,0.715342240447008,0.3064388422420177,0.409362565606707,0.7121428893294881
NR-AR,42,maccs,RF+GCN,lr_none,,0.7076029650324442,0.4384099164139743,0.4756800186427303,0.6246395097332371
NR-AR,42,maccs,RF+GCN,lr_l2,0.1,0.7079859859408797,0.4487508555735557,0.0,0.5
NR-AR,42,maccs,RF+GCN,lr_l2,1.0,0.708233822999279,0.4495395098930056,0.4426296239584098,0.6015625
NR-AR,42,maccs,RF+GCN,lr_l2,10.0,0.7077606795241529,0.4416899539977963,0.4757914715221985,0.6171875
NR-AR,42,maccs,RF+XGB,averaging,,0.6910542087238645,0.3768083087978117,0.3373108594968905,0.6783694574621485
NR-AR,42,maccs,RF+XGB,voting,,0.6934480894015862,0.2652955895543846,0.2645538994539149,0.6827009733237203
NR-AR,42,maccs,RF+XGB,lr_none,,0.6944901315789473,0.3840962621211781,0.4402864969220554,0.631010048666186
NR-AR,42,maccs,RF+XGB,lr_l2,0.1,0.6907838410237923,0.3767598598289063,0.0,0.5
NR-AR,42,maccs,RF+XGB,lr_l2,1.0,0.6927327415284787,0.3801114243891069,0.3951448682315022,0.6004810291997116
NR-AR,42,maccs,RF+XGB,lr_l2,10.0,0.6939156002162942,0.3823945492312562,0.4236260064040208,0.623197548666186
NR-AR,42,maccs,XGB+GCN,averaging,,0.7130384823359769,0.4029698176276973,0.3626514888548591,0.7003649963950973
NR-AR,42,maccs,XGB+GCN,voting,,0.7205637166546505,0.2609284065429055,0.2865486659742457,0.7092645998558038
NR-AR,42,maccs,XGB+GCN,lr_none,,0.7130948089401585,0.402599646523795,0.4564468401068766,0.638822548666186
NR-AR,42,maccs,XGB+GCN,lr_l2,0.1,0.7129596250901226,0.401334757724604,0.0,0.5
NR-AR,42,maccs,XGB+GCN,lr_l2,1.0,0.7130497476568132,0.4015219691051357,0.4094253647999,0.6008415194664745
NR-AR,42,maccs,XGB+GCN,lr_l2,10.0,0.7131173395818313,0.40272859502252,0.451729578793022,0.6313705389329488
NR-AR,42,maccs,RF+XGB+GCN,averaging,,0.7085548846431147,0.4284972860572432,0.3976179094799731,0.6912288211968276
NR-AR,42,maccs,RF+XGB+GCN,voting,,0.7221971881759193,0.3180348654879958,0.429437191284547,0.6870212238644556
NR-AR,42,maccs,RF+XGB+GCN,lr_none,,0.7086112112472963,0.4304955321023172,0.4771828642780682,0.6320915194664745
NR-AR,42,maccs,RF+XGB+GCN,lr_l2,0.1,0.7085886806056237,0.4268712298395903,0.0,0.5
NR-AR,42,maccs,RF+XGB+GCN,lr_l2,1.0,0.7085436193222784,0.4286525795579731,0.4757914715221985,0.6171875
NR-AR,42,maccs,RF+XGB+GCN,lr_l2,10.0,0.7086675378514782,0.4302783744230781,0.4914251940234755,0.6324520097332371
NR-AR,42,atompair,RF_only,single,,0.7197638788752704,0.4259579284880257,0.4616334196542033,0.6462745583994232
NR-AR,42,atompair,XGB_only,single,,0.7244558850036049,0.3905257017464565,0.3833218087881859,0.676685291997116
NR-AR,42,Graph,GCN_only,single,,0.6911274333093007,0.2764870873386174,0.3348042178380058,0.7084197007930786
NR-AR,42,atompair,RF+GCN,averaging,,0.7240953947368421,0.4475668355156861,0.4691877525722406,0.6824531362653208
NR-AR,42,atompair,RF+GCN,voting,,0.7017787941600577,0.3188945417736984,0.4105464194219393,0.6990413211968276
NR-AR,42,atompair,RF+GCN,lr_none,,0.7366900234318674,0.4477834111410889,0.4564468401068766,0.638822548666186
NR-AR,42,atompair,RF+GCN,lr_l2,0.1,0.7208509823359769,0.4438393355842375,0.0,0.5
NR-AR,42,atompair,RF+GCN,lr_l2,1.0,0.7293675648882482,0.4548207301555662,0.4476577977108652,0.6239185291997116
NR-AR,42,atompair,RF+GCN,lr_l2,10.0,0.7358338590483057,0.449021302149091,0.4564468401068766,0.638822548666186
NR-AR,42,atompair,RF+XGB,averaging,,0.7130215843547225,0.4051489026719491,0.4208752246758127,0.6657466654650324
NR-AR,42,atompair,RF+XGB,voting,,0.6866945295602019,0.2875314242528664,0.3967576710874007,0.684497791997116
NR-AR,42,atompair,RF+XGB,lr_none,,0.7143170962509012,0.4217993282748673,0.4616334196542033,0.6462745583994232
NR-AR,42,atompair,RF+XGB,lr_l2,0.1,0.7145987292718097,0.4030965318085729,0.0,0.5
NR-AR,42,atompair,RF+XGB,lr_l2,1.0,0.7116922764960346,0.4087567393313394,0.4721482598961755,0.646635048666186
NR-AR,42,atompair,RF+XGB,lr_l2,10.0,0.7125709715212689,0.4191763201066055,0.4770130619234589,0.6540870583994232
NR-AR,42,atompair,XGB+GCN,averaging,,0.7353381849315069,0.4111922303632799,0.4280499449824691,0.6937522530641673
NR-AR,42,atompair,XGB+GCN,voting,,0.7047922674837779,0.3265262672724965,0.3517719415064352,0.6989230353280461
NR-AR,42,atompair,XGB+GCN,lr_none,,0.7372194935111752,0.4174609051236032,0.4969339158492848,0.6693515681326604
NR-AR,42,atompair,XGB+GCN,lr_l2,0.1,0.7348988374188897,0.4123008186708874,0.0,0.5
NR-AR,42,atompair,XGB+GCN,lr_l2,1.0,0.7366787581110309,0.4176298109579871,0.4458321562926972,0.6384620583994232
NR-AR,42,atompair,XGB+GCN,lr_l2,10.0,0.7371519015861572,0.4174527764593476,0.5066283033011318,0.6697120583994232
NR-AR,42,atompair,RF+XGB+GCN,averaging,,0.729705524513338,0.4400752633136428,0.4836073013508443,0.6831741167988464
NR-AR,42,atompair,RF+XGB+GCN,voting,,0.7053217375630858,0.3429558247882739,0.5162517615081305,0.6846160778658976
NR-AR,42,atompair,RF+XGB+GCN,lr_none,,0.7321275684931506,0.4463946962409453,0.4721482598961755,0.646635048666186
NR-AR,42,atompair,RF+XGB+GCN,lr_l2,0.1,0.7296379325883201,0.4388777768297243,0.0,0.5
NR-AR,42,atompair,RF+XGB+GCN,lr_l2,1.0,0.7288831560922855,0.4427117904898955,0.4721482598961755,0.646635048666186
NR-AR,42,atompair,RF+XGB+GCN,lr_l2,10.0,0.7295590753424658,0.4447516884427253,0.4721482598961755,0.646635048666186
NR-AR,1,morgan,RF_only,single,,0.7403343547224225,0.4555994209188743,0.5023144931579573,0.662260048666186
NR-AR,1,morgan,XGB_only,single,,0.7078789653929344,0.3849209688672781,0.3022135405620817,0.6793326423936554
NR-AR,1,Graph,GCN_only,single,,0.6883674297043979,0.2811651162705426,0.3207873124782582,0.705896268925739
NR-AR,1,morgan,RF+GCN,averaging,,0.730240627253064,0.4611871048264169,0.4649709256074947,0.6962756849315068
NR-AR,1,morgan,RF+GCN,voting,,0.7084872927180966,0.3297141316605966,0.4041327384505799,0.7050513698630136
NR-AR,1,morgan,RF+GCN,lr_none,,0.7385319033886084,0.4674496206451153,0.5370649158589351,0.6633415194664745
NR-AR,1,morgan,RF+GCN,lr_l2,0.1,0.7280776856524874,0.4574950989783191,0.0,0.5
NR-AR,1,morgan,RF+GCN,lr_l2,1.0,0.7343186733958184,0.4720336628824782,0.4757914715221985,0.6171875
NR-AR,1,morgan,RF+GCN,lr_l2,10.0,0.7376081470800289,0.4688137065155359,0.5370649158589351,0.6633415194664745
NR-AR,1,morgan,RF+XGB,averaging,,0.7260161319394377,0.4270737322660144,0.4317744442781471,0.680290194664744
NR-AR,1,morgan,RF+XGB,voting,,0.6865537130497477,0.3238926396338357,0.3022135405620817,0.6793326423936554
NR-AR,1,morgan,RF+XGB,lr_none,,0.7415735400144197,0.4555864868320923,0.5247804671031321,0.6629810291997116
NR-AR,1,morgan,RF+XGB,lr_l2,0.1,0.725227559480894,0.4259649733703722,0.0,0.5
NR-AR,1,morgan,RF+XGB,lr_l2,1.0,0.7311080569574621,0.4356834775692449,0.4927805869592245,0.6399040194664745
NR-AR,1,morgan,RF+XGB,lr_l2,10.0,0.7406385183850035,0.4508526869918736,0.5101922239415823,0.6551685291997116
NR-AR,1,morgan,XGB+GCN,averaging,,0.7269173576063447,0.4375317089962262,0.4192926750867597,0.7064933309300649
NR-AR,1,morgan,XGB+GCN,voting,,0.7251712328767123,0.2550576133109411,0.3219486624082852,0.7175558759913483
NR-AR,1,morgan,XGB+GCN,lr_none,,0.7269511535688535,0.4367848393483662,0.4402864969220554,0.631010048666186
NR-AR,1,morgan,XGB+GCN,lr_l2,0.1,0.7258471521268925,0.4392002897384001,0.0,0.5
NR-AR,1,morgan,XGB+GCN,lr_l2,1.0,0.7268835616438355,0.4390966074441861,0.4426084181610493,0.6090145097332371
NR-AR,1,morgan,XGB+GCN,lr_l2,10.0,0.72696241888969,0.4370801686112269,0.4402864969220554,0.631010048666186
NR-AR,1,morgan,RF+XGB+GCN,averaging,,0.7319304253785148,0.4580346613074497,0.4843324825453491,0.7044486751982697
NR-AR,1,morgan,RF+XGB+GCN,voting,,0.7271877253064167,0.3369277611384256,0.4404514468453046,0.6668281362653208
NR-AR,1,morgan,RF+XGB+GCN,lr_none,,0.7396584354722423,0.4663626079006466,0.5370649158589351,0.6633415194664745
NR-AR,1,morgan,RF+XGB+GCN,lr_l2,0.1,0.7309954037490988,0.4599507595967626,0.0,0.5
NR-AR,1,morgan,RF+XGB+GCN,lr_l2,1.0,0.7336202235039653,0.46496733239512,0.5226875941791047,0.6555290194664745
NR-AR,1,morgan,RF+XGB+GCN,lr_l2,10.0,0.7390951694304253,0.4671910804826887,0.5370649158589351,0.6633415194664745
NR-AR,1,maccs,RF_only,single,,0.7080930064888248,0.3888952713095635,0.4763228808219494,0.689905145998558
NR-AR,1,maccs,XGB_only,single,,0.6846667718096612,0.3247757997309767,0.2689895866572777,0.6837824441240086
NR-AR,1,Graph,GCN_only,single,,0.6883674297043979,0.2811651162705426,0.3207873124782582,0.705896268925739
NR-AR,1,maccs,RF+GCN,averaging,,0.7143508922134103,0.4441595475352395,0.4233549721540965,0.6933917627974044
NR-AR,1,maccs,RF+GCN,voting,,0.714846566330209,0.3196549714572535,0.395857268201732,0.7107009282624369
NR-AR,1,maccs,RF+GCN,lr_none,,0.71641244592646,0.4336736467570377,0.4756800186427303,0.6246395097332371
NR-AR,1,maccs,RF+GCN,lr_l2,0.1,0.714339626892574,0.443871883160528,0.0,0.5
NR-AR,1,maccs,RF+GCN,lr_l2,1.0,0.7151619953136265,0.4368104815409366,0.4426296239584098,0.6015625
NR-AR,1,maccs,RF+GCN,lr_l2,10.0,0.7161420782263879,0.4355836366944692,0.4594259606474347,0.6168270097332371
NR-AR,1,maccs,RF+XGB,averaging,,0.6986245043258832,0.3772845325257244,0.3373108594968905,0.6783694574621485
NR-AR,1,maccs,RF+XGB,voting,,0.702358958183129,0.2852041058305439,0.2778935712893565,0.6912344538572459
NR-AR,1,maccs,RF+XGB,lr_none,,0.7044712058399423,0.3842092538123484,0.4352055300562665,0.6235580389329488
NR-AR,1,maccs,RF+XGB,lr_l2,0.1,0.6982752793799568,0.3773604566941324,0.0,0.5
NR-AR,1,maccs,RF+XGB,lr_l2,1.0,0.7008325072098053,0.3794004713712282,0.3762423114387508,0.5926685291997116
NR-AR,1,maccs,RF+XGB,lr_l2,10.0,0.704054388968998,0.3843282017192084,0.4181327311436622,0.6157455389329488
NR-AR,1,maccs,XGB+GCN,averaging,,0.7172517123287673,0.3960363863688594,0.3626514888548591,0.7003649963950973
NR-AR,1,maccs,XGB+GCN,voting,,0.7191330209084354,0.2402887593263028,0.2824884394521907,0.7081831290555155
NR-AR,1,maccs,XGB+GCN,lr_none,,0.7174319574621486,0.3944573454370927,0.4402864969220554,0.631010048666186
NR-AR,1,maccs,XGB+GCN,lr_l2,0.1,0.7173756308579669,0.3955785667226276,0.0,0.5
NR-AR,1,maccs,XGB+GCN,lr_l2,1.0,0.7173756308579667,0.3939853801235137,0.4594259606474347,0.6168270097332371
NR-AR,1,maccs,XGB+GCN,lr_l2,10.0,0.7174432227829848,0.3945644211322757,0.4402864969220554,0.631010048666186
NR-AR,1,maccs,RF+XGB+GCN,averaging,,0.7171728550829127,0.4244349903802333,0.3936886540603853,0.6908683309300649
NR-AR,1,maccs,RF+XGB+GCN,voting,,0.7225351478010094,0.3274802763005942,0.4280499449824691,0.6937522530641673
NR-AR,1,maccs,RF+XGB+GCN,lr_none,,0.7176910598413843,0.423006824772148,0.4132964587140786,0.6082935291997116
NR-AR,1,maccs,RF+XGB+GCN,lr_l2,0.1,0.717048936553713,0.4245388050572392,0.0,0.5
NR-AR,1,maccs,RF+XGB+GCN,lr_l2,1.0,0.717375630857967,0.4254230829134433,0.4594982665083161,0.609375
NR-AR,1,maccs,RF+XGB+GCN,lr_l2,10.0,0.7175671413121846,0.4233514934649878,0.4272854144394684,0.6086540194664745
NR-AR,1,atompair,RF_only,single,,0.706797494592646,0.4261560134769949,0.5023144931579573,0.662260048666186
NR-AR,1,atompair,XGB_only,single,,0.7244558850036049,0.3905257017464565,0.3833218087881859,0.676685291997116
NR-AR,1,Graph,GCN_only,single,,0.6883674297043979,0.2811651162705426,0.3207873124782582,0.705896268925739
NR-AR,1,atompair,RF+GCN,averaging,,0.7284381759192502,0.4459321241839478,0.4697516047281093,0.6895446557317952
NR-AR,1,atompair,RF+GCN,voting,,0.7081155371304975,0.3112070499741671,0.4041327384505799,0.7050513698630136
NR-AR,1,atompair,RF+GCN,lr_none,,0.7403118240807498,0.4511564295975782,0.4616334196542033,0.6462745583994232
NR-AR,1,atompair,RF+GCN,lr_l2,0.1,0.724855803893295,0.440430351615527,0.0,0.5
NR-AR,1,atompair,RF+GCN,lr_l2,1.0,0.7337328767123288,0.4522047283185221,0.4476577977108652,0.6239185291997116
NR-AR,1,atompair,RF+GCN,lr_l2,10.0,0.7396697007930786,0.4536162062123381,0.4721482598961755,0.646635048666186
NR-AR,1,atompair,RF+XGB,averaging,,0.7076874549387165,0.4057377634930035,0.4292410951765069,0.6731986751982697
NR-AR,1,atompair,RF+XGB,voting,,0.6870043258832012,0.3045176931922603,0.3967576710874007,0.684497791997116
NR-AR,1,atompair,RF+XGB,lr_none,,0.7042515320836338,0.4204133723217297,0.4770130619234589,0.6540870583994232
NR-AR,1,atompair,RF+XGB,lr_l2,0.1,0.7090730894015862,0.4059801739956521,0.0,0.5
NR-AR,1,atompair,RF+XGB,lr_l2,1.0,0.7066735760634464,0.410638005471134,0.4874268692255479,0.654447548666186
NR-AR,1,atompair,RF+XGB,lr_l2,10.0,0.7042853280461427,0.4177734325830029,0.4770130619234589,0.6540870583994232
NR-AR,1,atompair,XGB+GCN,averaging,,0.7392472512617159,0.4192901973397243,0.4233549721540965,0.6933917627974044
NR-AR,1,atompair,XGB+GCN,voting,,0.7108811733958184,0.288066188131285,0.355736722119799,0.7056540645277578
NR-AR,1,atompair,XGB+GCN,lr_none,,0.740351252703677,0.4191451271951629,0.4578319098003059,0.6533660778658976
NR-AR,1,atompair,XGB+GCN,lr_l2,0.1,0.7389092916366258,0.4192351680163414,0.0,0.5
NR-AR,1,atompair,XGB+GCN,lr_l2,1.0,0.7397541906993511,0.4181208290267299,0.4458321562926972,0.6384620583994232
NR-AR,1,atompair,XGB+GCN,lr_l2,10.0,0.7402611301369864,0.4192684377272383,0.4671649681243247,0.6537265681326604
NR-AR,1,atompair,RF+XGB+GCN,averaging,,0.7398386806056236,0.4380370147960616,0.4831354657216161,0.6902656362653208
NR-AR,1,atompair,RF+XGB+GCN,voting,,0.7121428893294881,0.3326245264959564,0.4992337994911113,0.6838950973323721
NR-AR,1,atompair,RF+XGB+GCN,lr_none,,0.7376644736842105,0.4436212111059645,0.4721482598961755,0.646635048666186
NR-AR,1,atompair,RF+XGB+GCN,lr_l2,0.1,0.7388248017303534,0.4400602245187395,0.0,0.5
NR-AR,1,atompair,RF+XGB+GCN,lr_l2,1.0,0.7396471701514059,0.4401458305255859,0.4721482598961755,0.646635048666186
NR-AR,1,atompair,RF+XGB+GCN,lr_l2,10.0,0.7373715753424659,0.4436987989078716,0.4721482598961755,0.646635048666186
NR-AR,7,morgan,RF_only,single,,0.7522643294881038,0.462804920460569,0.4920021500365479,0.6618995583994232
NR-AR,7,morgan,XGB_only,single,,0.7078789653929344,0.3849209688672781,0.3022135405620817,0.6793326423936554
NR-AR,7,Graph,GCN_only,single,,0.6932791095890412,0.3029263041659887,0.326133491595124,0.6769274963950973
NR-AR,7,morgan,RF+GCN,averaging,,0.7317670782263879,0.468173525703523,0.5209161919052056,0.6775245583994232
NR-AR,7,morgan,RF+GCN,voting,,0.6987991167988464,0.3729150257622001,0.4834270516179823,0.6973571557317952
NR-AR,7,morgan,RF+GCN,lr_none,,0.7480116708723865,0.4706374995639993,0.5370649158589351,0.6633415194664745
NR-AR,7,morgan,RF+GCN,lr_l2,0.1,0.73009981074261,0.4645978724569967,0.0,0.5
NR-AR,7,morgan,RF+GCN,lr_l2,1.0,0.7388079037490988,0.4793264262531531,0.4594982665083161,0.609375
NR-AR,7,morgan,RF+GCN,lr_l2,10.0,0.7458036679884642,0.4772147312646828,0.5226875941791047,0.6555290194664745
NR-AR,7,morgan,RF+XGB,averaging,,0.732369772891132,0.4275931814031474,0.4208942737550794,0.6795692141312184
NR-AR,7,morgan,RF+XGB,voting,,0.6862608147080029,0.303475972967169,0.3022135405620817,0.6793326423936554
NR-AR,7,morgan,RF+XGB,lr_none,,0.7526698810382119,0.4636237713265604,0.4920021500365479,0.6618995583994232
NR-AR,7,morgan,RF+XGB,lr_l2,0.1,0.7316825883201153,0.4264508335425269,0.0,0.5
NR-AR,7,morgan,RF+XGB,lr_l2,1.0,0.7409877433309302,0.4404210843604407,0.5079367235710245,0.6477165194664745
NR-AR,7,morgan,RF+XGB,lr_l2,10.0,0.7528163302090843,0.4575975782716196,0.4874268692255479,0.654447548666186
NR-AR,7,morgan,XGB+GCN,averaging,,0.7147508111031002,0.4424625041329132,0.4975213240961861,0.7122611751982697
NR-AR,7,morgan,XGB+GCN,voting,,0.714542402667628,0.3083759871414424,0.3327220636340392,0.7080592105263157
NR-AR,7,morgan,XGB+GCN,lr_none,,0.714840933669791,0.441737142330738,0.4915665068554009,0.625
NR-AR,7,morgan,XGB+GCN,lr_l2,0.1,0.7142776676279741,0.4426699575407837,0.0,0.5
NR-AR,7,morgan,XGB+GCN,lr_l2,1.0,0.7146944844989185,0.442734744971182,0.4594982665083161,0.609375
NR-AR,7,morgan,XGB+GCN,lr_l2,10.0,0.714807137707282,0.4419056082136228,0.4757914715221985,0.6171875
NR-AR,7,morgan,RF+XGB+GCN,averaging,,0.7269736842105263,0.4629741116264722,0.4975486841120208,0.6909866167988464
NR-AR,7,morgan,RF+XGB+GCN,voting,,0.7163955479452055,0.3763721408370265,0.4789272490987068,0.6686305875991347
NR-AR,7,morgan,RF+XGB+GCN,lr_none,,0.7491438356164384,0.4702038586745765,0.5370649158589351,0.6633415194664745
NR-AR,7,morgan,RF+XGB+GCN,lr_l2,0.1,0.7261625811103101,0.4634362832126262,0.0,0.5
NR-AR,7,morgan,RF+XGB+GCN,lr_l2,1.0,0.7334287130497477,0.4690117171228767,0.5360402959600257,0.6558895097332371
NR-AR,7,morgan,RF+XGB+GCN,lr_l2,10.0,0.7461021989906272,0.4718104037846147,0.5226875941791047,0.6555290194664745
NR-AR,7,maccs,RF_only,single,,0.6980330749819755,0.394052941318245,0.4697516047281093,0.6895446557317952
NR-AR,7,maccs,XGB_only,single,,0.6846667718096612,0.3247757997309767,0.2689895866572777,0.6837824441240086
NR-AR,7,Graph,GCN_only,single,,0.6932791095890412,0.3029263041659887,0.326133491595124,0.6769274963950973
NR-AR,7,maccs,RF+GCN,averaging,,0.7011986301369862,0.4363280375312122,0.4992337994911113,0.6838950973323721
NR-AR,7,maccs,RF+GCN,voting,,0.696748828406633,0.3516650257622001,0.4378385318387485,0.6944732335976929
NR-AR,7,maccs,RF+GCN,lr_none,,0.7052316149963952,0.4405512215797447,0.4594259606474347,0.6168270097332371
NR-AR,7,maccs,RF+GCN,lr_l2,0.1,0.7018069574621486,0.4393833580370507,0.0,0.5
NR-AR,7,maccs,RF+GCN,lr_l2,1.0,0.7036995313626531,0.4422952640092604,0.4068771868007457,0.5859375
NR-AR,7,maccs,RF+GCN,lr_l2,10.0,0.7048035328046143,0.4411530926455309,0.4757914715221985,0.6171875
NR-AR,7,maccs,RF+XGB,averaging,,0.6888687364816152,0.3791294234108737,0.3246825406981536,0.6705569574621485
NR-AR,7,maccs,RF+XGB,voting,,0.7014126712328766,0.268756800303437,0.276388518645789,0.690873963590483
NR-AR,7,maccs,RF+XGB,lr_none,,0.6923271899783706,0.3851691451482698,0.4639930585077455,0.6317310291997116
NR-AR,7,maccs,RF+XGB,lr_l2,0.1,0.6887560832732517,0.3787279244792991,0.0,0.5
NR-AR,7,maccs,RF+XGB,lr_l2,1.0,0.6905923305695747,0.3799938832553511,0.3762423114387508,0.5926685291997116
NR-AR,7,maccs,RF+XGB,lr_l2,10.0,0.6918540465032444,0.3844075619236342,0.4639930585077455,0.6317310291997116
NR-AR,7,maccs,XGB+GCN,averaging,,0.7098166005767845,0.4030554967156444,0.3652704146853709,0.6879844087959626
NR-AR,7,maccs,XGB+GCN,voting,,0.7076761896178803,0.2975206574488858,0.2821933422688436,0.6976049927901946
NR-AR,7,maccs,XGB+GCN,lr_none,,0.7098729271809662,0.4030603710701192,0.4476577977108652,0.6239185291997116
NR-AR,7,maccs,XGB+GCN,lr_l2,0.1,0.7100193763518385,0.4018582959193136,0.0,0.5
NR-AR,7,maccs,XGB+GCN,lr_l2,1.0,0.7098729271809662,0.4016795447301747,0.4756800186427303,0.6246395097332371
NR-AR,7,maccs,XGB+GCN,lr_l2,10.0,0.709895457822639,0.4029058129974318,0.4476577977108652,0.6239185291997116
NR-AR,7,maccs,RF+XGB+GCN,averaging,,0.7053217375630858,0.4229203490066829,0.4280499449824691,0.6937522530641673
NR-AR,7,maccs,RF+XGB+GCN,voting,,0.7100982335976929,0.3591519540906768,0.4634072830268044,0.6891841654650324
NR-AR,7,maccs,RF+XGB+GCN,lr_none,,0.7050513698630136,0.4250879042547958,0.4771828642780682,0.6320915194664745
NR-AR,7,maccs,RF+XGB+GCN,lr_l2,0.1,0.7057272891131939,0.4219224366844827,0.0,0.5
NR-AR,7,maccs,RF+XGB+GCN,lr_l2,1.0,0.7053104722422495,0.4237540896564307,0.4757914715221985,0.6171875
NR-AR,7,maccs,RF+XGB+GCN,lr_l2,10.0,0.7052090843547225,0.4255418777793943,0.4611016577050378,0.6242790194664745
NR-AR,7,atompair,RF_only,single,,0.7031362653208364,0.4256713921011717,0.4721482598961755,0.646635048666186
NR-AR,7,atompair,XGB_only,single,,0.7244558850036049,0.3905257017464565,0.3833218087881859,0.676685291997116
NR-AR,7,Graph,GCN_only,single,,0.6932791095890412,0.3029263041659887,0.326133491595124,0.6769274963950973
NR-AR,7,atompair,RF+GCN,averaging,,0.7112529289834175,0.4419839300358696,0.4671649681243247,0.6537265681326604
NR-AR,7,atompair,RF+GCN,voting,,0.6914428622927181,0.3364755383817715,0.4902050231631989,0.6906261265320837
NR-AR,7,atompair,RF+GCN,lr_none,,0.7222366167988463,0.4513783013763015,0.4677535293410719,0.6391830389329488
NR-AR,7,atompair,RF+GCN,lr_l2,0.1,0.7096870493871665,0.4394570907917501,0.0,0.5
NR-AR,7,atompair,RF+GCN,lr_l2,1.0,0.715680200072098,0.4498274144069869,0.4594259606474347,0.6168270097332371
NR-AR,7,atompair,RF+GCN,lr_l2,10.0,0.7207946557317952,0.4509433255743629,0.4677535293410719,0.6391830389329488
NR-AR,7,atompair,RF+XGB,averaging,,0.7044768385003606,0.4072229644656905,0.4148240375706385,0.6653861751982697
NR-AR,7,atompair,RF+XGB,voting,,0.6868353460706561,0.2967026199050402,0.3967576710874007,0.684497791997116
NR-AR,7,atompair,RF+XGB,lr_none,,0.6987315248738284,0.4217602837622437,0.4770130619234589,0.6540870583994232
NR-AR,7,atompair,RF+XGB,lr_l2,0.1,0.7074846791636626,0.4064458896042669,0.0,0.5
NR-AR,7,atompair,RF+XGB,lr_l2,1.0,0.7033390410958904,0.4088630601013481,0.4721482598961755,0.646635048666186
NR-AR,7,atompair,RF+XGB,lr_l2,10.0,0.6981795241528479,0.4190635747677801,0.4770130619234589,0.6540870583994232
NR-AR,7,atompair,XGB+GCN,averaging,,0.7278354812545063,0.42629436772962,0.469382728608542,0.6753616167988464
NR-AR,7,atompair,XGB+GCN,voting,,0.7008944664744052,0.3258972558564905,0.395198720259553,0.6975993601297765
NR-AR,7,atompair,XGB+GCN,lr_none,,0.7287592375630858,0.4241513832859577,0.4833195320242294,0.6469955389329488
NR-AR,7,atompair,XGB+GCN,lr_l2,0.1,0.7280382570295602,0.4254393339833388,0.0,0.5
NR-AR,7,atompair,XGB+GCN,lr_l2,1.0,0.7282973594087959,0.4240282271726139,0.4352055300562665,0.6235580389329488
NR-AR,7,atompair,XGB+GCN,lr_l2,10.0,0.7287479722422494,0.4243477975154154,0.4833195320242294,0.6469955389329488
NR-AR,7,atompair,RF+XGB+GCN,averaging,,0.7216902487382841,0.4377886950243279,0.4877129898859842,0.6689910778658976
NR-AR,7,atompair,RF+XGB+GCN,voting,,0.7091125180245134,0.351643997404401,0.4920021500365479,0.6618995583994232
NR-AR,7,atompair,RF+XGB+GCN,lr_none,,0.7180740807498198,0.445595797275487,0.4984643634996538,0.6548080389329488
NR-AR,7,atompair,RF+XGB+GCN,lr_l2,0.1,0.7237292718096612,0.4366129262431355,0.0,0.5
NR-AR,7,atompair,RF+XGB+GCN,lr_l2,1.0,0.7214649423215573,0.4378437077411583,0.451729578793022,0.6313705389329488
NR-AR,7,atompair,RF+XGB+GCN,lr_l2,10.0,0.7181754686373469,0.44447302576523,0.4984643634996538,0.6548080389329488
NR-AR,123,morgan,RF_only,single,,0.7434717465753424,0.4577188391839638,0.5023144931579573,0.662260048666186
NR-AR,123,morgan,XGB_only,single,,0.7078789653929344,0.3849209688672781,0.3022135405620817,0.6793326423936554
NR-AR,123,Graph,GCN_only,single,,0.7042965933669793,0.3356018257601788,0.297740045020559,0.7174375901225667
NR-AR,123,morgan,RF+GCN,averaging,,0.7289338500360492,0.4701557025824549,0.4165380889064251,0.7128638698630136
NR-AR,123,morgan,RF+GCN,voting,,0.7085492519826965,0.3253953341197053,0.3258042772601942,0.7009676910598414
NR-AR,123,morgan,RF+GCN,lr_none,,0.7382840663302092,0.4653463225610663,0.5132203187968926,0.6626205389329488
NR-AR,123,morgan,RF+GCN,lr_l2,0.1,0.72502478370584,0.4707860833896277,0.0,0.5
NR-AR,123,morgan,RF+GCN,lr_l2,1.0,0.7324824260994953,0.4682492350391151,0.5215681154107035,0.6480770097332371
NR-AR,123,morgan,RF+GCN,lr_l2,10.0,0.7372251261715933,0.4662838707233053,0.5132203187968926,0.6626205389329488
NR-AR,123,morgan,RF+XGB,averaging,,0.7307926279740447,0.4274111725509115,0.4262478117317859,0.6799297043979813
NR-AR,123,morgan,RF+XGB,voting,,0.6864072638788753,0.3132916780953742,0.3022135405620817,0.6793326423936554
NR-AR,123,morgan,RF+XGB,lr_none,,0.7486594268204759,0.4564209199417659,0.5023144931579573,0.662260048666186
NR-AR,123,morgan,RF+XGB,lr_l2,0.1,0.7293056056236482,0.4250913613887792,0.0,0.5
NR-AR,123,morgan,RF+XGB,lr_l2,1.0,0.7366280641672676,0.4366774540622317,0.4952205617600883,0.6473560291997116
NR-AR,123,morgan,RF+XGB,lr_l2,10.0,0.7485580389329488,0.4507996498505077,0.5168393319487711,0.670072548666186
NR-AR,123,morgan,XGB+GCN,averaging,,0.7276158074981975,0.4276676768591373,0.3806778814274816,0.7152690158615718
NR-AR,123,morgan,XGB+GCN,voting,,0.7194766131939437,0.2363465564838386,0.2838295813854471,0.7085436193222783
NR-AR,123,morgan,XGB+GCN,lr_none,,0.7276496034607065,0.4276021663934798,0.4517116306889604,0.6459140681326604
NR-AR,123,morgan,XGB+GCN,lr_l2,0.1,0.7274918889689979,0.4282315517749654,0.0,0.5
NR-AR,123,morgan,XGB+GCN,lr_l2,1.0,0.7277847873107427,0.4277593868279077,0.451729578793022,0.6313705389329488
NR-AR,123,morgan,XGB+GCN,lr_l2,10.0,0.727593276856525,0.4276156720985725,0.4517116306889604,0.6459140681326604
NR-AR,123,morgan,RF+XGB+GCN,averaging,,0.7308489545782264,0.452710224759056,0.4719790302482181,0.71755024333093
NR-AR,123,morgan,RF+XGB+GCN,voting,,0.7214311463590483,0.3336622616120438,0.4068862547939315,0.6717567141312184
NR-AR,123,morgan,RF+XGB+GCN,lr_none,,0.7409539473684211,0.466644753319247,0.5132203187968926,0.6626205389329488
NR-AR,123,morgan,RF+XGB+GCN,lr_l2,0.1,0.7305109949531363,0.456159605720791,0.0,0.5
NR-AR,123,morgan,RF+XGB+GCN,lr_l2,1.0,0.7339131218457102,0.4611140439593723,0.4984643634996538,0.6548080389329488
NR-AR,123,morgan,RF+XGB+GCN,lr_l2,10.0,0.7406385183850036,0.4651843015949629,0.5132203187968926,0.6626205389329488
NR-AR,123,maccs,RF_only,single,,0.6785947638788753,0.3955774816925364,0.4494963499523081,0.6813716654650324
NR-AR,123,maccs,XGB_only,single,,0.6846667718096612,0.3247757997309767,0.2689895866572777,0.6837824441240086
NR-AR,123,Graph,GCN_only,single,,0.7042965933669793,0.3356018257601788,0.297740045020559,0.7174375901225667
NR-AR,123,maccs,RF+GCN,averaging,,0.6969854001441961,0.4460066143785386,0.3773867182679436,0.7021674477289113
NR-AR,123,maccs,RF+GCN,voting,,0.7147339131218458,0.2972046212797453,0.3246633501840407,0.7066172494592646
NR-AR,123,maccs,RF+GCN,lr_none,,0.6940564167267483,0.4382206587225964,0.4927805869592245,0.6399040194664745
NR-AR,123,maccs,RF+GCN,lr_l2,0.1,0.6973008291276136,0.4463891964153514,0.0,0.5
NR-AR,123,maccs,RF+GCN,lr_l2,1.0,0.6961292357606345,0.4448069234007341,0.4594259606474347,0.6168270097332371
NR-AR,123,maccs,RF+GCN,lr_l2,10.0,0.6942253965392935,0.4396492887734981,0.4771828642780682,0.6320915194664745
NR-AR,123,maccs,RF+XGB,averaging,,0.686863509372747,0.3910801448562885,0.327565951289371,0.6709174477289113
NR-AR,123,maccs,RF+XGB,voting,,0.694078947368421,0.2693592338624003,0.2660169381433267,0.683061463590483
NR-AR,123,maccs,RF+XGB,lr_none,,0.6875056326604181,0.393160682488488,0.4402864969220554,0.631010048666186
NR-AR,123,maccs,RF+XGB,lr_l2,0.1,0.6870099585436192,0.3915567364884894,0.0,0.5
NR-AR,123,maccs,RF+XGB,lr_l2,1.0,0.6874831020187455,0.3937612476289453,0.4132964587140786,0.6082935291997116
NR-AR,123,maccs,RF+XGB,lr_l2,10.0,0.6878435922855084,0.3930802262234969,0.451729578793022,0.6313705389329488
NR-AR,123,maccs,XGB+GCN,averaging,,0.7186598774333093,0.4099819217755007,0.3523040113505297,0.717313671593367
NR-AR,123,maccs,XGB+GCN,voting,,0.7210255948089402,0.22450542301036,0.2616517230648374,0.7069833723864456
NR-AR,123,maccs,XGB+GCN,lr_none,,0.718581020187455,0.4103369390292664,0.4175015730261447,0.6515636265320837
NR-AR,123,maccs,XGB+GCN,lr_l2,0.1,0.7186373467916366,0.4099785159824677,0.0,0.5
NR-AR,123,maccs,XGB+GCN,lr_l2,1.0,0.718581020187455,0.4095438974747081,0.4476577977108652,0.6239185291997116
NR-AR,123,maccs,XGB+GCN,lr_l2,10.0,0.718513428262437,0.4104867273784827,0.4405380316615617,0.6526450973323721
NR-AR,123,maccs,RF+XGB+GCN,averaging,,0.710638968997837,0.4305967145971455,0.3778204641970831,0.6957969087959626
NR-AR,123,maccs,RF+XGB+GCN,voting,,0.7235997206200433,0.3163930872894337,0.3768308886988313,0.6826953406633021
NR-AR,123,maccs,RF+XGB+GCN,lr_none,,0.7071917808219178,0.4330997615373527,0.5226875941791047,0.6555290194664745
NR-AR,123,maccs,RF+XGB+GCN,lr_l2,0.1,0.7109994592645998,0.4297310477296177,0.0,0.5
NR-AR,123,maccs,RF+XGB+GCN,lr_l2,1.0,0.7096814167267484,0.4311998335973083,0.4611016577050378,0.6242790194664745
NR-AR,123,maccs,RF+XGB+GCN,lr_l2,10.0,0.7078902307137707,0.4328305831647775,0.5226875941791047,0.6555290194664745
NR-AR,123,atompair,RF_only,single,,0.7072819033886085,0.4271750327438507,0.4517116306889604,0.6459140681326604
NR-AR,123,atompair,XGB_only,single,,0.7244558850036049,0.3905257017464565,0.3833218087881859,0.676685291997116
NR-AR,123,Graph,GCN_only,single,,0.7042965933669793,0.3356018257601788,0.297740045020559,0.7174375901225667
NR-AR,123,atompair,RF+GCN,averaging,,0.7243432317952415,0.4450634979244419,0.4192926750867597,0.7064933309300649
NR-AR,123,atompair,RF+GCN,voting,,0.7074227198990627,0.2863809110427821,0.3258042772601942,0.7009676910598414
NR-AR,123,atompair,RF+GCN,lr_none,,0.7357324711607787,0.4405661528326499,0.4517116306889604,0.6459140681326604
NR-AR,123,atompair,RF+GCN,lr_l2,0.1,0.7203215122566691,0.4469582790252014,0.0,0.5
NR-AR,123,atompair,RF+GCN,lr_l2,1.0,0.7284888698630136,0.4422916991345228,0.4927805869592245,0.6399040194664745
NR-AR,123,atompair,RF+GCN,lr_l2,10.0,0.7347636535688536,0.4409163820993829,0.4616334196542033,0.6462745583994232
NR-AR,123,atompair,RF+XGB,averaging,,0.7029278568853641,0.4089080823902932,0.4292410951765069,0.6731986751982697
NR-AR,123,atompair,RF+XGB,voting,,0.6865537130497477,0.2790939242528663,0.3967576710874007,0.684497791997116
NR-AR,123,atompair,RF+XGB,lr_none,,0.7006072007930785,0.4208506780056111,0.4578319098003059,0.6533660778658976
NR-AR,123,atompair,RF+XGB,lr_l2,0.1,0.7049556146359048,0.4065383558889937,0.0,0.5
NR-AR,123,atompair,RF+XGB,lr_l2,1.0,0.7013732426099495,0.409872326764309,0.4770130619234589,0.6540870583994232
NR-AR,123,atompair,RF+XGB,lr_l2,10.0,0.6993342195385724,0.4171648652058503,0.4578319098003059,0.6533660778658976
NR-AR,123,atompair,XGB+GCN,averaging,,0.7319923846431147,0.4165417057182161,0.4041327384505799,0.7050513698630136
NR-AR,123,atompair,XGB+GCN,voting,,0.7047359408795962,0.2745916133839193,0.2972944769388796,0.6955603370583994
NR-AR,123,atompair,XGB+GCN,lr_none,,0.7327809571016584,0.4161948943616675,0.4625286863352674,0.6679096070656092
NR-AR,123,atompair,XGB+GCN,lr_l2,0.1,0.731001036409517,0.4169394855028114,0.0,0.5
NR-AR,123,atompair,XGB+GCN,lr_l2,1.0,0.7323866708723864,0.4172357977440138,0.4557151628390293,0.6604575973323721
NR-AR,123,atompair,XGB+GCN,lr_l2,10.0,0.7326908345349675,0.4149020035379632,0.4625286863352674,0.6679096070656092
NR-AR,123,atompair,RF+XGB+GCN,averaging,,0.7318346701514059,0.4283085399394165,0.4783645615109094,0.7040881849315068
NR-AR,123,atompair,RF+XGB+GCN,voting,,0.7057554524152848,0.3107415402233842,0.4763228808219494,0.689905145998558
NR-AR,123,atompair,RF+XGB+GCN,lr_none,,0.7308771178803172,0.4347411867343939,0.4671649681243247,0.6537265681326604
NR-AR,123,atompair,RF+XGB+GCN,lr_l2,0.1,0.7305504235760634,0.4293543108546929,0.0,0.5
NR-AR,123,atompair,RF+XGB+GCN,lr_l2,1.0,0.7306405461427542,0.4294003732530989,0.4770130619234589,0.6540870583994232
NR-AR,123,atompair,RF+XGB+GCN,lr_l2,10.0,0.7297505857966835,0.4339612967385472,0.4671649681243247,0.6537265681326604
NR-AR,999,morgan,RF_only,single,,0.7443166456380679,0.4533043448436091,0.5023144931579573,0.662260048666186
NR-AR,999,morgan,XGB_only,single,,0.7078789653929344,0.3849209688672781,0.3022135405620817,0.6793326423936554
NR-AR,999,Graph,GCN_only,single,,0.6907331470800288,0.2761198687282622,0.3135234707274457,0.7157534246575342
NR-AR,999,morgan,RF+GCN,averaging,,0.7312657714491708,0.4607667065418439,0.4442619501450474,0.7153873017303533
NR-AR,999,morgan,RF+GCN,voting,,0.7122780731795241,0.3330870694676906,0.3635376921635477,0.7067355353280461
NR-AR,999,morgan,RF+GCN,lr_none,,0.7439054614275414,0.4653435353876349,0.5023144931579573,0.662260048666186
NR-AR,999,morgan,RF+GCN,lr_l2,0.1,0.7277171953857245,0.455362217575034,0.0,0.5
NR-AR,999,morgan,RF+GCN,lr_l2,1.0,0.7371800648882479,0.4692063488049098,0.4914251940234755,0.6324520097332371
NR-AR,999,morgan,RF+GCN,lr_l2,10.0,0.7424297043979812,0.4664959722943427,0.5247804671031321,0.6629810291997116
NR-AR,999,morgan,RF+XGB,averaging,,0.7282241348233599,0.4272725423992866,0.4262478117317859,0.6799297043979813
NR-AR,999,morgan,RF+XGB,voting,,0.6864072638788753,0.3132916780953742,0.3022135405620817,0.6793326423936554
NR-AR,999,morgan,RF+XGB,lr_none,,0.746868240807498,0.4547573840137445,0.5023144931579573,0.662260048666186
NR-AR,999,morgan,RF+XGB,lr_l2,0.1,0.7269624188896899,0.4242974387260276,0.0,0.5
NR-AR,999,morgan,RF+XGB,lr_l2,1.0,0.7356141852919972,0.4358280541051033,0.5101922239415823,0.6551685291997116
NR-AR,999,morgan,RF+XGB,lr_l2,10.0,0.7482764059120404,0.450345862931133,0.5023144931579573,0.662260048666186
NR-AR,999,morgan,XGB+GCN,averaging,,0.7247656813266042,0.4289629034522234,0.395857268201732,0.7107009282624369
NR-AR,999,morgan,XGB+GCN,voting,,0.7226815969718818,0.244098960504925,0.3039881018143638,0.7135904830569575
NR-AR,999,morgan,XGB+GCN,lr_none,,0.7253402126892574,0.4274254533803528,0.4195160526892189,0.6302890681326604
NR-AR,999,morgan,XGB+GCN,lr_l2,0.1,0.7237180064888249,0.4318178547031468,0.0,0.5
NR-AR,999,morgan,XGB+GCN,lr_l2,1.0,0.7247093547224225,0.4299633365524956,0.4611016577050378,0.6242790194664745
NR-AR,999,morgan,XGB+GCN,lr_l2,10.0,0.7253064167267483,0.4279297799521773,0.4295741481895238,0.6306495583994232
NR-AR,999,morgan,RF+XGB+GCN,averaging,,0.7319642213410238,0.4523352984677293,0.4693275408213671,0.7104587238644556
NR-AR,999,morgan,RF+XGB+GCN,voting,,0.7248051099495314,0.3413776835817607,0.4176914608405052,0.672477694664744
NR-AR,999,morgan,RF+XGB+GCN,lr_none,,0.7449981975486663,0.4653173839583242,0.5023144931579573,0.662260048666186
NR-AR,999,morgan,RF+XGB+GCN,lr_l2,0.1,0.730634913482336,0.4521746685613752,0.0,0.5
NR-AR,999,morgan,RF+XGB+GCN,lr_l2,1.0,0.7360310021629416,0.4595164825805626,0.5226875941791047,0.6555290194664745
NR-AR,999,morgan,RF+XGB+GCN,lr_l2,10.0,0.7462599134823361,0.4655649245028818,0.5023144931579573,0.662260048666186
NR-AR,999,maccs,RF_only,single,,0.6938705389329488,0.3825634916806663,0.4513478233911061,0.6884631849315068
NR-AR,999,maccs,XGB_only,single,,0.6846667718096612,0.3247757997309767,0.2689895866572777,0.6837824441240086
NR-AR,999,Graph,GCN_only,single,,0.6907331470800288,0.2761198687282622,0.3135234707274457,0.7157534246575342
NR-AR,999,maccs,RF+GCN,averaging,,0.7026067952415285,0.4380076286640166,0.395198720259553,0.6975993601297765
NR-AR,999,maccs,RF+GCN,voting,,0.718383877072819,0.2836953635805793,0.3647291586880899,0.7131060742609949
NR-AR,999,maccs,RF+GCN,lr_none,,0.7017281002162941,0.4295884113637863,0.4611016577050378,0.6242790194664745
NR-AR,999,maccs,RF+GCN,lr_l2,0.1,0.7025054073540015,0.43821899739024,0.0,0.5
NR-AR,999,maccs,RF+GCN,lr_l2,1.0,0.7028996935832734,0.4357411788365753,0.425116997344907,0.59375
NR-AR,999,maccs,RF+GCN,lr_l2,10.0,0.7018294881038212,0.429571741001066,0.4756800186427303,0.6246395097332371
NR-AR,999,maccs,RF+XGB,averaging,,0.6942197638788752,0.3759638217706276,0.3218550835430588,0.6701964671953857
NR-AR,999,maccs,RF+XGB,voting,,0.7013563446286951,0.2723184110427822,0.2734250316770397,0.6901529830569575
NR-AR,999,maccs,RF+XGB,lr_none,,0.6979485850757029,0.3797632880482311,0.4352055300562665,0.6235580389329488
NR-AR,999,maccs,RF+XGB,lr_l2,0.1,0.6934199260994953,0.3749967713220163,0.0,0.5
NR-AR,999,maccs,RF+XGB,lr_l2,1.0,0.6962925829127613,0.3772804116878938,0.3951448682315022,0.6004810291997116
NR-AR,999,maccs,RF+XGB,lr_l2,10.0,0.6977570746214852,0.3788488859002714,0.4352055300562665,0.6235580389329488
NR-AR,999,maccs,XGB+GCN,averaging,,0.7135116258111031,0.4018338528146293,0.3597427873439909,0.7123850937274694
NR-AR,999,maccs,XGB+GCN,voting,,0.7241122927180967,0.2226852943150583,0.2804803622311089,0.7127512166546504
NR-AR,999,maccs,XGB+GCN,lr_none,,0.7134665645277578,0.3998762119870799,0.4578319098003059,0.6533660778658976
NR-AR,999,maccs,XGB+GCN,lr_l2,0.1,0.7135792177361211,0.4016160566682108,0.0,0.5
NR-AR,999,maccs,XGB+GCN,lr_l2,1.0,0.7135679524152849,0.4002102026694649,0.4594259606474347,0.6168270097332371
NR-AR,999,maccs,XGB+GCN,lr_l2,10.0,0.7135116258111031,0.3999198200689879,0.4423277862121015,0.6455535778658976
NR-AR,999,maccs,RF+XGB+GCN,averaging,,0.7098391312184572,0.4220373021803877,0.3845518082045002,0.6965178893294881
NR-AR,999,maccs,RF+XGB+GCN,voting,,0.7274242970439799,0.3071761909862916,0.3898510875075383,0.6905078406633021
NR-AR,999,maccs,RF+XGB+GCN,lr_none,,0.7085098233597692,0.4211218482495064,0.4352055300562665,0.6235580389329488
NR-AR,999,maccs,RF+XGB+GCN,lr_l2,0.1,0.7098954578226387,0.4215692067327827,0.0,0.5
NR-AR,999,maccs,RF+XGB+GCN,lr_l2,1.0,0.7094899062725307,0.4241525103674723,0.4426084181610493,0.6090145097332371
NR-AR,999,maccs,RF+XGB+GCN,lr_l2,10.0,0.708870313626532,0.4204176014189796,0.4476577977108652,0.6239185291997116
NR-AR,999,atompair,RF_only,single,,0.6972388698630138,0.4304601039369015,0.4358399700828586,0.6381015681326604
NR-AR,999,atompair,XGB_only,single,,0.7244558850036049,0.3905257017464565,0.3833218087881859,0.676685291997116
NR-AR,999,Graph,GCN_only,single,,0.6907331470800288,0.2761198687282622,0.3135234707274457,0.7157534246575342
NR-AR,999,atompair,RF+GCN,averaging,,0.7171108958183129,0.4424358203274962,0.4542475859562117,0.7093772530641673
NR-AR,999,atompair,RF+GCN,voting,,0.7110219899062724,0.28518496025444,0.3635376921635477,0.7067355353280461
NR-AR,999,atompair,RF+GCN,lr_none,,0.7245122116077866,0.4484377561694592,0.4458321562926972,0.6384620583994232
NR-AR,999,atompair,RF+GCN,lr_l2,0.1,0.7136862382840663,0.4403938364073302,0.0,0.5
NR-AR,999,atompair,RF+GCN,lr_l2,1.0,0.720017348594088,0.4458735794641851,0.4611016577050378,0.6242790194664745
NR-AR,999,atompair,RF+GCN,lr_l2,10.0,0.7241629866618602,0.4501688082388343,0.4458321562926972,0.6384620583994232
NR-AR,999,atompair,RF+XGB,averaging,,0.7001002613554435,0.4098025612409996,0.4353236519877422,0.6735591654650324
NR-AR,999,atompair,RF+XGB,voting,,0.6787806416726748,0.2717338617045715,0.3833218087881859,0.676685291997116
NR-AR,999,atompair,RF+XGB,lr_none,,0.6927214762076425,0.427139484546178,0.4770130619234589,0.6540870583994232
NR-AR,999,atompair,RF+XGB,lr_l2,0.1,0.7037614906272531,0.407583645559688,0.0,0.5
NR-AR,999,atompair,RF+XGB,lr_l2,1.0,0.6984555245133381,0.4115973891845794,0.4770130619234589,0.6540870583994232
NR-AR,999,atompair,RF+XGB,lr_l2,10.0,0.6927890681326604,0.4231918725243005,0.4770130619234589,0.6540870583994232
NR-AR,999,atompair,XGB+GCN,averaging,,0.7340201423936554,0.418262927209882,0.4233011453381479,0.7068538211968276
NR-AR,999,atompair,XGB+GCN,voting,,0.7081774963950974,0.2693800899653633,0.3300485146432969,0.701688671593367
NR-AR,999,atompair,XGB+GCN,lr_none,,0.7356310832732517,0.4177606359713238,0.4476880588645835,0.6600971070656092
NR-AR,999,atompair,XGB+GCN,lr_l2,0.1,0.7335132029560202,0.4187391489022557,0.0,0.5
NR-AR,999,atompair,XGB+GCN,lr_l2,1.0,0.7348875720980533,0.4200645455709365,0.4517116306889604,0.6459140681326604
NR-AR,999,atompair,XGB+GCN,lr_l2,10.0,0.7356423485940881,0.4180966514175215,0.4476880588645835,0.6600971070656092
NR-AR,999,atompair,RF+XGB+GCN,averaging,,0.7260555605623648,0.4329898601971154,0.4843324825453491,0.7044486751982697
NR-AR,999,atompair,RF+XGB+GCN,voting,,0.7091237833453498,0.3091964398462768,0.4558232664048458,0.6817321557317952
NR-AR,999,atompair,RF+XGB+GCN,lr_none,,0.7197920421773613,0.4412299714560384,0.4616334196542033,0.6462745583994232
NR-AR,999,atompair,RF+XGB+GCN,lr_l2,0.1,0.7264723774333094,0.4340171430214719,0.0,0.5
NR-AR,999,atompair,RF+XGB+GCN,lr_l2,1.0,0.7247713139870223,0.435273160366026,0.4616334196542033,0.6462745583994232
NR-AR,999,atompair,RF+XGB+GCN,lr_l2,10.0,0.7203440428983418,0.4401187901115271,0.4616334196542033,0.6462745583994232
NR-AR-LBD,42,morgan,RF_only,single,,0.7376664731995796,0.3891167297692742,0.4442427553269122,0.6503709862115484
NR-AR-LBD,42,morgan,XGB_only,single,,0.7536667241839087,0.316482530414817,0.3299934064540349,0.6788890806130292
NR-AR-LBD,42,Graph,GCN_only,single,,0.671759557012659,0.2380338728297507,0.2221406339802083,0.6799087044502659
NR-AR-LBD,42,morgan,RF+GCN,averaging,,0.7188034322107013,0.3571006361252314,0.3495256363169316,0.6894774819997176
NR-AR-LBD,42,morgan,RF+GCN,voting,,0.7016815950054118,0.2592330277212385,0.2724465095580923,0.6933598958415034
NR-AR-LBD,42,morgan,RF+GCN,lr_none,,0.7132660904484776,0.3824594023950788,0.4335308001343356,0.6499866664575131
NR-AR-LBD,42,morgan,RF+GCN,lr_l2,0.1,0.7188191187312742,0.3579783493792225,0.0,0.5
NR-AR-LBD,42,morgan,RF+GCN,lr_l2,1.0,0.7236035075060001,0.3686873589246636,0.3864276568468482,0.6008878570644245
NR-AR-LBD,42,morgan,RF+GCN,lr_l2,10.0,0.7326075703148285,0.3871771106213121,0.4236820147897985,0.6401669045788954
NR-AR-LBD,42,morgan,RF+XGB,averaging,,0.771557200897269,0.3827703402176421,0.4219514908692309,0.6865754756937363
NR-AR-LBD,42,morgan,RF+XGB,voting,,0.6824342342624983,0.2576838049744454,0.3299934064540349,0.6788890806130292
NR-AR-LBD,42,morgan,RF+XGB,lr_none,,0.7335958211109194,0.3900117670434247,0.4442427553269122,0.6503709862115484
NR-AR-LBD,42,morgan,RF+XGB,lr_l2,0.1,0.7734082103248677,0.3814737908139485,0.0,0.5
NR-AR-LBD,42,morgan,RF+XGB,lr_l2,1.0,0.7684983293855591,0.3831915078456719,0.4139066188365248,0.6303471427002777
NR-AR-LBD,42,morgan,RF+XGB,lr_l2,10.0,0.7486235078197305,0.3905523428118715,0.4442427553269122,0.6503709862115484
NR-AR-LBD,42,morgan,XGB+GCN,averaging,,0.7526549436069585,0.3466697028996544,0.3203851187389598,0.6860186042133994
NR-AR-LBD,42,morgan,XGB+GCN,voting,,0.697634472697611,0.2109158785465406,0.2455624117661998,0.6868264600229024
NR-AR-LBD,42,morgan,XGB+GCN,lr_none,,0.7597295643853237,0.3463121005628797,0.4442012304481914,0.6692418704607132
NR-AR-LBD,42,morgan,XGB+GCN,lr_l2,0.1,0.7540196708967984,0.3458201365418983,0.0,0.5
NR-AR-LBD,42,morgan,XGB+GCN,lr_l2,1.0,0.7578942414782978,0.3487550947118465,0.4475292155889954,0.6409355440869661
NR-AR-LBD,42,morgan,XGB+GCN,lr_l2,10.0,0.7596354452618865,0.3476470916934356,0.4442012304481914,0.6692418704607132
NR-AR-LBD,42,morgan,RF+XGB+GCN,averaging,,0.7528745548949787,0.3587311784739742,0.393326396003423,0.6846538769235595
NR-AR-LBD,42,morgan,RF+XGB+GCN,voting,,0.6991795949740389,0.2777741074256754,0.4041730978298514,0.6854225164316303
NR-AR-LBD,42,morgan,RF+XGB+GCN,lr_none,,0.7136739399833723,0.3850428047401082,0.4335308001343356,0.6499866664575131
NR-AR-LBD,42,morgan,RF+XGB+GCN,lr_l2,0.1,0.7562000972564276,0.3604561444166433,0.0,0.5
NR-AR-LBD,42,morgan,RF+XGB+GCN,lr_l2,1.0,0.7608589938665705,0.3854657055603116,0.4236820147897985,0.6401669045788954
NR-AR-LBD,42,morgan,RF+XGB+GCN,lr_l2,10.0,0.727289839840625,0.3876516413260908,0.4442427553269122,0.6503709862115484
NR-AR-LBD,42,maccs,RF_only,single,,0.7225681971481906,0.3613508928516457,0.4351715537652652,0.6405512243329308
NR-AR-LBD,42,maccs,XGB_only,single,,0.7282780906367159,0.2987873668100445,0.2979982057947898,0.6667634002101994
NR-AR-LBD,42,Graph,GCN_only,single,,0.671759557012659,0.2380338728297507,0.2221406339802083,0.6799087044502659
NR-AR-LBD,42,maccs,RF+GCN,averaging,,0.7011404100456478,0.3492323872860555,0.3495256363169316,0.6894774819997176
NR-AR-LBD,42,maccs,RF+GCN,voting,,0.7011168802647886,0.2650632074692225,0.2707031685983693,0.6929755760874681
NR-AR-LBD,42,maccs,RF+GCN,lr_none,,0.7199956077742395,0.3632410674821455,0.3065624245581551,0.5702756121664654
NR-AR-LBD,42,maccs,RF+GCN,lr_l2,0.1,0.7019090495537185,0.3490913531889298,0.0,0.5
NR-AR-LBD,42,maccs,RF+GCN,lr_l2,1.0,0.7074463913159421,0.3484100359486054,0.2489693222070225,0.5404320067765769
NR-AR-LBD,42,maccs,RF+GCN,lr_l2,10.0,0.7155563224521169,0.3616597699806061,0.2946346135769643,0.5604558502878476
NR-AR-LBD,42,maccs,RF+XGB,averaging,,0.7487333134637406,0.3332499059281322,0.3354671993813757,0.6709909175045883
NR-AR-LBD,42,maccs,RF+XGB,voting,,0.6707477764357088,0.2466627654646087,0.2979982057947898,0.6667634002101994
NR-AR-LBD,42,maccs,RF+XGB,lr_none,,0.7264427677296899,0.3550013949697324,0.3065624245581551,0.5702756121664654
NR-AR-LBD,42,maccs,RF+XGB,lr_l2,0.1,0.7486235078197305,0.3333923980348767,0.0,0.5
NR-AR-LBD,42,maccs,RF+XGB,lr_l2,1.0,0.7445763855119295,0.3361507460369818,0.2946346135769643,0.5604558502878476
NR-AR-LBD,42,maccs,RF+XGB,lr_l2,10.0,0.732764435520557,0.3481405118563205,0.3065624245581551,0.5702756121664654
NR-AR-LBD,42,maccs,XGB+GCN,averaging,,0.7268349307440116,0.3298712594232168,0.2888391275811892,0.6735086040565342
NR-AR-LBD,42,maccs,XGB+GCN,voting,,0.7053679273400368,0.1711423727531039,0.2609688466449101,0.6977991811636262
NR-AR-LBD,42,maccs,XGB+GCN,lr_none,,0.7308506800106669,0.3168164654430384,0.3191945283901476,0.580095374045083
NR-AR-LBD,42,maccs,XGB+GCN,lr_l2,0.1,0.7276192567726554,0.3247852969548161,0.0,0.5
NR-AR-LBD,42,maccs,XGB+GCN,lr_l2,1.0,0.7301761596260332,0.320825604543518,0.0,0.5
NR-AR-LBD,42,maccs,XGB+GCN,lr_l2,10.0,0.7306310687226466,0.3162159745852397,0.3191945283901476,0.580095374045083
NR-AR-LBD,42,maccs,RF+XGB+GCN,averaging,,0.7321369746976424,0.342856417756322,0.3444032887644507,0.6804263596291706
NR-AR-LBD,42,maccs,RF+XGB+GCN,voting,,0.7078150245494048,0.2755972127737317,0.3304449602534632,0.6619397951340413
NR-AR-LBD,42,maccs,RF+XGB+GCN,lr_none,,0.7352585922916437,0.3549345229383808,0.3065624245581551,0.5702756121664654
NR-AR-LBD,42,maccs,RF+XGB+GCN,lr_l2,0.1,0.7333762098228991,0.3434547813100285,0.0,0.5
NR-AR-LBD,42,maccs,RF+XGB+GCN,lr_l2,1.0,0.7328899276851399,0.3430656886265668,0.2946346135769643,0.5604558502878476
NR-AR-LBD,42,maccs,RF+XGB+GCN,lr_l2,10.0,0.7318546173273307,0.3483145233019603,0.3065624245581551,0.5702756121664654
NR-AR-LBD,42,atompair,RF_only,single,,0.6919637955105179,0.320512777188207,0.4023879824715649,0.6299628229462423
NR-AR-LBD,42,atompair,XGB_only,single,,0.7602550628245148,0.327657628564014,0.3435606570361592,0.6630927543961473
NR-AR-LBD,42,Graph,GCN_only,single,,0.671759557012659,0.2380338728297507,0.2221406339802083,0.6799087044502659
NR-AR-LBD,42,atompair,RF+GCN,averaging,,0.6829283596605437,0.3290317672296007,0.3531568151647192,0.689861801753753
NR-AR-LBD,42,atompair,RF+GCN,voting,,0.7004109868390093,0.2316802060630077,0.2724465095580923,0.6933598958415034
NR-AR-LBD,42,atompair,RF+GCN,lr_none,,0.690818679508698,0.3310529969506732,0.4023879824715649,0.6299628229462423
NR-AR-LBD,42,atompair,RF+GCN,lr_l2,0.1,0.682159720152473,0.3288034437547822,0.0,0.5
NR-AR-LBD,42,atompair,RF+GCN,lr_l2,1.0,0.6851087860201728,0.3289893379007899,0.3864276568468482,0.6008878570644245
NR-AR-LBD,42,atompair,RF+GCN,lr_l2,10.0,0.687524510188395,0.3308346394187618,0.4023879824715649,0.6299628229462423
NR-AR-LBD,42,atompair,RF+XGB,averaging,,0.7314389245321495,0.3387386638155117,0.3985191164659848,0.666935951936501
NR-AR-LBD,42,atompair,RF+XGB,voting,,0.6649123907826004,0.2276925719782862,0.3435606570361592,0.6630927543961473
NR-AR-LBD,42,atompair,RF+XGB,lr_none,,0.6832028737705689,0.3204752104682256,0.4139066188365248,0.6303471427002777
NR-AR-LBD,42,atompair,RF+XGB,lr_l2,0.1,0.7340585734678191,0.3366927522336857,0.0,0.5
NR-AR-LBD,42,atompair,RF+XGB,lr_l2,1.0,0.7257917771259158,0.3335545475908975,0.4398272355176805,0.6311157822083484
NR-AR-LBD,42,atompair,RF+XGB,lr_l2,10.0,0.7003011811949992,0.3240109810024137,0.4139066188365248,0.6303471427002777
NR-AR-LBD,42,atompair,XGB+GCN,averaging,,0.7249368617546941,0.3327148054304244,0.326608407870636,0.6785047608589938
NR-AR-LBD,42,atompair,XGB+GCN,voting,,0.6987168426171392,0.2133357413761964,0.2559706044818141,0.6895166983011498
NR-AR-LBD,42,atompair,XGB+GCN,lr_none,,0.7329997333291502,0.3265971547783942,0.3596709667268777,0.6189901018055185
NR-AR-LBD,42,atompair,XGB+GCN,lr_l2,0.1,0.7250623539192772,0.3327281437507398,0.0,0.5
NR-AR-LBD,42,atompair,XGB+GCN,lr_l2,1.0,0.7295800718442641,0.32934077505169,0.3918113494864705,0.6201430610676246
NR-AR-LBD,42,atompair,XGB+GCN,lr_l2,10.0,0.7322781533827981,0.3288516542390896,0.3596709667268777,0.6189901018055185
NR-AR-LBD,42,atompair,RF+XGB+GCN,averaging,,0.710285651539632,0.3416919543545519,0.3865278908894723,0.6752184347989773
NR-AR-LBD,42,atompair,RF+XGB+GCN,voting,,0.6995168551663556,0.2531316597435434,0.3985191164659848,0.666935951936501
NR-AR-LBD,42,atompair,RF+XGB+GCN,lr_none,,0.6813910806444022,0.32919389377392,0.4023879824715649,0.6299628229462423
NR-AR-LBD,42,atompair,RF+XGB+GCN,lr_l2,0.1,0.7110072314859841,0.3408850296335819,0.0,0.5
NR-AR-LBD,42,atompair,RF+XGB+GCN,lr_l2,1.0,0.7063483348758413,0.3433043721247689,0.4263423144823404,0.630731462454313
NR-AR-LBD,42,atompair,RF+XGB+GCN,lr_l2,10.0,0.6886539396696418,0.3310130294809444,0.4023879824715649,0.6299628229462423
NR-AR-LBD,1,morgan,RF_only,single,,0.7477685924485089,0.3592960655385965,0.4140092397264904,0.6492180269494423
NR-AR-LBD,1,morgan,XGB_only,single,,0.7536667241839087,0.316482530414817,0.3299934064540349,0.6788890806130292
NR-AR-LBD,1,Graph,GCN_only,single,,0.6967168112440978,0.2590416009793875,0.2443388644789563,0.6654378892217917
NR-AR-LBD,1,morgan,RF+GCN,averaging,,0.7348507427567492,0.3504680206346246,0.3921609614769459,0.6756027545530126
NR-AR-LBD,1,morgan,RF+GCN,voting,,0.7015561028408289,0.2484892595030843,0.3547611036157332,0.6985286043702646
NR-AR-LBD,1,morgan,RF+GCN,lr_none,,0.7450783541702615,0.3520371012698293,0.3846314487340719,0.6386296255627539
NR-AR-LBD,1,morgan,RF+GCN,lr_l2,0.1,0.7333291502611805,0.3498773895055539,0.0,0.5
NR-AR-LBD,1,morgan,RF+GCN,lr_l2,1.0,0.740011608025224,0.3552096783842325,0.3813256495094666,0.6103232991890069
NR-AR-LBD,1,morgan,RF+GCN,lr_l2,10.0,0.7492352821220727,0.3646360491815076,0.4129613178299723,0.63978258482486
NR-AR-LBD,1,morgan,RF+XGB,averaging,,0.7767651257274623,0.3633411699848735,0.4349684997716568,0.6873441152018072
NR-AR-LBD,1,morgan,RF+XGB,voting,,0.6820185414673172,0.2481557791379878,0.326608407870636,0.6785047608589938
NR-AR-LBD,1,morgan,RF+XGB,lr_none,,0.7559334264066887,0.3608226722397193,0.4335308001343356,0.6499866664575131
NR-AR-LBD,1,morgan,RF+XGB,lr_l2,0.1,0.7773298404680858,0.3635305050121137,0.0,0.5
NR-AR-LBD,1,morgan,RF+XGB,lr_l2,1.0,0.7764513953160049,0.3630713022632491,0.4023879824715649,0.6299628229462423
NR-AR-LBD,1,morgan,RF+XGB,lr_l2,10.0,0.7665532008345228,0.3639556058577002,0.4433870307189089,0.6598064283361308
NR-AR-LBD,1,morgan,XGB+GCN,averaging,,0.7565922602707494,0.3358035582997019,0.3604081624863779,0.6819636386453121
NR-AR-LBD,1,morgan,XGB+GCN,voting,,0.6960030745580323,0.2254601284958428,0.2943282304477124,0.6900735697814867
NR-AR-LBD,1,morgan,XGB+GCN,lr_none,,0.7598079969881881,0.3525980034650384,0.4234749321551208,0.6496023467034777
NR-AR-LBD,1,morgan,XGB+GCN,lr_l2,0.1,0.7568589311204881,0.3378321570156301,0.0,0.5
NR-AR-LBD,1,morgan,XGB+GCN,lr_l2,1.0,0.759086417041836,0.3452697644052105,0.4023879824715649,0.6299628229462423
NR-AR-LBD,1,morgan,XGB+GCN,lr_l2,10.0,0.7597138778647508,0.3467794697880718,0.4234749321551208,0.6496023467034777
NR-AR-LBD,1,morgan,RF+XGB+GCN,averaging,,0.7660512321761911,0.3526728302702928,0.4158072743088668,0.6861911559397009
NR-AR-LBD,1,morgan,RF+XGB+GCN,voting,,0.6971795636009976,0.2697460571530199,0.4418754210168023,0.6877284349558425
NR-AR-LBD,1,morgan,RF+XGB+GCN,lr_none,,0.7507411880970682,0.3528984106608616,0.3846314487340719,0.6386296255627539
NR-AR-LBD,1,morgan,RF+XGB+GCN,lr_l2,0.1,0.7666159469168145,0.3545965874740022,0.0,0.5
NR-AR-LBD,1,morgan,RF+XGB+GCN,lr_l2,1.0,0.7696120723462327,0.3498102786819345,0.4442427553269122,0.6503709862115484
NR-AR-LBD,1,morgan,RF+XGB+GCN,lr_l2,10.0,0.7639806114605721,0.365245676920806,0.4433870307189089,0.6598064283361308
NR-AR-LBD,1,maccs,RF_only,single,,0.7176034133868767,0.3640741457471647,0.4236820147897985,0.6401669045788954
NR-AR-LBD,1,maccs,XGB_only,single,,0.7282780906367159,0.2987873668100445,0.2979982057947898,0.6667634002101994
NR-AR-LBD,1,Graph,GCN_only,single,,0.6967168112440978,0.2590416009793875,0.2443388644789563,0.6654378892217917
NR-AR-LBD,1,maccs,RF+GCN,averaging,,0.7057208740529264,0.366427146998065,0.370772319012189,0.6740654755368711
NR-AR-LBD,1,maccs,RF+GCN,voting,,0.7012737454705171,0.2651527912752402,0.351389423589084,0.6981442846162292
NR-AR-LBD,1,maccs,RF+GCN,lr_none,,0.7133915826130606,0.3718454817937285,0.3613912198635808,0.5906837754317715
NR-AR-LBD,1,maccs,RF+GCN,lr_l2,0.1,0.7057365605734991,0.3665418492743209,0.0,0.5
NR-AR-LBD,1,maccs,RF+GCN,lr_l2,1.0,0.7093287737846868,0.3762551512416066,0.3168619399576098,0.560840170041883
NR-AR-LBD,1,maccs,RF+GCN,lr_l2,10.0,0.7125131374609799,0.3759601617642436,0.2946346135769643,0.5604558502878476
NR-AR-LBD,1,maccs,RF+XGB,averaging,,0.7456587554314578,0.3356463018679083,0.3278499783119514,0.6702222779965176
NR-AR-LBD,1,maccs,RF+XGB,voting,,0.6704026729831056,0.2341129577656378,0.2979982057947898,0.6667634002101994
NR-AR-LBD,1,maccs,RF+XGB,lr_none,,0.7177838083734647,0.3633048173613159,0.3613912198635808,0.5906837754317715
NR-AR-LBD,1,maccs,RF+XGB,lr_l2,0.1,0.7457528745548949,0.3350861745019243,0.0,0.5
NR-AR-LBD,1,maccs,RF+XGB,lr_l2,1.0,0.7417214387676669,0.3415510048321018,0.3527520755797522,0.5808640135531538
NR-AR-LBD,1,maccs,RF+XGB,lr_l2,10.0,0.7252819652072974,0.352508862514691,0.3348623866426586,0.5804796937991185
NR-AR-LBD,1,maccs,XGB+GCN,averaging,,0.7331409120143061,0.3508533710374375,0.3334616154095918,0.6792734003670646
NR-AR-LBD,1,maccs,XGB+GCN,voting,,0.7042384978587899,0.1881701251929343,0.3084213602884341,0.7002776514141398
NR-AR-LBD,1,maccs,XGB+GCN,lr_none,,0.733156598534879,0.3496407642148048,0.3687897565502978,0.6099389794349716
NR-AR-LBD,1,maccs,XGB+GCN,lr_l2,0.1,0.7331879715760248,0.3492633383988737,0.0,0.5
NR-AR-LBD,1,maccs,XGB+GCN,lr_l2,1.0,0.7332507176583162,0.3502462829576471,0.3789189329800126,0.5910680951858068
NR-AR-LBD,1,maccs,XGB+GCN,lr_l2,10.0,0.7331879715760248,0.349638463989842,0.3813256495094666,0.6103232991890069
NR-AR-LBD,1,maccs,RF+XGB+GCN,averaging,,0.7397135641343393,0.363015198473112,0.3520510384411988,0.6725281965207297
NR-AR-LBD,1,maccs,RF+XGB+GCN,voting,,0.7062934320538361,0.2748362202023666,0.3631701177157575,0.6646300334122888
NR-AR-LBD,1,maccs,RF+XGB+GCN,lr_none,,0.7143484603680057,0.3717994696643599,0.3613912198635808,0.5906837754317715
NR-AR-LBD,1,maccs,RF+XGB+GCN,lr_l2,0.1,0.7400429810663697,0.3631512747958312,0.0,0.5
NR-AR-LBD,1,maccs,RF+XGB+GCN,lr_l2,1.0,0.7367801847872123,0.364931036897666,0.2946346135769643,0.5604558502878476
NR-AR-LBD,1,maccs,RF+XGB+GCN,lr_l2,10.0,0.7198701156096565,0.368458297466915,0.3527520755797522,0.5808640135531538
NR-AR-LBD,1,atompair,RF_only,single,,0.6919167359487992,0.3281366204925233,0.4351715537652652,0.6405512243329308
NR-AR-LBD,1,atompair,XGB_only,single,,0.7602550628245148,0.327657628564014,0.3435606570361592,0.6630927543961473
NR-AR-LBD,1,Graph,GCN_only,single,,0.6967168112440978,0.2590416009793875,0.2443388644789563,0.6654378892217917
NR-AR-LBD,1,atompair,RF+GCN,averaging,,0.68815197101131,0.3366718770477757,0.3798161559356007,0.6657829926743949
NR-AR-LBD,1,atompair,RF+GCN,voting,,0.7018541467317135,0.2568417385169004,0.3582104980781628,0.6989129241243
NR-AR-LBD,1,atompair,RF+GCN,lr_none,,0.6942697140347299,0.3490822356982752,0.4351715537652652,0.6405512243329308
NR-AR-LBD,1,atompair,RF+GCN,lr_l2,0.1,0.6874147045443849,0.3317300585745387,0.0,0.5
NR-AR-LBD,1,atompair,RF+GCN,lr_l2,1.0,0.6894539522188583,0.3430527301998916,0.403587911337014,0.6012721768184599
NR-AR-LBD,1,atompair,RF+GCN,lr_l2,10.0,0.6929363597860358,0.3422551494825986,0.4263423144823404,0.630731462454313
NR-AR-LBD,1,atompair,RF+XGB,averaging,,0.7203014949254105,0.3462228963350369,0.373241875006246,0.6563475505498125
NR-AR-LBD,1,atompair,RF+XGB,voting,,0.6652574942352036,0.247358620215763,0.3435606570361592,0.6630927543961473
NR-AR-LBD,1,atompair,RF+XGB,lr_none,,0.6761753125539224,0.3229916866984753,0.4139066188365248,0.6303471427002777
NR-AR-LBD,1,atompair,RF+XGB,lr_l2,0.1,0.7239721407394626,0.3467791983851924,0.0,0.5
NR-AR-LBD,1,atompair,RF+XGB,lr_l2,1.0,0.7144661092723023,0.3483830904900953,0.4545219564677746,0.6315001019623837
NR-AR-LBD,1,atompair,RF+XGB,lr_l2,10.0,0.6954697328585546,0.3358504901134037,0.4263423144823404,0.630731462454313
NR-AR-LBD,1,atompair,XGB+GCN,averaging,,0.7391802224348616,0.338613190358098,0.393326396003423,0.6846538769235595
NR-AR-LBD,1,atompair,XGB+GCN,voting,,0.6979089868076362,0.2250944822373394,0.316034684742803,0.693532447567805
NR-AR-LBD,1,atompair,XGB+GCN,lr_none,,0.7388664920234043,0.3378669278938951,0.3816798803330324,0.6291941834381716
NR-AR-LBD,1,atompair,XGB+GCN,lr_l2,0.1,0.737439018651273,0.338578984006498,0.0,0.5
NR-AR-LBD,1,atompair,XGB+GCN,lr_l2,1.0,0.7376586299392932,0.3384535390727078,0.357271084648308,0.6001192175563539
NR-AR-LBD,1,atompair,XGB+GCN,lr_l2,10.0,0.7387096268176756,0.3378478150417954,0.3916764907583381,0.629578503192207
NR-AR-LBD,1,atompair,RF+XGB+GCN,averaging,,0.7126386296255628,0.3508762035611897,0.3985191164659848,0.666935951936501
NR-AR-LBD,1,atompair,RF+XGB+GCN,voting,,0.6991482219328932,0.2742901605086479,0.4275136598244587,0.6684732309526424
NR-AR-LBD,1,atompair,RF+XGB+GCN,lr_none,,0.6788341777910242,0.3437046636141236,0.3918113494864705,0.6201430610676246
NR-AR-LBD,1,atompair,RF+XGB+GCN,lr_l2,0.1,0.7138778647508196,0.3528740856012785,0.0,0.5
NR-AR-LBD,1,atompair,RF+XGB+GCN,lr_l2,1.0,0.7051875323534486,0.3510715218289504,0.3918113494864705,0.6201430610676246
NR-AR-LBD,1,atompair,RF+XGB+GCN,lr_l2,10.0,0.6892814004925567,0.3415054768900459,0.4263423144823404,0.630731462454313
NR-AR-LBD,7,morgan,RF_only,single,,0.73958022870947,0.3721278503564839,0.4335308001343356,0.6499866664575131
NR-AR-LBD,7,morgan,XGB_only,single,,0.7536667241839087,0.316482530414817,0.3299934064540349,0.6788890806130292
NR-AR-LBD,7,Graph,GCN_only,single,,0.668449701171783,0.221737268780253,0.2112901824810228,0.6506219705407144
NR-AR-LBD,7,morgan,RF+GCN,averaging,,0.7071954069867763,0.3510872440246455,0.409885664063187,0.6858068361856656
NR-AR-LBD,7,morgan,RF+GCN,voting,,0.6884264851213353,0.2259600535944313,0.3091396045334839,0.684481325197258
NR-AR-LBD,7,morgan,RF+GCN,lr_none,,0.7429449873723509,0.3722201653566645,0.3966279266061232,0.6484493874413717
NR-AR-LBD,7,morgan,RF+GCN,lr_l2,0.1,0.7062699022729768,0.3505910278705397,0.0,0.5
NR-AR-LBD,7,morgan,RF+GCN,lr_l2,1.0,0.7167171249745093,0.3603547574291023,0.3950553356686931,0.6107076189430423
NR-AR-LBD,7,morgan,RF+GCN,lr_l2,10.0,0.7432430312632355,0.3739316446862302,0.4335308001343356,0.6499866664575131
NR-AR-LBD,7,morgan,RF+XGB,averaging,,0.7733376209822899,0.3750574293219775,0.4349684997716568,0.6873441152018072
NR-AR-LBD,7,morgan,RF+XGB,voting,,0.682285212317056,0.2486090288189238,0.3299934064540349,0.6788890806130292
NR-AR-LBD,7,morgan,RF+XGB,lr_none,,0.7435175453732609,0.3745772594679164,0.4335308001343356,0.6499866664575131
NR-AR-LBD,7,morgan,RF+XGB,lr_l2,0.1,0.7734317401057271,0.3745346416077443,0.0,0.5
NR-AR-LBD,7,morgan,RF+XGB,lr_l2,1.0,0.7723650567067718,0.3753325766937421,0.4129613178299723,0.63978258482486
NR-AR-LBD,7,morgan,RF+XGB,lr_l2,10.0,0.7579648308208756,0.3760086756660357,0.4335308001343356,0.6499866664575131
NR-AR-LBD,7,morgan,XGB+GCN,averaging,,0.7451724732936987,0.3411033743167303,0.3521874476516886,0.6811949991372414
NR-AR-LBD,7,morgan,XGB+GCN,voting,,0.6830930681265588,0.2081174261819423,0.2599771078320398,0.6760262906084802
NR-AR-LBD,7,morgan,XGB+GCN,lr_none,,0.7548824295283063,0.3454337203210784,0.4234749321551208,0.6496023467034777
NR-AR-LBD,7,morgan,XGB+GCN,lr_l2,0.1,0.7473685861739008,0.3449898810050448,0.0,0.5
NR-AR-LBD,7,morgan,XGB+GCN,lr_l2,1.0,0.7514157084817018,0.3344294793036848,0.4043084960339891,0.6205273808216599
NR-AR-LBD,7,morgan,XGB+GCN,lr_l2,10.0,0.7541451630613814,0.34355572688106,0.4234749321551208,0.6496023467034777
NR-AR-LBD,7,morgan,RF+XGB+GCN,averaging,,0.7499411755478518,0.3591272961747303,0.4219514908692309,0.6865754756937363
NR-AR-LBD,7,morgan,RF+XGB+GCN,voting,,0.6847793690881425,0.254733307557534,0.4349684997716568,0.6873441152018072
NR-AR-LBD,7,morgan,RF+XGB+GCN,lr_none,,0.7473058400916092,0.3710217602112476,0.3966279266061232,0.6484493874413717
NR-AR-LBD,7,morgan,RF+XGB+GCN,lr_l2,0.1,0.7525451379629484,0.3591486287624451,0.0,0.5
NR-AR-LBD,7,morgan,RF+XGB+GCN,lr_l2,1.0,0.7583334640543381,0.363814696554865,0.4351715537652652,0.6405512243329308
NR-AR-LBD,7,morgan,RF+XGB+GCN,lr_l2,10.0,0.7651100409418186,0.377832694761631,0.4234749321551208,0.6496023467034777
NR-AR-LBD,7,maccs,RF_only,single,,0.7187249996078371,0.3821939060258928,0.4236820147897985,0.6401669045788954
NR-AR-LBD,7,maccs,XGB_only,single,,0.7282780906367159,0.2987873668100445,0.2979982057947898,0.6667634002101994
NR-AR-LBD,7,Graph,GCN_only,single,,0.668449701171783,0.221737268780253,0.2112901824810228,0.6506219705407144
NR-AR-LBD,7,maccs,RF+GCN,averaging,,0.6983168363425309,0.3814935218253994,0.370772319012189,0.6740654755368711
NR-AR-LBD,7,maccs,RF+GCN,voting,,0.687916673202717,0.2390808499960106,0.3038428012989241,0.6837126856891873
NR-AR-LBD,7,maccs,RF+GCN,lr_none,,0.7084660151531789,0.3847838145035703,0.3734612109941114,0.5812483333071892
NR-AR-LBD,7,maccs,RF+GCN,lr_l2,0.1,0.698897237603727,0.3817863797616442,0.0,0.5
NR-AR-LBD,7,maccs,RF+GCN,lr_l2,1.0,0.7033522094464227,0.38567796233729,0.284742028004996,0.55063608840923
NR-AR-LBD,7,maccs,RF+GCN,lr_l2,10.0,0.7068659900547459,0.3805127419396387,0.3462377179268479,0.5710442516745361
NR-AR-LBD,7,maccs,RF+XGB,averaging,,0.7512588432759729,0.3469337449483185,0.3316068462176231,0.670606597750553
NR-AR-LBD,7,maccs,RF+XGB,voting,,0.670606597750553,0.2371389559407992,0.2979982057947898,0.6667634002101994
NR-AR-LBD,7,maccs,RF+XGB,lr_none,,0.7241682222466236,0.3700194681164575,0.3527520755797522,0.5808640135531538
NR-AR-LBD,7,maccs,RF+XGB,lr_l2,0.1,0.7514784545639932,0.3462808331186497,0.0,0.5
NR-AR-LBD,7,maccs,RF+XGB,lr_l2,1.0,0.7465528871041116,0.3543442379981978,0.3527520755797522,0.5808640135531538
NR-AR-LBD,7,maccs,RF+XGB,lr_l2,10.0,0.7320742286153508,0.3642186410692695,0.3527520755797522,0.5808640135531538
NR-AR-LBD,7,maccs,XGB+GCN,averaging,,0.7245446987403723,0.3507653104714588,0.326608407870636,0.6785047608589938
NR-AR-LBD,7,maccs,XGB+GCN,voting,,0.6912971183861707,0.1692283191337278,0.2756153511851233,0.6866146919951686
NR-AR-LBD,7,maccs,XGB+GCN,lr_none,,0.7276349432932281,0.3465411094485305,0.3789189329800126,0.5910680951858068
NR-AR-LBD,7,maccs,XGB+GCN,lr_l2,0.1,0.7254388304130261,0.347177550106896,0.0,0.5
NR-AR-LBD,7,maccs,XGB+GCN,lr_l2,1.0,0.7265996329354186,0.3466723928982965,0.4221312211149774,0.5918367346938775
NR-AR-LBD,7,maccs,XGB+GCN,lr_l2,10.0,0.7274153320052079,0.3463030838196903,0.3789189329800126,0.5910680951858068
NR-AR-LBD,7,maccs,RF+XGB+GCN,averaging,,0.7310232317369684,0.3741358448140158,0.356513026695103,0.6729125162747651
NR-AR-LBD,7,maccs,RF+XGB+GCN,voting,,0.6937834318969709,0.2533453033030929,0.3530326003998223,0.6638613939042181
NR-AR-LBD,7,maccs,RF+XGB+GCN,lr_none,,0.7142229682034228,0.375035427072919,0.3527520755797522,0.5808640135531538
NR-AR-LBD,7,maccs,RF+XGB+GCN,lr_l2,0.1,0.7326546298765471,0.3704200980258872,0.0,0.5
NR-AR-LBD,7,maccs,RF+XGB+GCN,lr_l2,1.0,0.7299251752968674,0.3702730142877794,0.3168619399576098,0.560840170041883
NR-AR-LBD,7,maccs,RF+XGB+GCN,lr_l2,10.0,0.718364209634661,0.371342535490286,0.3734612109941114,0.5812483333071892
NR-AR-LBD,7,atompair,RF_only,single,,0.6957128739274341,0.3063174448846685,0.4351715537652652,0.6405512243329308
NR-AR-LBD,7,atompair,XGB_only,single,,0.7602550628245148,0.327657628564014,0.3435606570361592,0.6630927543961473
NR-AR-LBD,7,Graph,GCN_only,single,,0.668449701171783,0.221737268780253,0.2112901824810228,0.6506219705407144
NR-AR-LBD,7,atompair,RF+GCN,averaging,,0.6817832436587241,0.3128869237429173,0.3798161559356007,0.6657829926743949
NR-AR-LBD,7,atompair,RF+GCN,voting,,0.6883402092581845,0.2307370146806766,0.3091396045334839,0.684481325197258
NR-AR-LBD,7,atompair,RF+GCN,lr_none,,0.6960736639006103,0.3158338110754566,0.4139066188365248,0.6303471427002777
NR-AR-LBD,7,atompair,RF+GCN,lr_l2,0.1,0.679587130778522,0.309995714321335,0.0,0.5
NR-AR-LBD,7,atompair,RF+GCN,lr_l2,1.0,0.6864107672277212,0.3215268377967722,0.4269840851095587,0.611476258451113
NR-AR-LBD,7,atompair,RF+GCN,lr_l2,10.0,0.6934069554032218,0.3179089792754021,0.4263423144823404,0.630731462454313
NR-AR-LBD,7,atompair,RF+XGB,averaging,,0.7281055389104144,0.3283191764086089,0.3920294366113138,0.6665516321824656
NR-AR-LBD,7,atompair,RF+XGB,voting,,0.6652574942352036,0.247358620215763,0.3435606570361592,0.6630927543961473
NR-AR-LBD,7,atompair,RF+XGB,lr_none,,0.670896798381151,0.2970085168469733,0.4043084960339891,0.6205273808216599
NR-AR-LBD,7,atompair,RF+XGB,lr_l2,0.1,0.7304271439551993,0.3290216000868735,0.0,0.5
NR-AR-LBD,7,atompair,RF+XGB,lr_l2,1.0,0.7188975513341387,0.3229738593033626,0.4398272355176805,0.6311157822083484
NR-AR-LBD,7,atompair,RF+XGB,lr_l2,10.0,0.6913049616464573,0.3069493912413346,0.4398272355176805,0.6311157822083484
NR-AR-LBD,7,atompair,XGB+GCN,averaging,,0.7186308804843997,0.3317417167916873,0.3783443151845518,0.6835009176614535
NR-AR-LBD,7,atompair,XGB+GCN,voting,,0.6849283910335848,0.1991308544836944,0.2800895005389416,0.6798694881488336
NR-AR-LBD,7,atompair,XGB+GCN,lr_none,,0.7190544165398672,0.3317261083290926,0.3916764907583381,0.629578503192207
NR-AR-LBD,7,atompair,XGB+GCN,lr_l2,0.1,0.7185210748403896,0.3321918600901646,0.0,0.5
NR-AR-LBD,7,atompair,XGB+GCN,lr_l2,1.0,0.7188661782929928,0.3317832683319194,0.357271084648308,0.6001192175563539
NR-AR-LBD,7,atompair,XGB+GCN,lr_l2,10.0,0.7190230434987215,0.3317209843499047,0.3916764907583381,0.629578503192207
NR-AR-LBD,7,atompair,RF+XGB+GCN,averaging,,0.7063326483552683,0.3354741514739514,0.3985191164659848,0.666935951936501
NR-AR-LBD,7,atompair,RF+XGB+GCN,voting,,0.6865284161320178,0.2537088603848501,0.4123622898763824,0.6677045914445717
NR-AR-LBD,7,atompair,RF+XGB+GCN,lr_none,,0.6758694254027515,0.3077128681139426,0.4043084960339891,0.6205273808216599
NR-AR-LBD,7,atompair,RF+XGB+GCN,lr_l2,0.1,0.7063326483552683,0.3352267478726777,0.0,0.5
NR-AR-LBD,7,atompair,RF+XGB+GCN,lr_l2,1.0,0.7009207987576275,0.3284283703028887,0.3918113494864705,0.6201430610676246
NR-AR-LBD,7,atompair,RF+XGB+GCN,lr_l2,10.0,0.6851558455818915,0.3164783570466585,0.4263423144823404,0.630731462454313
NR-AR-LBD,123,morgan,RF_only,single,,0.7459960156237745,0.3591758550238724,0.4234749321551208,0.6496023467034777
NR-AR-LBD,123,morgan,XGB_only,single,,0.7536667241839087,0.316482530414817,0.3299934064540349,0.6788890806130292
NR-AR-LBD,123,Graph,GCN_only,single,,0.6925128237305682,0.2893143483439944,0.24082164859713,0.664669249713721
NR-AR-LBD,123,morgan,RF+GCN,averaging,,0.7181602848672135,0.3524269064396613,0.4283331460962726,0.6869597954477717
NR-AR-LBD,123,morgan,RF+GCN,voting,,0.6914539835918995,0.2514573427937483,0.3358401376754187,0.6879402029835762
NR-AR-LBD,123,morgan,RF+GCN,lr_none,,0.7553530251454925,0.3719730643688779,0.4140092397264904,0.6492180269494423
NR-AR-LBD,123,morgan,RF+GCN,lr_l2,0.1,0.7172661531945599,0.3525528173566075,0.0,0.5
NR-AR-LBD,123,morgan,RF+GCN,lr_l2,1.0,0.7223642723807432,0.3579232437460312,0.3613912198635808,0.5906837754317715
NR-AR-LBD,123,morgan,RF+GCN,lr_l2,10.0,0.744529325950211,0.358755935026987,0.4335308001343356,0.6499866664575131
NR-AR-LBD,123,morgan,RF+XGB,averaging,,0.7706160096628966,0.3683816365145423,0.4349684997716568,0.6873441152018072
NR-AR-LBD,123,morgan,RF+XGB,voting,,0.6821675634127594,0.2572305552935093,0.326608407870636,0.6785047608589938
NR-AR-LBD,123,morgan,RF+XGB,lr_none,,0.7483568369699917,0.3662146640690707,0.4234749321551208,0.6496023467034777
NR-AR-LBD,123,morgan,RF+XGB,lr_l2,0.1,0.7713375896092488,0.368044875345719,0.0,0.5
NR-AR-LBD,123,morgan,RF+XGB,lr_l2,1.0,0.7692826554142027,0.3649644095235465,0.4129613178299723,0.63978258482486
NR-AR-LBD,123,morgan,RF+XGB,lr_l2,10.0,0.755415771227784,0.3682496504226707,0.4335308001343356,0.6499866664575131
NR-AR-LBD,123,morgan,XGB+GCN,averaging,,0.7447489372382311,0.3533521931685628,0.3562405913893046,0.6815793188912767
NR-AR-LBD,123,morgan,XGB+GCN,voting,,0.6859244850899622,0.2314563805320107,0.2758097420084743,0.679100848640763
NR-AR-LBD,123,morgan,XGB+GCN,lr_none,,0.7500039216301432,0.3599913922910965,0.4335308001343356,0.6499866664575131
NR-AR-LBD,123,morgan,XGB+GCN,lr_l2,0.1,0.7466313197069757,0.3541275338342098,0.0,0.5
NR-AR-LBD,123,morgan,XGB+GCN,lr_l2,1.0,0.7481685987231173,0.3609168136589761,0.4263423144823404,0.630731462454313
NR-AR-LBD,123,morgan,XGB+GCN,lr_l2,10.0,0.7499882351095705,0.3597504060502586,0.4442427553269122,0.6503709862115484
NR-AR-LBD,123,morgan,RF+XGB+GCN,averaging,,0.749784310342123,0.3571999985083015,0.4283331460962726,0.6869597954477717
NR-AR-LBD,123,morgan,RF+XGB+GCN,voting,,0.686802930242043,0.2737265655616251,0.4490735993854623,0.6881127547098778
NR-AR-LBD,123,morgan,RF+XGB+GCN,lr_none,,0.7619884233478172,0.3719543164161475,0.4140092397264904,0.6492180269494423
NR-AR-LBD,123,morgan,RF+XGB+GCN,lr_l2,0.1,0.7513843354405559,0.3564349561494499,0.0,0.5
NR-AR-LBD,123,morgan,RF+XGB+GCN,lr_l2,1.0,0.755164786898618,0.3699592126580239,0.4679551250589654,0.6511396257196191
NR-AR-LBD,123,morgan,RF+XGB+GCN,lr_l2,10.0,0.7609060534282892,0.3773064075178066,0.4234749321551208,0.6496023467034777
NR-AR-LBD,123,maccs,RF_only,single,,0.7003325542361448,0.35953390412877,0.4236820147897985,0.6401669045788954
NR-AR-LBD,123,maccs,XGB_only,single,,0.7282780906367159,0.2987873668100445,0.2979982057947898,0.6667634002101994
NR-AR-LBD,123,Graph,GCN_only,single,,0.6925128237305682,0.2893143483439944,0.24082164859713,0.664669249713721
NR-AR-LBD,123,maccs,RF+GCN,averaging,,0.6940814757878555,0.3633795128561179,0.3810931231219161,0.6748341150449418
NR-AR-LBD,123,maccs,RF+GCN,voting,,0.691030447536432,0.269005491085323,0.3294549831095148,0.6871715634755056
NR-AR-LBD,123,maccs,RF+GCN,lr_none,,0.6930618519506186,0.3578466974239133,0.3527520755797522,0.5808640135531538
NR-AR-LBD,123,maccs,RF+GCN,lr_l2,0.1,0.6935951936500965,0.3648963368385742,0.0,0.5
NR-AR-LBD,123,maccs,RF+GCN,lr_l2,1.0,0.691822616825362,0.3569183387052838,0.284742028004996,0.55063608840923
NR-AR-LBD,123,maccs,RF+GCN,lr_l2,10.0,0.6924187046071311,0.3593820004140075,0.3247912008732455,0.5706599319205007
NR-AR-LBD,123,maccs,RF+XGB,averaging,,0.7362311565671619,0.3283296252880391,0.3316068462176231,0.670606597750553
NR-AR-LBD,123,maccs,RF+XGB,voting,,0.670606597750553,0.2371389559407992,0.2979982057947898,0.6667634002101994
NR-AR-LBD,123,maccs,RF+XGB,lr_none,,0.7074620778365152,0.3543800303901177,0.3527520755797522,0.5808640135531538
NR-AR-LBD,123,maccs,RF+XGB,lr_l2,0.1,0.7367331252254937,0.3280555612887357,0.0,0.5
NR-AR-LBD,123,maccs,RF+XGB,lr_l2,1.0,0.7306938148049381,0.3326523237522445,0.2946346135769643,0.5604558502878476
NR-AR-LBD,123,maccs,RF+XGB,lr_l2,10.0,0.7156033820138354,0.3470385454846445,0.3527520755797522,0.5808640135531538
NR-AR-LBD,123,maccs,XGB+GCN,averaging,,0.7163249619601877,0.3528264128003307,0.3299934064540349,0.6788890806130292
NR-AR-LBD,123,maccs,XGB+GCN,voting,,0.6943559898978808,0.1837375183991725,0.2943282304477124,0.6900735697814867
NR-AR-LBD,123,maccs,XGB+GCN,lr_none,,0.7174387049208616,0.3507026233797155,0.3950553356686931,0.6107076189430423
NR-AR-LBD,123,maccs,XGB+GCN,lr_l2,0.1,0.7169367362625295,0.3506378699368426,0.0,0.5
NR-AR-LBD,123,maccs,XGB+GCN,lr_l2,1.0,0.717015168865394,0.3505621482039714,0.4221312211149774,0.5918367346938775
NR-AR-LBD,123,maccs,XGB+GCN,lr_l2,10.0,0.7174387049208616,0.3507026233797155,0.3950553356686931,0.6107076189430423
NR-AR-LBD,123,maccs,RF+XGB+GCN,averaging,,0.7185367613609625,0.3546954514597534,0.356513026695103,0.6729125162747651
NR-AR-LBD,123,maccs,RF+XGB+GCN,voting,,0.6963717077914948,0.2770718446108602,0.3530326003998223,0.6638613939042181
NR-AR-LBD,123,maccs,RF+XGB+GCN,lr_none,,0.6964030808326405,0.3524822175081393,0.3527520755797522,0.5808640135531538
NR-AR-LBD,123,maccs,RF+XGB+GCN,lr_l2,0.1,0.7191328491427316,0.3536457486532141,0.0,0.5
NR-AR-LBD,123,maccs,RF+XGB+GCN,lr_l2,1.0,0.714677877300036,0.3486124787612293,0.3168619399576098,0.560840170041883
NR-AR-LBD,123,maccs,RF+XGB+GCN,lr_l2,10.0,0.7026463160206434,0.3520260037257753,0.3247912008732455,0.5706599319205007
NR-AR-LBD,123,atompair,RF_only,single,,0.7131798145853269,0.3425416762507975,0.4398272355176805,0.6311157822083484
NR-AR-LBD,123,atompair,XGB_only,single,,0.7602550628245148,0.327657628564014,0.3435606570361592,0.6630927543961473
NR-AR-LBD,123,Graph,GCN_only,single,,0.6925128237305682,0.2893143483439944,0.24082164859713,0.664669249713721
NR-AR-LBD,123,atompair,RF+GCN,averaging,,0.6940814757878555,0.3398424042285952,0.4237963579257235,0.6775243533231894
NR-AR-LBD,123,atompair,RF+GCN,voting,,0.6915559459756232,0.2586845594339739,0.3391424734574649,0.6883245227376116
NR-AR-LBD,123,atompair,RF+GCN,lr_none,,0.7005913818255972,0.35137831887505,0.4608732794782104,0.6413198638410014
NR-AR-LBD,123,atompair,RF+GCN,lr_l2,0.1,0.6940501027467098,0.3383747240191059,0.0,0.5
NR-AR-LBD,123,atompair,RF+GCN,lr_l2,1.0,0.6948030557342076,0.3438115387646462,0.403587911337014,0.6012721768184599
NR-AR-LBD,123,atompair,RF+GCN,lr_l2,10.0,0.6992894006180489,0.3509188000781176,0.4398272355176805,0.6311157822083484
NR-AR-LBD,123,atompair,RF+XGB,averaging,,0.7434312695101101,0.3511434167609437,0.3858009979135192,0.6661673124284303
NR-AR-LBD,123,atompair,RF+XGB,voting,,0.6653123970572087,0.2581247448474339,0.3435606570361592,0.6630927543961473
NR-AR-LBD,123,atompair,RF+XGB,lr_none,,0.6928736137037443,0.3332601413452005,0.4179238029886206,0.6209117005756953
NR-AR-LBD,123,atompair,RF+XGB,lr_l2,0.1,0.746239156692654,0.3491447397526404,0.0,0.5
NR-AR-LBD,123,atompair,RF+XGB,lr_l2,1.0,0.7362625296083075,0.3511443913170361,0.4328395866890782,0.6212960203297306
NR-AR-LBD,123,atompair,RF+XGB,lr_l2,10.0,0.7164661406453434,0.3461665235247251,0.4398272355176805,0.6311157822083484
NR-AR-LBD,123,atompair,XGB+GCN,averaging,,0.7286231940893191,0.3411989956618569,0.409885664063187,0.6858068361856656
NR-AR-LBD,123,atompair,XGB+GCN,voting,,0.6879088299424305,0.2176940205511634,0.3012694914466019,0.6833283659351519
NR-AR-LBD,123,atompair,XGB+GCN,lr_none,,0.7277133758960924,0.3396522394358835,0.3816798803330324,0.6291941834381716
NR-AR-LBD,123,atompair,XGB+GCN,lr_l2,0.1,0.7277761219783839,0.3396607947252095,0.0,0.5
NR-AR-LBD,123,atompair,XGB+GCN,lr_l2,1.0,0.7277133758960924,0.3396522394358835,0.3813256495094666,0.6103232991890069
NR-AR-LBD,123,atompair,XGB+GCN,lr_l2,10.0,0.7277133758960924,0.3396522394358835,0.3816798803330324,0.6291941834381716
NR-AR-LBD,123,atompair,RF+XGB+GCN,averaging,,0.7233838962179798,0.3497111018750187,0.3985191164659848,0.666935951936501
NR-AR-LBD,123,atompair,RF+XGB+GCN,voting,,0.6891166920265417,0.2776599772913136,0.4197614035226115,0.668088911198607
NR-AR-LBD,123,atompair,RF+XGB+GCN,lr_none,,0.6762459018965004,0.3428547966362413,0.3950553356686931,0.6107076189430423
NR-AR-LBD,123,atompair,RF+XGB+GCN,lr_l2,0.1,0.7243878335346436,0.3543116063471027,0.0,0.5
NR-AR-LBD,123,atompair,RF+XGB+GCN,lr_l2,1.0,0.7158386798224288,0.349275542892365,0.4398272355176805,0.6311157822083484
NR-AR-LBD,123,atompair,RF+XGB+GCN,lr_l2,10.0,0.6913520212081758,0.3502023469745126,0.4179238029886206,0.6209117005756953
NR-AR-LBD,999,morgan,RF_only,single,,0.7511098213305306,0.3670015030667494,0.4129613178299723,0.63978258482486
NR-AR-LBD,999,morgan,XGB_only,single,,0.7536667241839087,0.316482530414817,0.3299934064540349,0.6788890806130292
NR-AR-LBD,999,Graph,GCN_only,single,,0.6819871684261715,0.2979266547406822,0.2188841608999194,0.6525435693108912
NR-AR-LBD,999,morgan,RF+GCN,averaging,,0.7154935763698255,0.3592729743120095,0.4490735993854623,0.6881127547098778
NR-AR-LBD,999,morgan,RF+GCN,voting,,0.689501011780577,0.2334826998792883,0.3203851187389598,0.6860186042133994
NR-AR-LBD,999,morgan,RF+GCN,lr_none,,0.7605923230168317,0.3647792235230443,0.4129613178299723,0.63978258482486
NR-AR-LBD,999,morgan,RF+GCN,lr_l2,0.1,0.7147249368617548,0.358974228480815,0.0,0.5
NR-AR-LBD,999,morgan,RF+GCN,lr_l2,1.0,0.7220505419692859,0.3666024591487186,0.3710913100334015,0.6005035373103892
NR-AR-LBD,999,morgan,RF+GCN,lr_l2,10.0,0.7462705297337997,0.3656448651634278,0.4236820147897985,0.6401669045788954
NR-AR-LBD,999,morgan,RF+XGB,averaging,,0.7747415645735619,0.3719185156963142,0.4283331460962726,0.6869597954477717
NR-AR-LBD,999,morgan,RF+XGB,voting,,0.6820028549467443,0.255082824090088,0.326608407870636,0.6785047608589938
NR-AR-LBD,999,morgan,RF+XGB,lr_none,,0.7550549812546079,0.3729332204218779,0.4534472063718248,0.6601907480901661
NR-AR-LBD,999,morgan,RF+XGB,lr_l2,0.1,0.7747729376147077,0.3663248540301765,0.0,0.5
NR-AR-LBD,999,morgan,RF+XGB,lr_l2,1.0,0.7734082103248677,0.3730981645209054,0.3918113494864705,0.6201430610676246
NR-AR-LBD,999,morgan,RF+XGB,lr_l2,10.0,0.7609531129900077,0.3764102590800898,0.4442427553269122,0.6503709862115484
NR-AR-LBD,999,morgan,XGB+GCN,averaging,,0.7468979905567146,0.3496357585835207,0.3783443151845518,0.6835009176614535
NR-AR-LBD,999,morgan,XGB+GCN,voting,,0.6842538706489513,0.213965829664064,0.2676504664375293,0.6775635696246216
NR-AR-LBD,999,morgan,XGB+GCN,lr_none,,0.7529843605389888,0.3518943725549519,0.4234749321551208,0.6496023467034777
NR-AR-LBD,999,morgan,XGB+GCN,lr_l2,0.1,0.7487489999843134,0.3514714308118301,0.0,0.5
NR-AR-LBD,999,morgan,XGB+GCN,lr_l2,1.0,0.7514313950022746,0.3562931135739069,0.4139066188365248,0.6303471427002777
NR-AR-LBD,999,morgan,XGB+GCN,lr_l2,10.0,0.7526549436069585,0.3510350969727999,0.4335308001343356,0.6499866664575131
NR-AR-LBD,999,morgan,RF+XGB+GCN,averaging,,0.7497686238215502,0.3625374742360038,0.4219514908692309,0.6865754756937363
NR-AR-LBD,999,morgan,RF+XGB+GCN,voting,,0.6857127170622284,0.2668329554043839,0.4418754210168023,0.6877284349558425
NR-AR-LBD,999,morgan,RF+XGB+GCN,lr_none,,0.7635100158433857,0.3662997270779207,0.4234749321551208,0.6496023467034777
NR-AR-LBD,999,morgan,RF+XGB+GCN,lr_l2,0.1,0.7530471066212804,0.3646898443955987,0.0,0.5
NR-AR-LBD,999,morgan,RF+XGB+GCN,lr_l2,1.0,0.7566236333118952,0.3716269299617012,0.4475292155889954,0.6409355440869661
NR-AR-LBD,999,morgan,RF+XGB+GCN,lr_l2,10.0,0.7643257149131751,0.3767866636783375,0.4442427553269122,0.6503709862115484
NR-AR-LBD,999,maccs,RF_only,single,,0.7167641845362281,0.3583519808767778,0.4351715537652652,0.6405512243329308
NR-AR-LBD,999,maccs,XGB_only,single,,0.7282780906367159,0.2987873668100445,0.2979982057947898,0.6667634002101994
NR-AR-LBD,999,Graph,GCN_only,single,,0.6819871684261715,0.2979266547406822,0.2188841608999194,0.6525435693108912
NR-AR-LBD,999,maccs,RF+GCN,averaging,,0.7053443975591773,0.3690778050151901,0.3798161559356007,0.6657829926743949
NR-AR-LBD,999,maccs,RF+GCN,voting,,0.6896578769863058,0.243086541415903,0.3203851187389598,0.6860186042133994
NR-AR-LBD,999,maccs,RF+GCN,lr_none,,0.7095013255109885,0.3663171318088365,0.3247912008732455,0.5706599319205007
NR-AR-LBD,999,maccs,RF+GCN,lr_l2,0.1,0.7052816514768859,0.3680664695194571,0.0,0.5
NR-AR-LBD,999,maccs,RF+GCN,lr_l2,1.0,0.7076189430422438,0.3662381388099673,0.284742028004996,0.55063608840923
NR-AR-LBD,999,maccs,RF+GCN,lr_l2,10.0,0.7082934634268773,0.3687428054381952,0.3247912008732455,0.5706599319205007
NR-AR-LBD,999,maccs,RF+XGB,averaging,,0.7461920971309354,0.332969873083025,0.3184641090935667,0.6607868358719352
NR-AR-LBD,999,maccs,RF+XGB,voting,,0.6707477764357088,0.2466627654646087,0.2979982057947898,0.6667634002101994
NR-AR-LBD,999,maccs,RF+XGB,lr_none,,0.721172096817205,0.3550799278125183,0.3247912008732455,0.5706599319205007
NR-AR-LBD,999,maccs,RF+XGB,lr_l2,0.1,0.7465685736246842,0.3324920257589986,0.0,0.5
NR-AR-LBD,999,maccs,RF+XGB,lr_l2,1.0,0.742443018714019,0.3403347081667731,0.2617164431234248,0.5502517686551947
NR-AR-LBD,999,maccs,RF+XGB,lr_l2,10.0,0.7271172881143234,0.349183415452452,0.3247912008732455,0.5706599319205007
NR-AR-LBD,999,maccs,XGB+GCN,averaging,,0.7199328616919481,0.3429159368286423,0.3299934064540349,0.6788890806130292
NR-AR-LBD,999,maccs,XGB+GCN,voting,,0.6927324350185885,0.1680367944407353,0.2877959796254249,0.6889206105193807
NR-AR-LBD,999,maccs,XGB+GCN,lr_none,,0.7209524855291848,0.3401977870976749,0.3864276568468482,0.6008878570644245
NR-AR-LBD,999,maccs,XGB+GCN,lr_l2,0.1,0.7207956203234561,0.3402246964345107,0.0,0.5
NR-AR-LBD,999,maccs,XGB+GCN,lr_l2,1.0,0.7206858146794459,0.3400643696819964,0.3720074367917948,0.5714285714285714
NR-AR-LBD,999,maccs,XGB+GCN,lr_l2,10.0,0.7206073820765816,0.3399302072316935,0.403587911337014,0.6012721768184599
NR-AR-LBD,999,maccs,RF+XGB+GCN,averaging,,0.7268819903057303,0.3554661308186747,0.343519114025318,0.671759557012659
NR-AR-LBD,999,maccs,RF+XGB+GCN,voting,,0.6952893378719666,0.2546165570771275,0.3530326003998223,0.6638613939042181
NR-AR-LBD,999,maccs,RF+XGB+GCN,lr_none,,0.7108817393214011,0.3610268555076036,0.3247912008732455,0.5706599319205007
NR-AR-LBD,999,maccs,RF+XGB+GCN,lr_l2,0.1,0.7282780906367159,0.3540389848292792,0.0,0.5
NR-AR-LBD,999,maccs,RF+XGB+GCN,lr_l2,1.0,0.7263643351268255,0.3578010867836096,0.3168619399576098,0.560840170041883
NR-AR-LBD,999,maccs,RF+XGB+GCN,lr_l2,10.0,0.714819055985192,0.3586663446915355,0.3247912008732455,0.5706599319205007
NR-AR-LBD,999,atompair,RF_only,single,,0.7075091373982337,0.3269167213046383,0.4129613178299723,0.63978258482486
NR-AR-LBD,999,atompair,XGB_only,single,,0.7602550628245148,0.327657628564014,0.3435606570361592,0.6630927543961473
NR-AR-LBD,999,Graph,GCN_only,single,,0.6819871684261715,0.2979266547406822,0.2188841608999194,0.6525435693108912
NR-AR-LBD,999,atompair,RF+GCN,averaging,,0.685830365966525,0.3244083891721395,0.3863268819943735,0.6571161900578832
NR-AR-LBD,999,atompair,RF+GCN,voting,,0.689501011780577,0.2334826998792883,0.3203851187389598,0.6860186042133994
NR-AR-LBD,999,atompair,RF+GCN,lr_none,,0.6942697140347299,0.3290676714912083,0.4139066188365248,0.6303471427002777
NR-AR-LBD,999,atompair,RF+GCN,lr_l2,0.1,0.6853440838287659,0.3237790599650495,0.0,0.5
NR-AR-LBD,999,atompair,RF+GCN,lr_l2,1.0,0.6868186167626159,0.3306476092478274,0.4269840851095587,0.611476258451113
NR-AR-LBD,999,atompair,RF+GCN,lr_l2,10.0,0.6912892751258843,0.3317150255612022,0.4139066188365248,0.6303471427002777
NR-AR-LBD,999,atompair,RF+XGB,averaging,,0.7349683916610458,0.3432052636732021,0.3920294366113138,0.6665516321824656
NR-AR-LBD,999,atompair,RF+XGB,voting,,0.6651241588103342,0.2378348106919535,0.3435606570361592,0.6630927543961473
NR-AR-LBD,999,atompair,RF+XGB,lr_none,,0.6942775572950164,0.3193044000230071,0.4023879824715649,0.6299628229462423
NR-AR-LBD,999,atompair,RF+XGB,lr_l2,0.1,0.7370076393355189,0.344284611387145,0.0,0.5
NR-AR-LBD,999,atompair,RF+XGB,lr_l2,1.0,0.7301996894068927,0.3439701007664263,0.4398272355176805,0.6311157822083484
NR-AR-LBD,999,atompair,RF+XGB,lr_l2,10.0,0.712411175077256,0.3305385255136783,0.4139066188365248,0.6303471427002777
NR-AR-LBD,999,atompair,XGB+GCN,averaging,,0.7173916453591429,0.3416839817555253,0.3986571466892881,0.6850381966775949
NR-AR-LBD,999,atompair,XGB+GCN,voting,,0.6860421339942587,0.210985854659324,0.2867822463400348,0.6810224474109398
NR-AR-LBD,999,atompair,XGB+GCN,lr_none,,0.7157131876578455,0.3408327392107567,0.4023879824715649,0.6299628229462423
NR-AR-LBD,999,atompair,XGB+GCN,lr_l2,0.1,0.7175641970854445,0.341720080321245,0.0,0.5
NR-AR-LBD,999,atompair,XGB+GCN,lr_l2,1.0,0.7166073193304994,0.3416957453814139,0.3813256495094666,0.6103232991890069
NR-AR-LBD,999,atompair,XGB+GCN,lr_l2,10.0,0.7157916202607099,0.3401696152929402,0.4023879824715649,0.6299628229462423
NR-AR-LBD,999,atompair,RF+XGB+GCN,averaging,,0.7110856640888484,0.343271611304887,0.3985191164659848,0.666935951936501
NR-AR-LBD,999,atompair,RF+XGB+GCN,voting,,0.687344115201807,0.2560107770706848,0.4197614035226115,0.668088911198607
NR-AR-LBD,999,atompair,RF+XGB+GCN,lr_none,,0.682771494454815,0.3238465089833134,0.4023879824715649,0.6299628229462423
NR-AR-LBD,999,atompair,RF+XGB+GCN,lr_l2,0.1,0.7122150935700952,0.3455148106470948,0.0,0.5
NR-AR-LBD,999,atompair,RF+XGB+GCN,lr_l2,1.0,0.7054542032031875,0.3409357580094251,0.3918113494864705,0.6201430610676246
NR-AR-LBD,999,atompair,RF+XGB+GCN,lr_l2,10.0,0.6874147045443849,0.3300500426173959,0.4139066188365248,0.6303471427002777
NR-ER,42,morgan,RF_only,single,,0.6136957259158752,0.329597971742636,0.2895810624334446,0.5587403889642696
NR-ER,42,morgan,XGB_only,single,,0.6380201266395296,0.289090688809396,0.1724095632351596,0.5887833559475351
NR-ER,42,Graph,GCN_only,single,,0.6545313206693805,0.2976361929967613,0.1527944354469853,0.5652504522840344
NR-ER,42,morgan,RF+GCN,averaging,,0.6586499321573948,0.3304182647926129,0.25578726265863,0.5657310040705563
NR-ER,42,morgan,RF+GCN,voting,,0.5744657394843962,0.2302197142218065,0.1942087490200235,0.5722495477159656
NR-ER,42,morgan,RF+GCN,lr_none,,0.655512211668928,0.3336016350591501,0.2955454769316058,0.5689959294436906
NR-ER,42,morgan,RF+GCN,lr_l2,0.1,0.6601990049751244,0.3275184861425885,0.0725013653312444,0.503030303030303
NR-ER,42,morgan,RF+GCN,lr_l2,1.0,0.6586895070104025,0.3307906333795058,0.2993913467097553,0.5643345771144279
NR-ER,42,morgan,RF+GCN,lr_l2,10.0,0.6562584803256446,0.3335021059797516,0.2891856797969043,0.5685295115332428
NR-ER,42,morgan,RF+XGB,averaging,,0.6476085481682496,0.3265679599976571,0.2150019823024561,0.568990275893261
NR-ER,42,morgan,RF+XGB,voting,,0.5954658525554047,0.2434414157884007,0.1724095632351596,0.5887833559475351
NR-ER,42,morgan,RF+XGB,lr_none,,0.6324457259158752,0.3348048293000506,0.2919857074870985,0.5638681592039801
NR-ER,42,morgan,RF+XGB,lr_l2,0.1,0.6475237449118048,0.3264781899426124,0.0,0.5
NR-ER,42,morgan,RF+XGB,lr_l2,1.0,0.6444255992763455,0.332944786944234,0.2890520770805564,0.553612618724559
NR-ER,42,morgan,RF+XGB,lr_l2,10.0,0.6350124378109453,0.3344029387820568,0.2919857074870985,0.5638681592039801
NR-ER,42,morgan,XGB+GCN,averaging,,0.6611459746720942,0.3313326274375489,0.1989845107929508,0.5715513342379014
NR-ER,42,morgan,XGB+GCN,voting,,0.5990360696517413,0.2116323242531554,0.1651582808369382,0.5920398009950248
NR-ER,42,morgan,XGB+GCN,lr_none,,0.6606597693351425,0.3267406738394909,0.2328533929316134,0.56130144730891
NR-ER,42,morgan,XGB+GCN,lr_l2,0.1,0.6609481004070555,0.32945297961788,0.0,0.5
NR-ER,42,morgan,XGB+GCN,lr_l2,1.0,0.6608067616463138,0.3281065011518568,0.2163684579795976,0.5489484396200814
NR-ER,42,morgan,XGB+GCN,lr_l2,10.0,0.6606371551334238,0.3269454776314939,0.2374405455115163,0.5617678652193578
NR-ER,42,morgan,RF+XGB+GCN,averaging,,0.66412539574853,0.3450713992172713,0.2659013388135104,0.5755201266395297
NR-ER,42,morgan,RF+XGB+GCN,voting,,0.6013370646766169,0.2536081015447026,0.2453876077148289,0.5689931026684758
NR-ER,42,morgan,RF+XGB+GCN,lr_none,,0.6632717096336499,0.3408717848232641,0.2976228661905795,0.5715598145635459
NR-ER,42,morgan,RF+XGB+GCN,lr_l2,0.1,0.6647303256445047,0.3409161974426088,0.2056479916787304,0.5242424242424243
NR-ER,42,morgan,RF+XGB+GCN,lr_l2,1.0,0.6654313658977837,0.3408392884777292,0.286967391798514,0.5659656264133877
NR-ER,42,morgan,RF+XGB+GCN,lr_l2,10.0,0.663837064676617,0.3412193345864327,0.2955454769316058,0.5689959294436906
NR-ER,42,maccs,RF_only,single,,0.6807835820895523,0.3558104808574326,0.2696007630145201,0.5780840117593848
NR-ER,42,maccs,XGB_only,single,,0.6691344414292176,0.3456731245716452,0.2392996495035956,0.6323694029850746
NR-ER,42,Graph,GCN_only,single,,0.6545313206693805,0.2976361929967613,0.1527944354469853,0.5652504522840344
NR-ER,42,maccs,RF+GCN,averaging,,0.6860470375395749,0.3564144899174102,0.2782130604826343,0.5790168475802804
NR-ER,42,maccs,RF+GCN,voting,,0.5715287200361827,0.2301855926858076,0.1746312044572986,0.5680517865219358
NR-ER,42,maccs,RF+GCN,lr_none,,0.687347354138399,0.3583638629380604,0.3021990055851791,0.5766875848032564
NR-ER,42,maccs,RF+GCN,lr_l2,0.1,0.6856739032112167,0.3555513360359457,0.1623809466104853,0.5151515151515151
NR-ER,42,maccs,RF+GCN,lr_l2,1.0,0.6866689280868385,0.3580648051718626,0.3186971004881364,0.5755229534147445
NR-ER,42,maccs,RF+GCN,lr_l2,10.0,0.6872060153776571,0.358385614315304,0.2940312993664284,0.5736572817729534
NR-ER,42,maccs,RF+XGB,averaging,,0.6730297376752601,0.3616628684226912,0.2616956213028759,0.6095431931252827
NR-ER,42,maccs,RF+XGB,voting,,0.6403380823156942,0.2521139103316746,0.2392996495035956,0.6323694029850746
NR-ER,42,maccs,RF+XGB,lr_none,,0.6798931478968792,0.3544560486545749,0.2655889253940446,0.5620024875621891
NR-ER,42,maccs,RF+XGB,lr_l2,0.1,0.6740134554500227,0.3623711937870457,0.0,0.5
NR-ER,42,maccs,RF+XGB,lr_l2,1.0,0.6797744233378562,0.363246379758282,0.2551044720359305,0.551746947082768
NR-ER,42,maccs,RF+XGB,lr_l2,10.0,0.6808259837177748,0.3568184365070995,0.2655889253940446,0.5620024875621891
NR-ER,42,maccs,XGB+GCN,averaging,,0.670496947082768,0.3566200758513493,0.2512005330915305,0.6055800542740841
NR-ER,42,maccs,XGB+GCN,voting,,0.6346675712347354,0.227628936172935,0.2210015754883117,0.6277023971053821
NR-ER,42,maccs,XGB+GCN,lr_none,,0.6677775893260968,0.3374644201829665,0.2370817620427758,0.5638653324287652
NR-ER,42,maccs,XGB+GCN,lr_l2,0.1,0.6702312302125734,0.3540802673217369,0.0,0.5
NR-ER,42,maccs,XGB+GCN,lr_l2,1.0,0.6680319990954318,0.3426944723551422,0.244918548760056,0.5580393487109905
NR-ER,42,maccs,XGB+GCN,lr_l2,10.0,0.6677493215739484,0.3385097170983761,0.2370817620427758,0.5638653324287652
NR-ER,42,maccs,RF+XGB+GCN,averaging,,0.677773066485753,0.3684005751069692,0.2517896257022637,0.5915988240615107
NR-ER,42,maccs,RF+XGB+GCN,voting,,0.6363608095884216,0.2661743604712456,0.2154616850028919,0.5727187924016283
NR-ER,42,maccs,RF+XGB+GCN,lr_none,,0.6841841926729986,0.3526224874202252,0.3021990055851791,0.5766875848032564
NR-ER,42,maccs,RF+XGB+GCN,lr_l2,0.1,0.6790677295341475,0.3672606034450564,0.230108753158396,0.5303030303030303
NR-ER,42,maccs,RF+XGB+GCN,lr_l2,1.0,0.6855240841248305,0.3613142173586116,0.3186971004881364,0.5755229534147445
NR-ER,42,maccs,RF+XGB+GCN,lr_l2,10.0,0.6857163048394391,0.3538341373276764,0.3021990055851791,0.5766875848032564
NR-ER,42,atompair,RF_only,single,,0.7219499095431932,0.3719233251764579,0.2149788475429377,0.5531433740388965
NR-ER,42,atompair,XGB_only,single,,0.6676645183175034,0.3659136170061162,0.2526504081637858,0.6246862279511534
NR-ER,42,Graph,GCN_only,single,,0.6545313206693805,0.2976361929967613,0.1527944354469853,0.5652504522840344
NR-ER,42,atompair,RF+GCN,averaging,,0.6973597919493442,0.3390876558286295,0.2738493188764458,0.5785504296698326
NR-ER,42,atompair,RF+GCN,voting,,0.5727187924016282,0.1985964595559555,0.1896496849101553,0.57131671189507
NR-ER,42,atompair,RF+GCN,lr_none,,0.7156603346901853,0.3644491687406077,0.2809244707344926,0.5748219131614654
NR-ER,42,atompair,RF+GCN,lr_l2,0.1,0.6947308909995478,0.3350437446394693,0.0,0.5
NR-ER,42,atompair,RF+GCN,lr_l2,1.0,0.7071630483943917,0.3516776982341572,0.2800727961881549,0.5701605608322027
NR-ER,42,atompair,RF+GCN,lr_l2,10.0,0.7146766169154228,0.3616694488998541,0.2727002499439355,0.5717916101311623
NR-ER,42,atompair,RF+XGB,averaging,,0.6948637494346449,0.3739249161537096,0.3059528356333301,0.6100152645861601
NR-ER,42,atompair,RF+XGB,voting,,0.6279313658977838,0.2345344342100607,0.2526504081637858,0.6246862279511534
NR-ER,42,atompair,RF+XGB,lr_none,,0.7212092944369064,0.3791526349402224,0.2546670699789999,0.5678284712799638
NR-ER,42,atompair,RF+XGB,lr_l2,0.1,0.6912850520126639,0.3739450101874643,0.0,0.5
NR-ER,42,atompair,RF+XGB,lr_l2,1.0,0.7061765038444143,0.3781751288653933,0.2521557898316079,0.563167118950701
NR-ER,42,atompair,RF+XGB,lr_l2,10.0,0.7197902532790593,0.3811758646452402,0.2546670699789999,0.5678284712799638
NR-ER,42,atompair,XGB+GCN,averaging,,0.6809023066485752,0.3536146634485788,0.2772314061763297,0.6053510854816825
NR-ER,42,atompair,XGB+GCN,voting,,0.6340852555404795,0.2273373090310783,0.2441185304247707,0.630274762550882
NR-ER,42,atompair,XGB+GCN,lr_none,,0.680789235639982,0.3518942689760897,0.2453876077148289,0.5689931026684758
NR-ER,42,atompair,XGB+GCN,lr_l2,0.1,0.6810379918588874,0.3546175183707719,0.0725013653312444,0.503030303030303
NR-ER,42,atompair,XGB+GCN,lr_l2,1.0,0.6809023066485753,0.3526363486097976,0.26432388767414,0.5687613071008594
NR-ER,42,atompair,XGB+GCN,lr_l2,10.0,0.6808627317955677,0.3522300668154114,0.2453876077148289,0.5689931026684758
NR-ER,42,atompair,RF+XGB+GCN,averaging,,0.6971675712347353,0.3641555948301815,0.2574925249916797,0.5766847580280416
NR-ER,42,atompair,RF+XGB+GCN,voting,,0.6352272727272728,0.2402478141545443,0.2187417575521849,0.5657281772953414
NR-ER,42,atompair,RF+XGB+GCN,lr_none,,0.7162878787878788,0.3705463595063317,0.2727002499439355,0.5717916101311623
NR-ER,42,atompair,RF+XGB+GCN,lr_l2,0.1,0.6948891904115784,0.3647982771532924,0.1902338643290874,0.5237760063319765
NR-ER,42,atompair,RF+XGB+GCN,lr_l2,1.0,0.7037878787878789,0.364154131932601,0.2661142930098814,0.5666638398914519
NR-ER,42,atompair,RF+XGB+GCN,lr_l2,10.0,0.7145296246042514,0.3702353747557868,0.26432388767414,0.5687613071008594
NR-ER,1,morgan,RF_only,single,,0.6425288331071912,0.3468496676680933,0.2815935222395859,0.5582739710538218
NR-ER,1,morgan,XGB_only,single,,0.6380201266395296,0.289090688809396,0.1724095632351596,0.5887833559475351
NR-ER,1,Graph,GCN_only,single,,0.6310153776571688,0.2802676335734378,0.1578296276028901,0.562689393939394
NR-ER,1,morgan,RF+GCN,averaging,,0.6686680235187699,0.333799814244038,0.2815935222395859,0.5582739710538218
NR-ER,1,morgan,RF+GCN,voting,,0.5742028493894166,0.2288745994849574,0.2154616850028919,0.5727187924016283
NR-ER,1,morgan,RF+GCN,lr_none,,0.6675542740841249,0.3400850025953468,0.3091085073630912,0.5699287652645861
NR-ER,1,morgan,RF+GCN,lr_l2,0.1,0.6681252826775215,0.3311087062631149,0.0,0.5
NR-ER,1,morgan,RF+GCN,lr_l2,1.0,0.668357078245138,0.3347302613794547,0.2804335226868556,0.5557100859339665
NR-ER,1,morgan,RF+GCN,lr_l2,10.0,0.6675712347354139,0.3382724755279107,0.3006443380425821,0.5668984622342832
NR-ER,1,morgan,RF+XGB,averaging,,0.6575587969244686,0.330097347572593,0.2041047663675164,0.5654935549525102
NR-ER,1,morgan,RF+XGB,voting,,0.5951944821347805,0.2475598107035796,0.1711021169383292,0.5883169380370873
NR-ER,1,morgan,RF+XGB,lr_none,,0.6541383989145183,0.3477924682880041,0.2849299356865154,0.5634017412935324
NR-ER,1,morgan,RF+XGB,lr_l2,0.1,0.6575757575757576,0.3301131895711554,0.0,0.5
NR-ER,1,morgan,RF+XGB,lr_l2,1.0,0.6592944369063771,0.34115329191365,0.2710278110965358,0.5526797829036635
NR-ER,1,morgan,RF+XGB,lr_l2,10.0,0.6554047942107643,0.3468329440946462,0.2919857074870985,0.5638681592039801
NR-ER,1,morgan,XGB+GCN,averaging,,0.6576549072817729,0.3200597349354455,0.1925158189313369,0.5636278833107191
NR-ER,1,morgan,XGB+GCN,voting,,0.6047348484848484,0.2117842484692507,0.1808315720096165,0.5992678652193578
NR-ER,1,morgan,XGB+GCN,lr_none,,0.6548790140208052,0.3154358906045575,0.2198503828516017,0.5536097919493441
NR-ER,1,morgan,XGB+GCN,lr_l2,0.1,0.6577170963364994,0.3199011611167799,0.0,0.5
NR-ER,1,morgan,XGB+GCN,lr_l2,1.0,0.6569086386250567,0.3190070732294128,0.2140056130452385,0.5442870872908186
NR-ER,1,morgan,XGB+GCN,lr_l2,10.0,0.6550881953867029,0.31567751129835,0.2206540980877029,0.5515123247399367
NR-ER,1,morgan,RF+XGB+GCN,averaging,,0.6685775667118952,0.3411889593733143,0.2693944894211435,0.5692277250113071
NR-ER,1,morgan,RF+XGB+GCN,voting,,0.6068153550429669,0.2515225607644347,0.2470815784910928,0.5627007010402533
NR-ER,1,morgan,RF+XGB+GCN,lr_none,,0.6734622342831298,0.3427627219499243,0.2919857074870985,0.5638681592039801
NR-ER,1,morgan,RF+XGB+GCN,lr_l2,0.1,0.6685549525101765,0.3408891396001904,0.1256777705824101,0.509090909090909
NR-ER,1,morgan,RF+XGB+GCN,lr_l2,1.0,0.6714778380823156,0.3415799454197659,0.274028164677741,0.557807553143374
NR-ER,1,morgan,RF+XGB+GCN,lr_l2,10.0,0.6731117141564904,0.3427064696530906,0.2831187909788372,0.5608378561736771
NR-ER,1,maccs,RF_only,single,,0.6744544323835369,0.3581061319892189,0.2747444209951915,0.5764529624604252
NR-ER,1,maccs,XGB_only,single,,0.6691344414292176,0.3456731245716452,0.2392996495035956,0.6323694029850746
NR-ER,1,Graph,GCN_only,single,,0.6310153776571688,0.2802676335734378,0.1578296276028901,0.562689393939394
NR-ER,1,maccs,RF+GCN,averaging,,0.6795822026232474,0.3545510481947022,0.26432388767414,0.5687613071008594
NR-ER,1,maccs,RF+GCN,voting,,0.579039461781999,0.2350047799045082,0.2084032282301151,0.576679104477612
NR-ER,1,maccs,RF+GCN,lr_none,,0.6803228177295342,0.3553780445930464,0.2746402920381359,0.5696941429217549
NR-ER,1,maccs,RF+GCN,lr_l2,0.1,0.6821036861148803,0.3575760133004568,0.0725013653312444,0.503030303030303
NR-ER,1,maccs,RF+GCN,lr_l2,1.0,0.6811651967435549,0.3566916986147121,0.2849299356865154,0.5634017412935324
NR-ER,1,maccs,RF+GCN,lr_l2,10.0,0.6805319990954319,0.355589096168452,0.2915495454109034,0.5710933966530981
NR-ER,1,maccs,RF+XGB,averaging,,0.6733180687471733,0.3629973677869075,0.2490824612669918,0.6051136363636364
NR-ER,1,maccs,RF+XGB,voting,,0.6404879014020805,0.2553640586310708,0.2392996495035956,0.6323694029850746
NR-ER,1,maccs,RF+XGB,lr_none,,0.6734650610583446,0.3561115249284514,0.2596742591056721,0.5615360696517413
NR-ER,1,maccs,RF+XGB,lr_l2,0.1,0.6738834237901402,0.3632113286478901,0.0,0.5
NR-ER,1,maccs,RF+XGB,lr_l2,1.0,0.6770946404341927,0.3648855976454988,0.2574524756945446,0.5543108322026232
NR-ER,1,maccs,RF+XGB,lr_l2,10.0,0.6750819764812303,0.358963817939794,0.2596742591056721,0.5615360696517413
NR-ER,1,maccs,XGB+GCN,averaging,,0.667998077792854,0.3527966599517806,0.2304814760241008,0.597653776571687
NR-ER,1,maccs,XGB+GCN,voting,,0.6344640434192672,0.2363235397312427,0.2219773867878635,0.6270041836273179
NR-ER,1,maccs,XGB+GCN,lr_none,,0.6614908412483039,0.3286876151347208,0.234190215363462,0.5571065128900949
NR-ER,1,maccs,XGB+GCN,lr_l2,0.1,0.6679415422885573,0.3528808173233445,0.0,0.5
NR-ER,1,maccs,XGB+GCN,lr_l2,1.0,0.6647642469470827,0.3397722512550972,0.2551044720359305,0.551746947082768
NR-ER,1,maccs,XGB+GCN,lr_l2,10.0,0.6616830619629127,0.3302975090300779,0.2206540980877029,0.5515123247399367
NR-ER,1,maccs,RF+XGB+GCN,averaging,,0.6772755540479423,0.369285241097304,0.2560820397082189,0.5904341926729987
NR-ER,1,maccs,RF+XGB+GCN,voting,,0.6370448891904115,0.2743490935505276,0.2518714298039265,0.5820443238353686
NR-ER,1,maccs,RF+XGB+GCN,lr_none,,0.6764784034373587,0.350454006632045,0.2800727961881549,0.5701605608322027
NR-ER,1,maccs,RF+XGB+GCN,lr_l2,0.1,0.6784458389868837,0.3700821364103389,0.1779516500335111,0.5181818181818182
NR-ER,1,maccs,RF+XGB+GCN,lr_l2,1.0,0.6826464269561283,0.3613171979113942,0.3006443380425821,0.5668984622342832
NR-ER,1,maccs,RF+XGB+GCN,lr_l2,10.0,0.6783836499321574,0.3524523097141618,0.2857046013755478,0.5706269787426504
NR-ER,1,atompair,RF_only,single,,0.7237307779285391,0.3717608341069094,0.2521557898316079,0.563167118950701
NR-ER,1,atompair,XGB_only,single,,0.6676645183175034,0.3659136170061162,0.2526504081637858,0.6246862279511534
NR-ER,1,Graph,GCN_only,single,,0.6310153776571688,0.2802676335734378,0.1578296276028901,0.562689393939394
NR-ER,1,atompair,RF+GCN,averaging,,0.7027504522840344,0.3459781368051659,0.2630429128104395,0.5708587743102669
NR-ER,1,atompair,RF+GCN,voting,,0.5870053143374039,0.2100122899564363,0.2433692787327922,0.5864710538218001
NR-ER,1,atompair,RF+GCN,lr_none,,0.717500565355043,0.3669798277957408,0.2793577685269986,0.576919380370873
NR-ER,1,atompair,RF+GCN,lr_l2,0.1,0.704282564450475,0.3499552549337567,0.0,0.5
NR-ER,1,atompair,RF+GCN,lr_l2,1.0,0.7109876752600633,0.3601109793924602,0.2628698803871827,0.5640999547715966
NR-ER,1,atompair,RF+GCN,lr_l2,10.0,0.716302012663953,0.3649336038746641,0.2712707973321543,0.5738890773405699
NR-ER,1,atompair,RF+XGB,averaging,,0.6940326775214835,0.3782158871382143,0.3156772288006373,0.6135119855269109
NR-ER,1,atompair,RF+XGB,voting,,0.6288359339665309,0.244357666533293,0.2526504081637858,0.6246862279511534
NR-ER,1,atompair,RF+XGB,lr_none,,0.7204347580280416,0.3784719026929141,0.2630429128104395,0.5708587743102669
NR-ER,1,atompair,RF+XGB,lr_l2,0.1,0.6897472862957937,0.375928722116684,0.0,0.5
NR-ER,1,atompair,RF+XGB,lr_l2,1.0,0.7040677295341474,0.381340858212585,0.25578726265863,0.5657310040705563
NR-ER,1,atompair,RF+XGB,lr_l2,10.0,0.7175797150610584,0.3791514343729316,0.2630429128104395,0.5708587743102669
NR-ER,1,atompair,XGB+GCN,averaging,,0.6822365445499774,0.3553866999612969,0.2659836864673796,0.5939309136137494
NR-ER,1,atompair,XGB+GCN,voting,,0.6371183853459973,0.2335545500291112,0.2540515724397643,0.6335396879240163
NR-ER,1,atompair,XGB+GCN,lr_none,,0.6818351424694709,0.3493982891495356,0.2500623374266077,0.5673620533695161
NR-ER,1,atompair,XGB+GCN,lr_l2,0.1,0.6823778833107191,0.3618251741750216,0.0,0.5
NR-ER,1,atompair,XGB+GCN,lr_l2,1.0,0.6820273631840796,0.3535009276099,0.2461356786023874,0.5647981682496608
NR-ER,1,atompair,XGB+GCN,lr_l2,10.0,0.6817729534147445,0.3503396050280567,0.2500623374266077,0.5673620533695161
NR-ER,1,atompair,RF+XGB+GCN,averaging,,0.700446630483944,0.3696764864125278,0.2696007630145201,0.5780840117593848
NR-ER,1,atompair,RF+XGB+GCN,voting,,0.6397133649932157,0.252396580161464,0.2654618418567905,0.5776175938489371
NR-ER,1,atompair,RF+XGB+GCN,lr_none,,0.7168419267299865,0.3733512268115334,0.2666582881819949,0.5734226594301222
NR-ER,1,atompair,RF+XGB+GCN,lr_l2,0.1,0.6967152872003618,0.3705038213980642,0.1256777705824101,0.509090909090909
NR-ER,1,atompair,RF+XGB+GCN,lr_l2,1.0,0.7061849841700589,0.3719010184701668,0.2884196488116575,0.5731908638625056
NR-ER,1,atompair,RF+XGB+GCN,lr_l2,10.0,0.7148349163274537,0.3732370535224384,0.2760234881942714,0.5743554952510176
NR-ER,7,morgan,RF_only,single,,0.6286606739032112,0.3365724193232898,0.2980353223399731,0.5592068068747174
NR-ER,7,morgan,XGB_only,single,,0.6380201266395296,0.289090688809396,0.1724095632351596,0.5887833559475351
NR-ER,7,Graph,GCN_only,single,,0.6576944821347807,0.254859181913483,0.1398314591452482,0.5517356399819087
NR-ER,7,morgan,RF+GCN,averaging,,0.6702990728177296,0.3364524129532659,0.2600138282128186,0.5568747173224785
NR-ER,7,morgan,RF+GCN,voting,,0.5743837630031661,0.229337350873325,0.2323907802678388,0.5734198326549073
NR-ER,7,morgan,RF+GCN,lr_none,,0.6662059023066487,0.3423188887938178,0.277209712899043,0.5675966757123474
NR-ER,7,morgan,RF+GCN,lr_l2,0.1,0.6714184758028041,0.3330714633509135,0.0,0.5
NR-ER,7,morgan,RF+GCN,lr_l2,1.0,0.669400158299412,0.3385091872348931,0.2759997678499585,0.5603714382632293
NR-ER,7,morgan,RF+GCN,lr_l2,10.0,0.6667486431478968,0.3421911915752622,0.277209712899043,0.5675966757123474
NR-ER,7,morgan,RF+XGB,averaging,,0.6533242876526459,0.3261242300411697,0.2071482412544412,0.565959972862958
NR-ER,7,morgan,RF+XGB,voting,,0.5953329941203075,0.2523508036368651,0.1711021169383292,0.5883169380370873
NR-ER,7,morgan,RF+XGB,lr_none,,0.647139303482587,0.337981589027102,0.2831187909788372,0.5608378561736771
NR-ER,7,morgan,RF+XGB,lr_l2,0.1,0.6529398462234284,0.3256575813372835,0.0,0.5
NR-ER,7,morgan,RF+XGB,lr_l2,1.0,0.6551334237901401,0.3355914139542862,0.2890520770805564,0.553612618724559
NR-ER,7,morgan,RF+XGB,lr_l2,10.0,0.6492141564902759,0.3380306485479438,0.2831187909788372,0.5608378561736771
NR-ER,7,morgan,XGB+GCN,averaging,,0.6621438263229308,0.3180557230408081,0.2227520170427922,0.572020578923564
NR-ER,7,morgan,XGB+GCN,voting,,0.6004748982360922,0.2063196541924052,0.1776811945735487,0.5960057666214382
NR-ER,7,morgan,XGB+GCN,lr_none,,0.6641056083220263,0.3037624364092542,0.1823632739402406,0.545683514246947
NR-ER,7,morgan,XGB+GCN,lr_l2,0.1,0.6625904568068746,0.317535274597012,0.0,0.5
NR-ER,7,morgan,XGB+GCN,lr_l2,1.0,0.6635854816824965,0.3087407443235459,0.1689129960421454,0.5342633423790141
NR-ER,7,morgan,XGB+GCN,lr_l2,10.0,0.664246947082768,0.3046828989883813,0.19582091484378,0.5470827679782904
NR-ER,7,morgan,RF+XGB+GCN,averaging,,0.6702170963364993,0.3452257888377904,0.2912072298367638,0.5757547489823609
NR-ER,7,morgan,RF+XGB+GCN,voting,,0.6038642017186793,0.2565964524089019,0.2661142930098814,0.5666638398914519
NR-ER,7,morgan,RF+XGB+GCN,lr_none,,0.6745816372682044,0.3473289576163695,0.2715594506090258,0.5671302578018996
NR-ER,7,morgan,RF+XGB+GCN,lr_l2,0.1,0.6705280416101312,0.3417270023309618,0.1025739168411992,0.5060606060606061
NR-ER,7,morgan,RF+XGB+GCN,lr_l2,1.0,0.6753787878787878,0.3459203222709978,0.2906038536609374,0.5613042740841249
NR-ER,7,morgan,RF+XGB+GCN,lr_l2,10.0,0.6752431026684759,0.3468882828510226,0.277209712899043,0.5675966757123474
NR-ER,7,maccs,RF_only,single,,0.6693125282677521,0.355822024014177,0.2782130604826343,0.5790168475802804
NR-ER,7,maccs,XGB_only,single,,0.6691344414292176,0.3456731245716452,0.2392996495035956,0.6323694029850746
NR-ER,7,Graph,GCN_only,single,,0.6576944821347807,0.254859181913483,0.1398314591452482,0.5517356399819087
NR-ER,7,maccs,RF+GCN,averaging,,0.6865191090004523,0.3431690281410655,0.2884196488116575,0.5731908638625056
NR-ER,7,maccs,RF+GCN,voting,,0.5761363636363637,0.2310406612863748,0.2145415867928835,0.5743498417005879
NR-ER,7,maccs,RF+GCN,lr_none,,0.6850718000904568,0.3493503163333102,0.3058893779227637,0.5745901175938489
NR-ER,7,maccs,RF+GCN,lr_l2,0.1,0.6850944142921755,0.349293030320986,0.1025739168411992,0.5060606060606061
NR-ER,7,maccs,RF+GCN,lr_l2,1.0,0.6850548394391678,0.3493194967412016,0.3105237527003864,0.5724926503844414
NR-ER,7,maccs,RF+GCN,lr_l2,10.0,0.6850661465400271,0.3493275671827276,0.3058893779227637,0.5745901175938489
NR-ER,7,maccs,RF+XGB,averaging,,0.6695584577114428,0.3590837563138923,0.2492744629635518,0.6034825870646766
NR-ER,7,maccs,RF+XGB,voting,,0.6408977838082315,0.2586206801575934,0.2392996495035956,0.6323694029850746
NR-ER,7,maccs,RF+XGB,lr_none,,0.662825079149706,0.3460861467884988,0.2628698803871827,0.5640999547715966
NR-ER,7,maccs,RF+XGB,lr_l2,0.1,0.6702877657168702,0.3600466176122864,0.0,0.5
NR-ER,7,maccs,RF+XGB,lr_l2,1.0,0.6710170737222976,0.3609043610556487,0.2759997678499585,0.5603714382632293
NR-ER,7,maccs,RF+XGB,lr_l2,10.0,0.6666355721393035,0.3504080643227579,0.2685365943772082,0.5645663726820443
NR-ER,7,maccs,XGB+GCN,averaging,,0.6729675486205338,0.3374855053328095,0.2127627557788524,0.5825050881953867
NR-ER,7,maccs,XGB+GCN,voting,,0.6375226142017187,0.2290969129730543,0.2329259624320267,0.6323665762098598
NR-ER,7,maccs,XGB+GCN,lr_none,,0.6714128222523745,0.3113184880680624,0.1930065359192913,0.5508112844866576
NR-ER,7,maccs,XGB+GCN,lr_l2,0.1,0.6727753279059249,0.3383514764587472,0.0,0.5
NR-ER,7,maccs,XGB+GCN,lr_l2,1.0,0.6714806648575304,0.3224804001977922,0.2408767867113482,0.5508141112618724
NR-ER,7,maccs,XGB+GCN,lr_l2,10.0,0.671407168701945,0.3125683414412759,0.2102802802967875,0.5526769561284487
NR-ER,7,maccs,RF+XGB+GCN,averaging,,0.6778182948891903,0.360608202160381,0.2465434464429592,0.5832089552238806
NR-ER,7,maccs,RF+XGB+GCN,voting,,0.640892130257802,0.2721233153719426,0.239163566323945,0.5743526684758028
NR-ER,7,maccs,RF+XGB+GCN,lr_none,,0.6689478742650383,0.3376963405027182,0.2884196488116575,0.5731908638625056
NR-ER,7,maccs,RF+XGB+GCN,lr_l2,0.1,0.6787115558570782,0.3633960643067444,0.1256777705824101,0.509090909090909
NR-ER,7,maccs,RF+XGB+GCN,lr_l2,1.0,0.6847552012663953,0.3517570486462737,0.3039413901425203,0.5720262324739936
NR-ER,7,maccs,RF+XGB+GCN,lr_l2,10.0,0.6743583220262324,0.3407741846187241,0.2857046013755478,0.5706269787426504
NR-ER,7,atompair,RF_only,single,,0.7074118046132972,0.3558170017364635,0.2381972866533345,0.5596703980099502
NR-ER,7,atompair,XGB_only,single,,0.6676645183175034,0.3659136170061162,0.2526504081637858,0.6246862279511534
NR-ER,7,Graph,GCN_only,single,,0.6576944821347807,0.254859181913483,0.1398314591452482,0.5517356399819087
NR-ER,7,atompair,RF+GCN,averaging,,0.6956976481230213,0.3181675978100187,0.2608609352646144,0.5661974219810041
NR-ER,7,atompair,RF+GCN,voting,,0.5813489371325192,0.2058346874838386,0.2454151187709708,0.5811114880144731
NR-ER,7,atompair,RF+GCN,lr_none,,0.7057496607869742,0.3486388265725247,0.2546670699789999,0.5678284712799638
NR-ER,7,atompair,RF+GCN,lr_l2,0.1,0.6967718227046585,0.3216869288523547,0.0,0.5
NR-ER,7,atompair,RF+GCN,lr_l2,1.0,0.7009328358208954,0.3354442874726904,0.2744299694512882,0.5650327905924921
NR-ER,7,atompair,RF+GCN,lr_l2,10.0,0.7047489823609225,0.3466062906778673,0.2546670699789999,0.5678284712799638
NR-ER,7,atompair,RF+XGB,averaging,,0.6909854138398914,0.3692588258720458,0.2968693014387701,0.6086160108548169
NR-ER,7,atompair,RF+XGB,voting,,0.6288359339665309,0.244357666533293,0.2526504081637858,0.6246862279511534
NR-ER,7,atompair,RF+XGB,lr_none,,0.7114795341474446,0.3637110734273884,0.2546670699789999,0.5678284712799638
NR-ER,7,atompair,RF+XGB,lr_l2,0.1,0.6878985753052917,0.3681792781266672,0.0,0.5
NR-ER,7,atompair,RF+XGB,lr_l2,1.0,0.7006529850746269,0.3669997222500959,0.2485300478753223,0.5606032338308458
NR-ER,7,atompair,RF+XGB,lr_l2,10.0,0.7105184305744007,0.3645945634085808,0.2546670699789999,0.5678284712799638
NR-ER,7,atompair,XGB+GCN,averaging,,0.6843453188602443,0.3282643686969543,0.2590016108302518,0.5909006105834465
NR-ER,7,atompair,XGB+GCN,voting,,0.6363127544097693,0.2270316712122647,0.2606838305041548,0.6342407281772953
NR-ER,7,atompair,XGB+GCN,lr_none,,0.6843057440072366,0.3243506663640583,0.2546670699789999,0.5678284712799638
NR-ER,7,atompair,XGB+GCN,lr_l2,0.1,0.6835651289009498,0.3392206948236486,0.0,0.5
NR-ER,7,atompair,XGB+GCN,lr_l2,1.0,0.684300090456807,0.3284670984483,0.2333022217175712,0.5592039800995025
NR-ER,7,atompair,XGB+GCN,lr_l2,10.0,0.6843113975576662,0.3250157585028383,0.2546670699789999,0.5678284712799638
NR-ER,7,atompair,RF+XGB+GCN,averaging,,0.6961329715061059,0.3465205972889825,0.2696007630145201,0.5780840117593848
NR-ER,7,atompair,RF+XGB+GCN,voting,,0.6391734509271823,0.2480101448346499,0.249468175400833,0.5715569877883311
NR-ER,7,atompair,RF+XGB+GCN,lr_none,,0.7101594301221166,0.3564137700378005,0.2546670699789999,0.5678284712799638
NR-ER,7,atompair,RF+XGB+GCN,lr_l2,0.1,0.694708276797829,0.3491049781739357,0.0773371604423475,0.5055941881501583
NR-ER,7,atompair,RF+XGB+GCN,lr_l2,1.0,0.7042740841248304,0.3499955846944731,0.2857046013755478,0.5706269787426504
NR-ER,7,atompair,RF+XGB+GCN,lr_l2,10.0,0.7102329262777023,0.3572734011954219,0.2546670699789999,0.5678284712799638
NR-ER,123,morgan,RF_only,single,,0.6174242424242424,0.3343333502264591,0.2804335226868556,0.5557100859339665
NR-ER,123,morgan,XGB_only,single,,0.6380201266395296,0.289090688809396,0.1724095632351596,0.5887833559475351
NR-ER,123,Graph,GCN_only,single,,0.6318973315241971,0.2800301444263427,0.1429578946760527,0.5612873134328358
NR-ER,123,morgan,RF+GCN,averaging,,0.6467548620533695,0.3157372640646433,0.2630429128104395,0.5708587743102669
NR-ER,123,morgan,RF+GCN,voting,,0.5711160108548168,0.2158833673193542,0.1870862714506443,0.5692192446856625
NR-ER,123,morgan,RF+GCN,lr_none,,0.6395974672094076,0.3269963182068043,0.3091085073630912,0.5699287652645861
NR-ER,123,morgan,RF+GCN,lr_l2,0.1,0.6475463591135232,0.3132479848031754,0.0,0.5
NR-ER,123,morgan,RF+GCN,lr_l2,1.0,0.6451831750339213,0.3203419506976359,0.264696544940999,0.554777250113071
NR-ER,123,morgan,RF+GCN,lr_l2,10.0,0.6408977838082316,0.3251895443661867,0.3006443380425821,0.5668984622342832
NR-ER,123,morgan,RF+XGB,averaging,,0.6478799185888738,0.3255585523603519,0.2119370297956797,0.5685238579828132
NR-ER,123,morgan,RF+XGB,voting,,0.5948298281320669,0.2432753710680719,0.1711021169383292,0.5883169380370873
NR-ER,123,morgan,RF+XGB,lr_none,,0.6345375395748529,0.3382518477582539,0.2906038536609374,0.5613042740841249
NR-ER,123,morgan,RF+XGB,lr_l2,0.1,0.6478968792401627,0.3254613551508001,0.0,0.5
NR-ER,123,morgan,RF+XGB,lr_l2,1.0,0.6455958842152871,0.3352079914541832,0.2890520770805564,0.553612618724559
NR-ER,123,morgan,RF+XGB,lr_l2,10.0,0.6369402985074627,0.3380614184996114,0.3068193576322016,0.5622371099050203
NR-ER,123,morgan,XGB+GCN,averaging,,0.6556648575305292,0.3155836793487481,0.1817635246955761,0.5633932609678879
NR-ER,123,morgan,XGB+GCN,voting,,0.6025554047942108,0.2061092838530921,0.1719606972499297,0.5967011533242876
NR-ER,123,morgan,XGB+GCN,lr_none,,0.6542627770239711,0.3138533086159744,0.2220723262622487,0.5494148575305292
NR-ER,123,morgan,XGB+GCN,lr_l2,0.1,0.6552804161013115,0.3147486346595849,0.0,0.5
NR-ER,123,morgan,XGB+GCN,lr_l2,1.0,0.6545284938941656,0.3137038143868669,0.2378661768371735,0.5482502261420172
NR-ER,123,morgan,XGB+GCN,lr_l2,10.0,0.6543419267299864,0.3139091301217432,0.2220723262622487,0.5494148575305292
NR-ER,123,morgan,RF+XGB+GCN,averaging,,0.6586725463591135,0.3319710486584739,0.2578243869479687,0.5724898236092266
NR-ER,123,morgan,RF+XGB+GCN,voting,,0.6048479194934419,0.2430052352944982,0.2284096692235073,0.5608350293984623
NR-ER,123,morgan,RF+XGB+GCN,lr_none,,0.6539235639981908,0.33314994336062,0.2781951575685933,0.5629353233830846
NR-ER,123,morgan,RF+XGB+GCN,lr_l2,0.1,0.658355947535052,0.3287616440759827,0.1779516500335111,0.5181818181818182
NR-ER,123,morgan,RF+XGB+GCN,lr_l2,1.0,0.6580167345092718,0.3311354805518129,0.266846235247919,0.5573411352329263
NR-ER,123,morgan,RF+XGB+GCN,lr_l2,10.0,0.6549977385798282,0.3326609168644485,0.2849299356865154,0.5634017412935324
NR-ER,123,maccs,RF_only,single,,0.6689111261872456,0.3549428041404331,0.2826979454142483,0.5794832654907281
NR-ER,123,maccs,XGB_only,single,,0.6691344414292176,0.3456731245716452,0.2392996495035956,0.6323694029850746
NR-ER,123,Graph,GCN_only,single,,0.6318973315241971,0.2800301444263427,0.1429578946760527,0.5612873134328358
NR-ER,123,maccs,RF+GCN,averaging,,0.6674298959746721,0.3418743307140279,0.27327604259224,0.5806478968792401
NR-ER,123,maccs,RF+GCN,voting,,0.5771031207598372,0.2262826059641977,0.1883569960462264,0.5741123925825418
NR-ER,123,maccs,RF+GCN,lr_none,,0.6722354138398914,0.3536670585603922,0.2715594506090258,0.5671302578018996
NR-ER,123,maccs,RF+GCN,lr_l2,0.1,0.6690355042966983,0.3466812439684765,0.0725013653312444,0.503030303030303
NR-ER,123,maccs,RF+GCN,lr_l2,1.0,0.6711047037539575,0.349985079786146,0.2891856797969043,0.5685295115332428
NR-ER,123,maccs,RF+GCN,lr_l2,10.0,0.6719357756671189,0.3523840619529316,0.2715594506090258,0.5671302578018996
NR-ER,123,maccs,RF+XGB,averaging,,0.671729421076436,0.3630299032076627,0.2634931805157135,0.6116406603346902
NR-ER,123,maccs,RF+XGB,voting,,0.6408977838082315,0.2586206801575934,0.2392996495035956,0.6323694029850746
NR-ER,123,maccs,RF+XGB,lr_none,,0.6648886250565355,0.3520165761891818,0.2655889253940446,0.5620024875621891
NR-ER,123,maccs,RF+XGB,lr_l2,0.1,0.6724700361827227,0.3632215114466013,0.0,0.5
NR-ER,123,maccs,RF+XGB,lr_l2,1.0,0.6744374717322478,0.3627084224431887,0.2477995676424121,0.5512805291723202
NR-ER,123,maccs,RF+XGB,lr_l2,10.0,0.6680093848937132,0.3547274451403627,0.2655889253940446,0.5620024875621891
NR-ER,123,maccs,XGB+GCN,averaging,,0.6649564676616917,0.3447042916029219,0.2329240113554052,0.6013822930800543
NR-ER,123,maccs,XGB+GCN,voting,,0.6307270465852556,0.2264768609077501,0.2126500751526917,0.6232728403437359
NR-ER,123,maccs,XGB+GCN,lr_none,,0.6610498643147897,0.3308102332209238,0.2521557898316079,0.563167118950701
NR-ER,123,maccs,XGB+GCN,lr_l2,0.1,0.6648151289009498,0.3443893742123802,0.0,0.5
NR-ER,123,maccs,XGB+GCN,lr_l2,1.0,0.6623671415649028,0.3357956458276936,0.2318251328768465,0.5524451605608323
NR-ER,123,maccs,XGB+GCN,lr_l2,10.0,0.6611685888738127,0.331303256352883,0.2521557898316079,0.563167118950701
NR-ER,123,maccs,RF+XGB+GCN,averaging,,0.6732106512890095,0.3627261677782009,0.2229539479778747,0.5811086612392582
NR-ER,123,maccs,RF+XGB+GCN,voting,,0.6338054047942108,0.2637403007537965,0.2465434464429592,0.5832089552238806
NR-ER,123,maccs,RF+XGB+GCN,lr_none,,0.6670991632745363,0.3493062697561298,0.2715594506090258,0.5671302578018996
NR-ER,123,maccs,RF+XGB+GCN,lr_l2,0.1,0.6737816598824061,0.3618605289232199,0.2056479916787304,0.5242424242424243
NR-ER,123,maccs,RF+XGB+GCN,lr_l2,1.0,0.6749519448213478,0.3562002820194911,0.2955454769316058,0.5689959294436906
NR-ER,123,maccs,RF+XGB+GCN,lr_l2,10.0,0.6695980325644506,0.35057221951101,0.2715594506090258,0.5671302578018996
NR-ER,123,atompair,RF_only,single,,0.7101735639981908,0.3746203771890771,0.2291239983094597,0.5566400949796472
NR-ER,123,atompair,XGB_only,single,,0.6676645183175034,0.3659136170061162,0.2526504081637858,0.6246862279511534
NR-ER,123,Graph,GCN_only,single,,0.6318973315241971,0.2800301444263427,0.1429578946760527,0.5612873134328358
NR-ER,123,atompair,RF+GCN,averaging,,0.6932383536861149,0.3388067222069075,0.2702611661811085,0.5759865445499774
NR-ER,123,atompair,RF+GCN,voting,,0.5773123021257349,0.2001921077138117,0.1969068967716304,0.5759780642243328
NR-ER,123,atompair,RF+GCN,lr_none,,0.7103516508367254,0.3690441778607392,0.2630429128104395,0.5708587743102669
NR-ER,123,atompair,RF+GCN,lr_l2,0.1,0.6937019448213477,0.3394498927884105,0.0,0.5
NR-ER,123,atompair,RF+GCN,lr_l2,1.0,0.7038218000904568,0.3577413039355854,0.2628698803871827,0.5640999547715966
NR-ER,123,atompair,RF+GCN,lr_l2,10.0,0.709469696969697,0.3665376588076128,0.26432388767414,0.5687613071008594
NR-ER,123,atompair,RF+XGB,averaging,,0.690584011759385,0.3729268847996099,0.2968693014387701,0.6086160108548169
NR-ER,123,atompair,RF+XGB,voting,,0.6283836499321573,0.2392777002033267,0.2526504081637858,0.6246862279511534
NR-ER,123,atompair,RF+XGB,lr_none,,0.7117169832654907,0.380900300860632,0.2584331992488353,0.5703923563998191
NR-ER,123,atompair,RF+XGB,lr_l2,0.1,0.6869770465852555,0.3721787875054206,0.0,0.5
NR-ER,123,atompair,RF+XGB,lr_l2,1.0,0.699262211668928,0.3793288250098675,0.2381972866533345,0.5596703980099502
NR-ER,123,atompair,RF+XGB,lr_l2,10.0,0.7100378787878788,0.3806927247613338,0.2500623374266077,0.5673620533695161
NR-ER,123,atompair,XGB+GCN,averaging,,0.6821573948439619,0.3549575383738557,0.2749284642857284,0.6011561510628675
NR-ER,123,atompair,XGB+GCN,voting,,0.634348145635459,0.2287180027186542,0.2397004686314219,0.6300401402080507
NR-ER,123,atompair,XGB+GCN,lr_none,,0.6822139303482587,0.3552359346953643,0.2285728091336031,0.5587375621890548
NR-ER,123,atompair,XGB+GCN,lr_l2,0.1,0.6822930800542741,0.3593777627373681,0.0,0.5
NR-ER,123,atompair,XGB+GCN,lr_l2,1.0,0.6823891904115785,0.3564301891062663,0.2381972866533345,0.5596703980099502
NR-ER,123,atompair,XGB+GCN,lr_l2,10.0,0.6823665762098599,0.355376388437395,0.2285728091336031,0.5587375621890548
NR-ER,123,atompair,RF+XGB+GCN,averaging,,0.6966191768430575,0.3699711029846772,0.2535026205596513,0.5741208729081864
NR-ER,123,atompair,RF+XGB+GCN,voting,,0.6363410221619177,0.2442559035067745,0.241543399262512,0.5706241519674355
NR-ER,123,atompair,RF+XGB+GCN,lr_none,,0.7115671641791045,0.3736765010875057,0.2546670699789999,0.5678284712799638
NR-ER,123,atompair,RF+XGB+GCN,lr_l2,0.1,0.6941824966078698,0.3711229063526929,0.1922878682904812,0.5212121212121212
NR-ER,123,atompair,RF+XGB+GCN,lr_l2,1.0,0.7021822704658526,0.3723444369734387,0.2715594506090258,0.5671302578018996
NR-ER,123,atompair,RF+XGB+GCN,lr_l2,10.0,0.7101820443238355,0.3742389464308389,0.2508822165928281,0.5652645861601086
NR-ER,999,morgan,RF_only,single,,0.6236968566259611,0.3262075787032258,0.2849299356865154,0.5634017412935324
NR-ER,999,morgan,XGB_only,single,,0.6380201266395296,0.289090688809396,0.1724095632351596,0.5887833559475351
NR-ER,999,Graph,GCN_only,single,,0.6553426051560379,0.2772140120660019,0.1453146518403141,0.5487081637268205
NR-ER,999,morgan,RF+GCN,averaging,,0.6696771822704659,0.3428543031110439,0.2701995293979323,0.5501158977838082
NR-ER,999,morgan,RF+GCN,voting,,0.5693351424694707,0.2338332802560773,0.2412778954752627,0.568526684758028
NR-ER,999,morgan,RF+GCN,lr_none,,0.6673366123925824,0.3445649683797029,0.2800727961881549,0.5701605608322027
NR-ER,999,morgan,RF+GCN,lr_l2,0.1,0.6692248982360922,0.343391914434275,0.0,0.5
NR-ER,999,morgan,RF+GCN,lr_l2,1.0,0.6685125508819538,0.3450713594485948,0.3153874768367595,0.5652674129353233
NR-ER,999,morgan,RF+GCN,lr_l2,10.0,0.6676475576662144,0.3447107654880574,0.2800727961881549,0.5701605608322027
NR-ER,999,morgan,RF+XGB,averaging,,0.6509045680687471,0.3232602852183907,0.1925158189313369,0.5636278833107191
NR-ER,999,morgan,RF+XGB,voting,,0.5949768204432383,0.2511412300983845,0.1685109173725002,0.5873841022161919
NR-ER,999,morgan,RF+XGB,lr_none,,0.6404737675260064,0.3316074862826264,0.2955454769316058,0.5689959294436906
NR-ER,999,morgan,RF+XGB,lr_l2,0.1,0.6508763003165987,0.3231826716755549,0.0,0.5
NR-ER,999,morgan,RF+XGB,lr_l2,1.0,0.6508254183627318,0.3306324315092416,0.2890177983430702,0.5561765038444143
NR-ER,999,morgan,RF+XGB,lr_l2,10.0,0.6424920850293985,0.3320900446102903,0.3091085073630912,0.5699287652645861
NR-ER,999,morgan,XGB+GCN,averaging,,0.6639020805065581,0.326111517067241,0.2119308505485094,0.5647953414744459
NR-ER,999,morgan,XGB+GCN,voting,,0.5982163048394391,0.2141077765114412,0.177046966840515,0.5936765038444143
NR-ER,999,morgan,XGB+GCN,lr_none,,0.6690355042966982,0.3226673991647496,0.2055105503397413,0.5501130710085934
NR-ER,999,morgan,XGB+GCN,lr_l2,0.1,0.6635741745816373,0.3255013134479336,0.0,0.5
NR-ER,999,morgan,XGB+GCN,lr_l2,1.0,0.6667175486205337,0.3255806980691665,0.2286516780704087,0.5379946856625961
NR-ER,999,morgan,XGB+GCN,lr_l2,10.0,0.6688545906829488,0.323841596634741,0.1906975465501417,0.5445188828584351
NR-ER,999,morgan,RF+XGB+GCN,averaging,,0.6694990954319313,0.3459951128028389,0.2693944894211435,0.5692277250113071
NR-ER,999,morgan,RF+XGB+GCN,voting,,0.6002770239710539,0.2599795170043939,0.2744299694512882,0.5650327905924921
NR-ER,999,morgan,RF+XGB+GCN,lr_none,,0.6731512890094979,0.3485678628751809,0.2830797302838939,0.5680630936227951
NR-ER,999,morgan,RF+XGB+GCN,lr_l2,0.1,0.6696404341926729,0.3460838895462255,0.0725013653312444,0.503030303030303
NR-ER,999,morgan,RF+XGB+GCN,lr_l2,1.0,0.6746155585707825,0.3497205607985407,0.3068193576322016,0.5622371099050203
NR-ER,999,morgan,RF+XGB+GCN,lr_l2,10.0,0.6739936680235187,0.3493388459681962,0.2830797302838939,0.5680630936227951
NR-ER,999,maccs,RF_only,single,,0.6771709633649933,0.3562640252863441,0.2696007630145201,0.5780840117593848
NR-ER,999,maccs,XGB_only,single,,0.6691344414292176,0.3456731245716452,0.2392996495035956,0.6323694029850746
NR-ER,999,Graph,GCN_only,single,,0.6553426051560379,0.2772140120660019,0.1453146518403141,0.5487081637268205
NR-ER,999,maccs,RF+GCN,averaging,,0.6885713478064226,0.3644723849984815,0.3326022902800141,0.57645578923564
NR-ER,999,maccs,RF+GCN,voting,,0.5767554274084126,0.2311977366310855,0.2335670042899048,0.5755172998643148
NR-ER,999,maccs,RF+GCN,lr_none,,0.6884695838986884,0.3643107745537952,0.3404803042379475,0.579486092265943
NR-ER,999,maccs,RF+GCN,lr_l2,0.1,0.689040592492085,0.3656748365993442,0.0,0.5
NR-ER,999,maccs,RF+GCN,lr_l2,1.0,0.6887748756218904,0.3645135073501312,0.3079716471242386,0.5673648801447309
NR-ER,999,maccs,RF+GCN,lr_l2,10.0,0.6885713478064224,0.3646967487141741,0.3404803042379475,0.579486092265943
NR-ER,999,maccs,RF+XGB,averaging,,0.6739343057440071,0.3605654377785647,0.2550767173405752,0.6097749886928991
NR-ER,999,maccs,RF+XGB,voting,,0.6403380823156942,0.2521139103316746,0.2392996495035956,0.6323694029850746
NR-ER,999,maccs,RF+XGB,lr_none,,0.6756529850746269,0.3545224642424811,0.244918548760056,0.5580393487109905
NR-ER,999,maccs,RF+XGB,lr_l2,0.1,0.674657960199005,0.3611587197880278,0.0,0.5
NR-ER,999,maccs,RF+XGB,lr_l2,1.0,0.6805263455450022,0.3621834410450228,0.2477995676424121,0.5512805291723202
NR-ER,999,maccs,RF+XGB,lr_l2,10.0,0.6773264360018092,0.3569930313617809,0.244918548760056,0.5580393487109905
NR-ER,999,maccs,XGB+GCN,averaging,,0.6737477385798282,0.3602699065972417,0.2307973279444358,0.5894985300768882
NR-ER,999,maccs,XGB+GCN,voting,,0.6374943464495704,0.2384324524522307,0.2353913838494082,0.6321347806422434
NR-ER,999,maccs,XGB+GCN,lr_none,,0.67354421076436,0.3367433970814058,0.2149788475429377,0.5531433740388965
NR-ER,999,maccs,XGB+GCN,lr_l2,0.1,0.6733859113523293,0.3605761179710924,0.0,0.5
NR-ER,999,maccs,XGB+GCN,lr_l2,1.0,0.6738890773405699,0.3498734059446151,0.2710278110965358,0.5526797829036635
NR-ER,999,maccs,XGB+GCN,lr_l2,10.0,0.6733519900497513,0.3390304242022205,0.2103640507504657,0.5505794889190412
NR-ER,999,maccs,RF+XGB+GCN,averaging,,0.6816457485300769,0.3726203887022495,0.2465434464429592,0.5832089552238806
NR-ER,999,maccs,RF+XGB+GCN,voting,,0.6406009724106739,0.2728833254742515,0.2499038431479042,0.5757519222071461
NR-ER,999,maccs,RF+XGB+GCN,lr_none,,0.6816740162822252,0.3575147827741013,0.3267091380039508,0.5785532564450475
NR-ER,999,maccs,RF+XGB+GCN,lr_l2,0.1,0.6828669154228856,0.3727667325750046,0.1623809466104853,0.5151515151515151
NR-ER,999,maccs,RF+XGB+GCN,lr_l2,1.0,0.6895324513794664,0.3692333758732969,0.3079716471242386,0.5673648801447309
NR-ER,999,maccs,RF+XGB+GCN,lr_l2,10.0,0.6844555630936229,0.3602184920757715,0.3186971004881364,0.5755229534147445
NR-ER,999,atompair,RF_only,single,,0.7137833559475351,0.3644529077069341,0.23016283841444,0.5545426277702397
NR-ER,999,atompair,XGB_only,single,,0.6676645183175034,0.3659136170061162,0.2526504081637858,0.6246862279511534
NR-ER,999,Graph,GCN_only,single,,0.6553426051560379,0.2772140120660019,0.1453146518403141,0.5487081637268205
NR-ER,999,atompair,RF+GCN,averaging,,0.70608039348711,0.3370654780403631,0.2565441261441806,0.558972184531886
NR-ER,999,atompair,RF+GCN,voting,,0.575033921302578,0.207234502899418,0.2616587471386394,0.5750537087290819
NR-ER,999,atompair,RF+GCN,lr_none,,0.7123445273631841,0.3518718770990627,0.2747444209951915,0.5764529624604252
NR-ER,999,atompair,RF+GCN,lr_l2,0.1,0.7083926956128448,0.341834729280414,0.0,0.5
NR-ER,999,atompair,RF+GCN,lr_l2,1.0,0.7102470601537766,0.346655962744764,0.2655889253940446,0.5620024875621891
NR-ER,999,atompair,RF+GCN,lr_l2,10.0,0.7117904794210764,0.350564731811009,0.2677957703567463,0.5713251922207145
NR-ER,999,atompair,RF+XGB,averaging,,0.6904144052464948,0.3722952154163658,0.3064265397762612,0.6121127317955677
NR-ER,999,atompair,RF+XGB,voting,,0.6284147444595205,0.2406562585137032,0.2526504081637858,0.6246862279511534
NR-ER,999,atompair,RF+XGB,lr_none,,0.7142158525554049,0.3708672311659696,0.2500623374266077,0.5673620533695161
NR-ER,999,atompair,RF+XGB,lr_l2,0.1,0.6866491406603347,0.3714012043616266,0.0,0.5
NR-ER,999,atompair,RF+XGB,lr_l2,1.0,0.7000367480777929,0.3732439077212074,0.2485300478753223,0.5606032338308458
NR-ER,999,atompair,RF+XGB,lr_l2,10.0,0.7123614880144731,0.373297965667481,0.2415383696012536,0.564331750339213
NR-ER,999,atompair,XGB+GCN,averaging,,0.6847297602894618,0.3485137561803453,0.2728934171236843,0.5969612166440524
NR-ER,999,atompair,XGB+GCN,voting,,0.6315835594753505,0.2329178572723488,0.2571047056130748,0.6288811623699684
NR-ER,999,atompair,XGB+GCN,lr_none,,0.6855608322026232,0.3388824979745445,0.2508822165928281,0.5652645861601086
NR-ER,999,atompair,XGB+GCN,lr_l2,0.1,0.6832146087743103,0.3545694993695291,0.0,0.5
NR-ER,999,atompair,XGB+GCN,lr_l2,1.0,0.6848202170963366,0.3446826431173168,0.2661142930098814,0.5666638398914519
NR-ER,999,atompair,XGB+GCN,lr_l2,10.0,0.6855438715513342,0.3385926603931904,0.2508822165928281,0.5652645861601086
NR-ER,999,atompair,RF+XGB+GCN,averaging,,0.6990728177295341,0.3588454722490981,0.2905247821517581,0.5825135685210312
NR-ER,999,atompair,RF+XGB+GCN,voting,,0.6338280189959294,0.2497547364200993,0.2630429128104395,0.5708587743102669
NR-ER,999,atompair,RF+XGB+GCN,lr_none,,0.7143487109905021,0.357970531083123,0.2712707973321543,0.5738890773405699
NR-ER,999,atompair,RF+XGB+GCN,lr_l2,0.1,0.6952057892356399,0.361987563053977,0.0725013653312444,0.503030303030303
NR-ER,999,atompair,RF+XGB+GCN,lr_l2,1.0,0.706060606060606,0.3602189480174027,0.2857046013755478,0.5706269787426504
NR-ER,999,atompair,RF+XGB+GCN,lr_l2,10.0,0.7131784260515603,0.358373855144295,0.2712707973321543,0.5738890773405699
NR-ER-LBD,42,morgan,RF_only,single,,0.7301069030219237,0.3879388053353159,0.4535194373103752,0.6143775923365593
NR-ER-LBD,42,morgan,XGB_only,single,,0.7277984890381197,0.3595800583083408,0.3423932262978976,0.6463250543156231
NR-ER-LBD,42,Graph,GCN_only,single,,0.6944622753308316,0.1559105020374625,0.0664160771912338,0.5274293896899072
NR-ER-LBD,42,morgan,RF+GCN,averaging,,0.7790465139245507,0.3905452333760273,0.3320695995941796,0.5573770491803278
NR-ER-LBD,42,morgan,RF+GCN,voting,,0.6143837645664626,0.2491378394646461,0.4535194373103752,0.6143775923365593
NR-ER-LBD,42,morgan,RF+GCN,lr_none,,0.7722570610310093,0.4014745744264347,0.4874207293383309,0.6307710349595101
NR-ER-LBD,42,morgan,RF+GCN,lr_l2,0.1,0.7752073869247482,0.3998644183823592,0.0,0.5
NR-ER-LBD,42,morgan,RF+GCN,lr_l2,1.0,0.774948153268813,0.3999162361054217,0.3320695995941796,0.5573770491803278
NR-ER-LBD,42,morgan,RF+GCN,lr_l2,10.0,0.7728372506419119,0.4009882985770615,0.470758489676352,0.6225743136480347
NR-ER-LBD,42,morgan,RF+XGB,averaging,,0.7767380999407465,0.3866418510400965,0.4466850891120328,0.6449054414378828
NR-ER-LBD,42,morgan,RF+XGB,voting,,0.6564043057475804,0.2784117317453011,0.3576660755343018,0.6545217756270986
NR-ER-LBD,42,morgan,RF+XGB,lr_none,,0.781503061426032,0.3977652977545174,0.4793527106578696,0.6460349595101718
NR-ER-LBD,42,morgan,RF+XGB,lr_l2,0.1,0.7699609915070116,0.3789249193709736,0.0,0.5
NR-ER-LBD,42,morgan,RF+XGB,lr_l2,1.0,0.776664033181908,0.3867112938975304,0.4170315246659936,0.5979841497136085
NR-ER-LBD,42,morgan,RF+XGB,lr_l2,10.0,0.7821449733359669,0.3954028374314766,0.475479287421709,0.6382147442227928
NR-ER-LBD,42,morgan,XGB+GCN,averaging,,0.759480545131345,0.3817515501525244,0.3855319030786434,0.5972311376654158
NR-ER-LBD,42,morgan,XGB+GCN,voting,,0.6545217756270985,0.1752371285706979,0.3576660755343018,0.6545217756270986
NR-ER-LBD,42,morgan,XGB+GCN,lr_none,,0.7594311672921192,0.3782541463204789,0.3482328022085174,0.5961016195931266
NR-ER-LBD,42,morgan,XGB+GCN,lr_l2,0.1,0.7545057278293502,0.3736996641759598,0.0,0.5
NR-ER-LBD,42,morgan,XGB+GCN,lr_l2,1.0,0.7583325103693462,0.3775639134404783,0.3976050489993964,0.5897874284021332
NR-ER-LBD,42,morgan,XGB+GCN,lr_l2,10.0,0.7594311672921192,0.3801694101009437,0.3596013319624039,0.5964781256172229
NR-ER-LBD,42,morgan,RF+XGB+GCN,averaging,,0.7854039107248667,0.4072750578056579,0.4195256701945093,0.6058043650009876
NR-ER-LBD,42,morgan,RF+XGB+GCN,voting,,0.6565586114951609,0.2874411358566724,0.4535194373103752,0.6143775923365593
NR-ER-LBD,42,morgan,RF+XGB+GCN,lr_none,,0.786144578313253,0.4037974168412252,0.4629253548000696,0.6378382381986964
NR-ER-LBD,42,morgan,RF+XGB+GCN,lr_l2,0.1,0.7796884258344855,0.3946590694779935,0.0,0.5
NR-ER-LBD,42,morgan,RF+XGB+GCN,lr_l2,1.0,0.78341645269603,0.4048871244017836,0.4195256701945093,0.6058043650009876
NR-ER-LBD,42,morgan,RF+XGB+GCN,lr_l2,10.0,0.7860705115544143,0.4056079081711354,0.4459861096327234,0.629641516887221
NR-ER-LBD,42,maccs,RF_only,single,,0.7128123148331028,0.3200181504752047,0.3652889204708548,0.5890344163539404
NR-ER-LBD,42,maccs,XGB_only,single,,0.7227063993679637,0.272540228560851,0.1956200397149881,0.6085571795378234
NR-ER-LBD,42,Graph,GCN_only,single,,0.6944622753308316,0.1559105020374625,0.0664160771912338,0.5274293896899072
NR-ER-LBD,42,maccs,RF+GCN,averaging,,0.7691524293896899,0.3272955324253266,0.3768042837896782,0.5737704918032787
NR-ER-LBD,42,maccs,RF+GCN,voting,,0.5890529330436499,0.1811961834622316,0.3652889204708548,0.5890344163539404
NR-ER-LBD,42,maccs,RF+GCN,lr_none,,0.7645479458818882,0.3325080001862969,0.3719795669470424,0.5968546316413194
NR-ER-LBD,42,maccs,RF+GCN,lr_l2,0.1,0.7625111100138258,0.331639078931108,0.0,0.5
NR-ER-LBD,42,maccs,RF+GCN,lr_l2,1.0,0.7639554118111791,0.3323500863707643,0.397330576070825,0.5819672131147541
NR-ER-LBD,42,maccs,RF+GCN,lr_l2,10.0,0.7645109125024689,0.3325261776603993,0.3855319030786434,0.5972311376654158
NR-ER-LBD,42,maccs,RF+XGB,averaging,,0.7435932253604582,0.2936898514165339,0.2572185284033814,0.6049649417341497
NR-ER-LBD,42,maccs,RF+XGB,voting,,0.6201424550661664,0.1831161910119528,0.2090995365361371,0.6167539008492988
NR-ER-LBD,42,maccs,RF+XGB,lr_none,,0.6841176180130357,0.3166897594491071,0.3515381359627775,0.5886579103298439
NR-ER-LBD,42,maccs,RF+XGB,lr_l2,0.1,0.7445067153861347,0.298827255045574,0.0,0.5
NR-ER-LBD,42,maccs,RF+XGB,lr_l2,1.0,0.7420995457238792,0.3141133531014957,0.3772364907770676,0.5815907070906577
NR-ER-LBD,42,maccs,RF+XGB,lr_l2,10.0,0.6995358483112778,0.3166778836432169,0.3652889204708548,0.5890344163539404
NR-ER-LBD,42,maccs,XGB+GCN,averaging,,0.7280392060043454,0.2612541502673611,0.2956916332744403,0.5793316709460794
NR-ER-LBD,42,maccs,XGB+GCN,voting,,0.6089275133320167,0.1005596170080336,0.1956200397149881,0.6085571795378234
NR-ER-LBD,42,maccs,XGB+GCN,lr_none,,0.7278416946474422,0.2600970773164721,0.2454335131611985,0.5480508097965633
NR-ER-LBD,42,maccs,XGB+GCN,lr_l2,0.1,0.7325819672131149,0.281255759555727,0.0,0.5
NR-ER-LBD,42,maccs,XGB+GCN,lr_l2,1.0,0.7281873395220224,0.2628441823645016,0.2170766607225966,0.5245901639344263
NR-ER-LBD,42,maccs,XGB+GCN,lr_l2,10.0,0.7276812166699586,0.2597820102717519,0.2454335131611985,0.5480508097965633
NR-ER-LBD,42,maccs,RF+XGB+GCN,averaging,,0.7556907959707683,0.3124156850370058,0.3390532593706059,0.5882814043057476
NR-ER-LBD,42,maccs,RF+XGB+GCN,voting,,0.620160971755876,0.1868992931557106,0.3440542915622373,0.580837695042465
NR-ER-LBD,42,maccs,RF+XGB+GCN,lr_none,,0.7063499901244322,0.3309521726705342,0.3719795669470424,0.5968546316413194
NR-ER-LBD,42,maccs,RF+XGB+GCN,lr_l2,0.1,0.7608384357100534,0.3086848613129073,0.0,0.5
NR-ER-LBD,42,maccs,RF+XGB+GCN,lr_l2,1.0,0.770220225162947,0.3283503622623811,0.3557724307272726,0.5733939857791823
NR-ER-LBD,42,maccs,RF+XGB+GCN,lr_l2,10.0,0.7399886430969781,0.3313878431150136,0.3652889204708548,0.5890344163539404
NR-ER-LBD,42,atompair,RF_only,single,,0.7781947461979064,0.3275052211774173,0.2454335131611985,0.5480508097965633
NR-ER-LBD,42,atompair,XGB_only,single,,0.7717447659490421,0.345576709230698,0.3179777848279191,0.637375320955955
NR-ER-LBD,42,Graph,GCN_only,single,,0.6944622753308316,0.1559105020374625,0.0664160771912338,0.5274293896899072
NR-ER-LBD,42,atompair,RF+GCN,averaging,,0.7821573177957732,0.3385846050991918,0.2170766607225966,0.5245901639344263
NR-ER-LBD,42,atompair,RF+GCN,voting,,0.548069326486273,0.1106350836195399,0.2454335131611985,0.5480508097965633
NR-ER-LBD,42,atompair,RF+GCN,lr_none,,0.788057969583251,0.3542337764838718,0.3667878898457342,0.6117420501678846
NR-ER-LBD,42,atompair,RF+GCN,lr_l2,0.1,0.7852063993679637,0.339326358228157,0.0,0.5
NR-ER-LBD,42,atompair,RF+GCN,lr_l2,1.0,0.7858730001975114,0.3351200020801709,0.280447179833538,0.5409836065573771
NR-ER-LBD,42,atompair,RF+GCN,lr_l2,10.0,0.7878481137665415,0.3486048204656988,0.3679885168962427,0.604298340904602
NR-ER-LBD,42,atompair,RF+XGB,averaging,,0.7904281058660874,0.3429940021701219,0.3760244974982322,0.6195622654552637
NR-ER-LBD,42,atompair,RF+XGB,voting,,0.6380419217855027,0.1752198184800953,0.3179777848279191,0.637375320955955
NR-ER-LBD,42,atompair,RF+XGB,lr_none,,0.7879468694449931,0.3412942094898245,0.3667878898457342,0.6117420501678846
NR-ER-LBD,42,atompair,RF+XGB,lr_l2,0.1,0.788564092435315,0.3442657025758373,0.0,0.5
NR-ER-LBD,42,atompair,RF+XGB,lr_l2,1.0,0.7902059055895714,0.34514625610258,0.3390532593706059,0.5882814043057476
NR-ER-LBD,42,atompair,RF+XGB,lr_l2,10.0,0.7889838040687339,0.3467012710943647,0.3667878898457342,0.6117420501678846
NR-ER-LBD,42,atompair,XGB+GCN,averaging,,0.7929710645862137,0.3677544957085163,0.4004630147886377,0.5976076436895121
NR-ER-LBD,42,atompair,XGB+GCN,voting,,0.6375419711633419,0.1588263758571445,0.3179777848279191,0.637375320955955
NR-ER-LBD,42,atompair,XGB+GCN,lr_none,,0.7934895318980841,0.3645421217751908,0.4111088205323233,0.6359557080782146
NR-ER-LBD,42,atompair,XGB+GCN,lr_l2,0.1,0.7919835078016986,0.3618551983516219,0.0,0.5
NR-ER-LBD,42,atompair,XGB+GCN,lr_l2,1.0,0.7932673316215683,0.3642496052933614,0.330114826153072,0.5804611890183685
NR-ER-LBD,42,atompair,XGB+GCN,lr_l2,10.0,0.7935265652775035,0.3639894944264955,0.4029873815530072,0.6281354927908355
NR-ER-LBD,42,atompair,RF+XGB+GCN,averaging,,0.7992543946276911,0.3622654245782078,0.2837107588240692,0.5640677463954177
NR-ER-LBD,42,atompair,RF+XGB+GCN,voting,,0.6380604384752123,0.1806842993544123,0.2454335131611985,0.5480508097965633
NR-ER-LBD,42,atompair,RF+XGB+GCN,lr_none,,0.7971434920007899,0.3621590594613043,0.3869997540547523,0.6124950622160774
NR-ER-LBD,42,atompair,RF+XGB+GCN,lr_l2,0.1,0.8002542958720127,0.358422304209097,0.0,0.5
NR-ER-LBD,42,atompair,RF+XGB+GCN,lr_l2,1.0,0.801192474817302,0.3663353213189553,0.3915561813063857,0.6050513529527948
NR-ER-LBD,42,atompair,RF+XGB+GCN,lr_l2,10.0,0.7991803278688524,0.3602912931487603,0.3869997540547523,0.6124950622160774
NR-ER-LBD,1,morgan,RF_only,single,,0.730057525182698,0.3905510622825498,0.4356371091064205,0.6061808710250839
NR-ER-LBD,1,morgan,XGB_only,single,,0.7277984890381197,0.3595800583083408,0.3423932262978976,0.6463250543156231
NR-ER-LBD,1,Graph,GCN_only,single,,0.6916724274145764,0.2403920139962699,0.2309774003540726,0.6145812759233656
NR-ER-LBD,1,morgan,RF+GCN,averaging,,0.7589559055895715,0.3599208109138371,0.3976050489993964,0.5897874284021332
NR-ER-LBD,1,morgan,RF+GCN,voting,,0.6447634801501086,0.256209730207712,0.4370329205786027,0.6445289354137863
NR-ER-LBD,1,morgan,RF+GCN,lr_none,,0.7634369444993088,0.37121068077933,0.4284851496301617,0.6214447955757456
NR-ER-LBD,1,morgan,RF+GCN,lr_l2,0.1,0.7576227039304759,0.3564519874226239,0.0,0.5
NR-ER-LBD,1,morgan,RF+GCN,lr_l2,1.0,0.7595607841200869,0.3606406418836138,0.3557724307272726,0.5733939857791823
NR-ER-LBD,1,morgan,RF+GCN,lr_l2,10.0,0.7626098656922772,0.3699421562145499,0.4414303671926465,0.621821301599842
NR-ER-LBD,1,morgan,RF+XGB,averaging,,0.7733804068733953,0.3883506054288432,0.4370329205786027,0.6445289354137863
NR-ER-LBD,1,morgan,RF+XGB,voting,,0.6562499999999999,0.2693943374820052,0.3576660755343018,0.6545217756270986
NR-ER-LBD,1,morgan,RF+XGB,lr_none,,0.7784416353940352,0.4010455229582525,0.4724962221873563,0.6303945289354138
NR-ER-LBD,1,morgan,RF+XGB,lr_l2,0.1,0.766566265060241,0.3825300382470907,0.0,0.5
NR-ER-LBD,1,morgan,RF+XGB,lr_l2,1.0,0.7724422279281059,0.3852024506076575,0.3976050489993964,0.5897874284021332
NR-ER-LBD,1,morgan,RF+XGB,lr_l2,10.0,0.7785403910724867,0.3963581370175714,0.4724962221873563,0.6303945289354138
NR-ER-LBD,1,morgan,XGB+GCN,averaging,,0.7611593916650208,0.3662095404400536,0.3674016727330303,0.6191857594311673
NR-ER-LBD,1,morgan,XGB+GCN,voting,,0.6624839522022515,0.221631419837701,0.3546641566649447,0.6612124728421884
NR-ER-LBD,1,morgan,XGB+GCN,lr_none,,0.7602088682599251,0.3536978133381944,0.3760244974982322,0.6195622654552637
NR-ER-LBD,1,morgan,XGB+GCN,lr_l2,0.1,0.7604557574560538,0.3738385132098049,0.0,0.5
NR-ER-LBD,1,morgan,XGB+GCN,lr_l2,1.0,0.7612087695042464,0.3622094154960978,0.3805429081141154,0.5894109223780367
NR-ER-LBD,1,morgan,XGB+GCN,lr_l2,10.0,0.7603323128579893,0.3552399455482957,0.3760244974982322,0.6195622654552637
NR-ER-LBD,1,morgan,RF+XGB+GCN,averaging,,0.7779478570017776,0.3956191653638162,0.434132442485127,0.6292650108631246
NR-ER-LBD,1,morgan,RF+XGB+GCN,voting,,0.6637801204819276,0.2866275166370765,0.4629253548000696,0.6378382381986964
NR-ER-LBD,1,morgan,RF+XGB+GCN,lr_none,,0.7665415761406281,0.3718986215144124,0.3851804880361925,0.61993877147936
NR-ER-LBD,1,morgan,RF+XGB+GCN,lr_l2,0.1,0.7752197313845547,0.393347655792909,0.0,0.5
NR-ER-LBD,1,morgan,RF+XGB+GCN,lr_l2,1.0,0.7731582065968794,0.3875142635773962,0.4195256701945093,0.6058043650009876
NR-ER-LBD,1,morgan,RF+XGB+GCN,lr_l2,10.0,0.7677266442820463,0.373109516816932,0.394929095048768,0.6203152775034565
NR-ER-LBD,1,maccs,RF_only,single,,0.7302426920797945,0.3206745141358084,0.3652889204708548,0.5890344163539404
NR-ER-LBD,1,maccs,XGB_only,single,,0.7227063993679637,0.272540228560851,0.1956200397149881,0.6085571795378234
NR-ER-LBD,1,Graph,GCN_only,single,,0.6916724274145764,0.2403920139962699,0.2309774003540726,0.6145812759233656
NR-ER-LBD,1,maccs,RF+GCN,averaging,,0.757511603792218,0.3360274213644883,0.3855319030786434,0.5972311376654158
NR-ER-LBD,1,maccs,RF+GCN,voting,,0.6193524096385542,0.2304691791113205,0.3592606204397644,0.6188092534070709
NR-ER-LBD,1,maccs,RF+GCN,lr_none,,0.7657206695634998,0.335496156685842,0.3792986572032271,0.6046748469286983
NR-ER-LBD,1,maccs,RF+GCN,lr_l2,0.1,0.7646590460201461,0.3354070568477778,0.0,0.5
NR-ER-LBD,1,maccs,RF+GCN,lr_l2,1.0,0.7647207683191783,0.3352195724387009,0.3976050489993964,0.5897874284021332
NR-ER-LBD,1,maccs,RF+GCN,lr_l2,10.0,0.7656219138850484,0.3351524658263175,0.3792986572032271,0.6046748469286983
NR-ER-LBD,1,maccs,RF+XGB,averaging,,0.7562833300414774,0.2932151538941118,0.2572185284033814,0.6049649417341497
NR-ER-LBD,1,maccs,RF+XGB,voting,,0.6201424550661664,0.1831161910119528,0.2090995365361371,0.6167539008492988
NR-ER-LBD,1,maccs,RF+XGB,lr_none,,0.6960547106458621,0.3178307206854617,0.3805429081141154,0.5894109223780367
NR-ER-LBD,1,maccs,RF+XGB,lr_l2,0.1,0.757986865494766,0.2954502064024735,0.0,0.5
NR-ER-LBD,1,maccs,RF+XGB,lr_l2,1.0,0.7579004542761208,0.3119842331570069,0.3596402856076207,0.5812142010665613
NR-ER-LBD,1,maccs,RF+XGB,lr_l2,10.0,0.7158922575548093,0.319071662223284,0.3805429081141154,0.5894109223780367
NR-ER-LBD,1,maccs,XGB+GCN,averaging,,0.73284120086905,0.2961840159431005,0.2569746659702387,0.5982742445190599
NR-ER-LBD,1,maccs,XGB+GCN,voting,,0.642300760418724,0.171185035801151,0.2384515402703607,0.6394615346632431
NR-ER-LBD,1,maccs,XGB+GCN,lr_none,,0.7370753505826585,0.3053409420032248,0.3377402005292833,0.5957251135690302
NR-ER-LBD,1,maccs,XGB+GCN,lr_l2,0.1,0.7324708670748568,0.2935231566047971,0.0,0.5
NR-ER-LBD,1,maccs,XGB+GCN,lr_l2,1.0,0.7354088485087894,0.3048970854114133,0.355125840182208,0.5655737704918032
NR-ER-LBD,1,maccs,XGB+GCN,lr_l2,10.0,0.7367790835473039,0.30412183197977,0.3377402005292833,0.5957251135690302
NR-ER-LBD,1,maccs,RF+XGB+GCN,averaging,,0.7580732767134111,0.3171974216105743,0.3025823461235322,0.5942190894726447
NR-ER-LBD,1,maccs,RF+XGB+GCN,voting,,0.6437944400553031,0.2297747906300572,0.3482328022085174,0.5961016195931266
NR-ER-LBD,1,maccs,RF+XGB+GCN,lr_none,,0.7098805056290737,0.3312963773719495,0.3982368332632022,0.6128715682401737
NR-ER-LBD,1,maccs,RF+XGB+GCN,lr_l2,0.1,0.7632085719928896,0.3171486379784155,0.0,0.5
NR-ER-LBD,1,maccs,RF+XGB+GCN,lr_l2,1.0,0.7679982223977878,0.3333415865788051,0.4170315246659936,0.5979841497136085
NR-ER-LBD,1,maccs,RF+XGB+GCN,lr_l2,10.0,0.7403095990519456,0.3317704829681479,0.3915561813063857,0.6050513529527948
NR-ER-LBD,1,atompair,RF_only,single,,0.7726644282046218,0.3393705974417019,0.2328345148617537,0.5402305945091843
NR-ER-LBD,1,atompair,XGB_only,single,,0.7717447659490421,0.345576709230698,0.3179777848279191,0.637375320955955
NR-ER-LBD,1,Graph,GCN_only,single,,0.6916724274145764,0.2403920139962699,0.2309774003540726,0.6145812759233656
NR-ER-LBD,1,atompair,RF+GCN,averaging,,0.765078757653565,0.3431418093732605,0.3073255412434155,0.5491803278688525
NR-ER-LBD,1,atompair,RF+GCN,voting,,0.6030392060043454,0.1835237357775455,0.3301150600944189,0.6027923168082164
NR-ER-LBD,1,atompair,RF+GCN,lr_none,,0.7846323819869642,0.3561657987131598,0.3851804880361925,0.61993877147936
NR-ER-LBD,1,atompair,RF+GCN,lr_l2,0.1,0.7595607841200869,0.3368414343373467,0.0,0.5
NR-ER-LBD,1,atompair,RF+GCN,lr_l2,1.0,0.7679673612482718,0.3492843165845337,0.3086960781327834,0.5570005431562315
NR-ER-LBD,1,atompair,RF+GCN,lr_l2,10.0,0.7807315326881296,0.353070124218762,0.3869997540547523,0.6124950622160774
NR-ER-LBD,1,atompair,RF+XGB,averaging,,0.7857125222200275,0.3506657286166333,0.3386466846427003,0.6031688228323129
NR-ER-LBD,1,atompair,RF+XGB,voting,,0.6379863717163736,0.1747514344051539,0.3179777848279191,0.637375320955955
NR-ER-LBD,1,atompair,RF+XGB,lr_none,,0.7806142603199685,0.351795201847045,0.3477537055402994,0.6035453288564092
NR-ER-LBD,1,atompair,RF+XGB,lr_l2,0.1,0.7862063006122852,0.3503833400415379,0.0,0.5
NR-ER-LBD,1,atompair,RF+XGB,lr_l2,1.0,0.7863791230495755,0.3504683059170303,0.3515381359627775,0.5886579103298439
NR-ER-LBD,1,atompair,RF+XGB,lr_l2,10.0,0.78251530713016,0.3566450110984625,0.3667878898457342,0.6117420501678846
NR-ER-LBD,1,atompair,XGB+GCN,averaging,,0.7906749950622161,0.3586151915006859,0.3851847204860438,0.6273824807426427
NR-ER-LBD,1,atompair,XGB+GCN,voting,,0.645701659095398,0.2123140837257609,0.3169423056287176,0.6440660181710449
NR-ER-LBD,1,atompair,XGB+GCN,lr_none,,0.7890455263677661,0.3530842734015668,0.4029873815530072,0.6281354927908355
NR-ER-LBD,1,atompair,XGB+GCN,lr_l2,0.1,0.795007900454276,0.3686335226198328,0.0,0.5
NR-ER-LBD,1,atompair,XGB+GCN,lr_l2,1.0,0.7928723089077624,0.3637855191558762,0.3915561813063857,0.6050513529527948
NR-ER-LBD,1,atompair,XGB+GCN,lr_l2,10.0,0.7898355717953783,0.3568022339423012,0.4127132020070792,0.6285119988149319
NR-ER-LBD,1,atompair,RF+XGB+GCN,averaging,,0.8007851076436896,0.374896001071114,0.4164929318437379,0.6210682895516492
NR-ER-LBD,1,atompair,RF+XGB+GCN,voting,,0.6458065870037528,0.226849602851444,0.3482328022085174,0.5961016195931266
NR-ER-LBD,1,atompair,RF+XGB+GCN,lr_none,,0.7952794785700178,0.3633725016805569,0.3938294781926978,0.6277589867667391
NR-ER-LBD,1,atompair,RF+XGB+GCN,lr_l2,0.1,0.8020318980841398,0.3701475445423435,0.0,0.5
NR-ER-LBD,1,atompair,RF+XGB+GCN,lr_l2,1.0,0.8002296069523998,0.372839238944682,0.4164929318437379,0.6210682895516492
NR-ER-LBD,1,atompair,RF+XGB+GCN,lr_l2,10.0,0.7979458818882086,0.3690573521766754,0.4029873815530072,0.6281354927908355
NR-ER-LBD,7,morgan,RF_only,single,,0.7373592731582066,0.3880084185268552,0.4535194373103752,0.6143775923365593
NR-ER-LBD,7,morgan,XGB_only,single,,0.7277984890381197,0.3595800583083408,0.3423932262978976,0.6463250543156231
NR-ER-LBD,7,Graph,GCN_only,single,,0.6908947264467706,0.136920585898001,0.0664160771912338,0.5274293896899072
NR-ER-LBD,7,morgan,RF+GCN,averaging,,0.7501172723681613,0.3232420908460005,0.1252389410905192,0.5081967213114754
NR-ER-LBD,7,morgan,RF+GCN,voting,,0.6143837645664626,0.2491378394646461,0.4535194373103752,0.6143775923365593
NR-ER-LBD,7,morgan,RF+GCN,lr_none,,0.7476977582460991,0.3952590364873887,0.4724962221873563,0.6303945289354138
NR-ER-LBD,7,morgan,RF+GCN,lr_l2,0.1,0.7469570906577128,0.394861267450402,0.0,0.5
NR-ER-LBD,7,morgan,RF+GCN,lr_l2,1.0,0.7472163243136479,0.3953383705964384,0.3073255412434155,0.5491803278688525
NR-ER-LBD,7,morgan,RF+GCN,lr_l2,10.0,0.7476607248666799,0.3952126817922307,0.470758489676352,0.6225743136480347
NR-ER-LBD,7,morgan,RF+XGB,averaging,,0.7723064388702351,0.387531850810107,0.4466850891120328,0.6449054414378828
NR-ER-LBD,7,morgan,RF+XGB,voting,,0.6564043057475804,0.2784117317453011,0.3576660755343018,0.6545217756270986
NR-ER-LBD,7,morgan,RF+XGB,lr_none,,0.7787749358088091,0.3995186328103959,0.4587334659971211,0.6300180229113174
NR-ER-LBD,7,morgan,RF+XGB,lr_l2,0.1,0.7656898084139838,0.3825268689268969,0.0,0.5
NR-ER-LBD,7,morgan,RF+XGB,lr_l2,1.0,0.7722694054908157,0.3875250682677131,0.3976050489993964,0.5897874284021332
NR-ER-LBD,7,morgan,RF+XGB,lr_l2,10.0,0.7785157021528737,0.3976633067890284,0.4414303671926465,0.621821301599842
NR-ER-LBD,7,morgan,XGB+GCN,averaging,,0.7542958720126407,0.3595663597905467,0.1771784456159521,0.5163934426229508
NR-ER-LBD,7,morgan,XGB+GCN,voting,,0.6545217756270985,0.1752371285706979,0.3576660755343018,0.6545217756270986
NR-ER-LBD,7,morgan,XGB+GCN,lr_none,,0.7524688919612879,0.3705742940628166,0.4103645121979368,0.6132480742642702
NR-ER-LBD,7,morgan,XGB+GCN,lr_l2,0.1,0.7387912304957536,0.3617743050096882,0.0,0.5
NR-ER-LBD,7,morgan,XGB+GCN,lr_l2,1.0,0.7470620185660676,0.3642421152082188,0.397330576070825,0.5819672131147541
NR-ER-LBD,7,morgan,XGB+GCN,lr_l2,10.0,0.7522466916847719,0.3696313579249141,0.4103645121979368,0.6132480742642702
NR-ER-LBD,7,morgan,RF+XGB+GCN,averaging,,0.7809228718151294,0.4043063862612983,0.3768042837896782,0.5737704918032787
NR-ER-LBD,7,morgan,RF+XGB+GCN,voting,,0.6565586114951609,0.2874411358566724,0.4535194373103752,0.6143775923365593
NR-ER-LBD,7,morgan,RF+XGB+GCN,lr_none,,0.7864038119691882,0.4071634468013602,0.475479287421709,0.6382147442227928
NR-ER-LBD,7,morgan,RF+XGB+GCN,lr_l2,0.1,0.769886924748173,0.3846927701054447,0.0,0.5
NR-ER-LBD,7,morgan,RF+XGB+GCN,lr_l2,1.0,0.7783181907959708,0.3943567547509454,0.3976050489993964,0.5897874284021332
NR-ER-LBD,7,morgan,RF+XGB+GCN,lr_l2,10.0,0.784934821252222,0.4069767985973049,0.4414303671926465,0.621821301599842
NR-ER-LBD,7,maccs,RF_only,single,,0.7342793304365002,0.3179924667581998,0.3855319030786434,0.5972311376654158
NR-ER-LBD,7,maccs,XGB_only,single,,0.7227063993679637,0.272540228560851,0.1956200397149881,0.6085571795378234
NR-ER-LBD,7,Graph,GCN_only,single,,0.6908947264467706,0.136920585898001,0.0664160771912338,0.5274293896899072
NR-ER-LBD,7,maccs,RF+GCN,averaging,,0.7518393245111595,0.3055339848926055,0.1252389410905192,0.5081967213114754
NR-ER-LBD,7,maccs,RF+GCN,voting,,0.5972496543551253,0.1959329155306919,0.3855319030786434,0.5972311376654158
NR-ER-LBD,7,maccs,RF+GCN,lr_none,,0.7499259332411613,0.3259260197985276,0.4004630147886377,0.5976076436895121
NR-ER-LBD,7,maccs,RF+GCN,lr_l2,0.1,0.7470126407268418,0.321554581135218,0.0,0.5
NR-ER-LBD,7,maccs,RF+GCN,lr_l2,1.0,0.7488643096978075,0.3229724328662097,0.3768042837896782,0.5737704918032787
NR-ER-LBD,7,maccs,RF+GCN,lr_l2,10.0,0.7497284218842583,0.3252851065322854,0.3805429081141154,0.5894109223780367
NR-ER-LBD,7,maccs,RF+XGB,averaging,,0.7562956745012838,0.295464703720355,0.2572185284033814,0.6049649417341497
NR-ER-LBD,7,maccs,RF+XGB,voting,,0.6205127888603595,0.1950796374016286,0.2090995365361371,0.6167539008492988
NR-ER-LBD,7,maccs,RF+XGB,lr_none,,0.7057574560537232,0.3179200265478139,0.3805429081141154,0.5894109223780367
NR-ER-LBD,7,maccs,RF+XGB,lr_l2,0.1,0.756949930871025,0.2961268437856796,0.0,0.5
NR-ER-LBD,7,maccs,RF+XGB,lr_l2,1.0,0.7594311672921192,0.3122013818378585,0.3557724307272726,0.5733939857791823
NR-ER-LBD,7,maccs,RF+XGB,lr_l2,10.0,0.7259036144578314,0.3200357581340481,0.3805429081141154,0.5894109223780367
NR-ER-LBD,7,maccs,XGB+GCN,averaging,,0.7328905787082758,0.2499107419377191,0.2892237700373584,0.556624037132135
NR-ER-LBD,7,maccs,XGB+GCN,voting,,0.6089275133320167,0.1005596170080336,0.1956200397149881,0.6085571795378234
NR-ER-LBD,7,maccs,XGB+GCN,lr_none,,0.7364581275923365,0.2641443468662536,0.1252389410905192,0.5081967213114754
NR-ER-LBD,7,maccs,XGB+GCN,lr_l2,0.1,0.7313968990716966,0.2771744408662841,0.0,0.5
NR-ER-LBD,7,maccs,XGB+GCN,lr_l2,1.0,0.7344089472644677,0.2789621321370181,0.0,0.5
NR-ER-LBD,7,maccs,XGB+GCN,lr_l2,10.0,0.7362853051550464,0.2779956481008566,0.1252389410905192,0.5081967213114754
NR-ER-LBD,7,maccs,RF+XGB+GCN,averaging,,0.7699116136677858,0.2981847639566987,0.3375979791128459,0.5730174797550859
NR-ER-LBD,7,maccs,RF+XGB+GCN,voting,,0.6205313055500692,0.1985925179636895,0.3652889204708548,0.5890344163539404
NR-ER-LBD,7,maccs,RF+XGB+GCN,lr_none,,0.7176698597669366,0.3266698056130707,0.3805429081141154,0.5894109223780367
NR-ER-LBD,7,maccs,RF+XGB+GCN,lr_l2,0.1,0.7654058858384357,0.2977796716625419,0.0,0.5
NR-ER-LBD,7,maccs,RF+XGB+GCN,lr_l2,1.0,0.7720472052142998,0.3153487866410031,0.3557724307272726,0.5733939857791823
NR-ER-LBD,7,maccs,RF+XGB+GCN,lr_l2,10.0,0.7400380209362037,0.3270031956484754,0.3805429081141154,0.5894109223780367
NR-ER-LBD,7,atompair,RF_only,single,,0.7775836954374877,0.3365337913877806,0.2328345148617537,0.5402305945091843
NR-ER-LBD,7,atompair,XGB_only,single,,0.7717447659490421,0.345576709230698,0.3179777848279191,0.637375320955955
NR-ER-LBD,7,Graph,GCN_only,single,,0.6908947264467706,0.136920585898001,0.0664160771912338,0.5274293896899072
NR-ER-LBD,7,atompair,RF+GCN,averaging,,0.7805895714003556,0.2265134558884124,0.1252389410905192,0.5081967213114754
NR-ER-LBD,7,atompair,RF+GCN,voting,,0.5484273158206597,0.1133673240566984,0.2622663160833588,0.5484273158206596
NR-ER-LBD,7,atompair,RF+GCN,lr_none,,0.7813672723681611,0.3422069861451724,0.3575065762657667,0.6039218348805057
NR-ER-LBD,7,atompair,RF+GCN,lr_l2,0.1,0.7827128184870631,0.3415031157775798,0.0,0.5
NR-ER-LBD,7,atompair,RF+GCN,lr_l2,1.0,0.7828486075449338,0.3417464756135881,0.1771784456159521,0.5163934426229508
NR-ER-LBD,7,atompair,RF+GCN,lr_l2,10.0,0.7817993284613866,0.3421397182715063,0.3719795669470424,0.5968546316413194
NR-ER-LBD,7,atompair,RF+XGB,averaging,,0.7895022713806044,0.3453953637155101,0.3760244974982322,0.6195622654552637
NR-ER-LBD,7,atompair,RF+XGB,voting,,0.6379863717163736,0.1747514344051539,0.3179777848279191,0.637375320955955
NR-ER-LBD,7,atompair,RF+XGB,lr_none,,0.7868111791428007,0.3480811514824137,0.3189607932253569,0.5949721015208375
NR-ER-LBD,7,atompair,RF+XGB,lr_l2,0.1,0.786761801303575,0.3463093098968509,0.0,0.5
NR-ER-LBD,7,atompair,RF+XGB,lr_l2,1.0,0.7886628481137665,0.3444043623978426,0.3652889204708548,0.5890344163539404
NR-ER-LBD,7,atompair,RF+XGB,lr_l2,10.0,0.7887616037922179,0.3490051476811101,0.3280133984767812,0.5953486075449339
NR-ER-LBD,7,atompair,XGB+GCN,averaging,,0.7886258147343472,0.3329838472478201,0.2507490111244035,0.5327868852459017
NR-ER-LBD,7,atompair,XGB+GCN,voting,,0.6375419711633419,0.1588263758571445,0.3179777848279191,0.637375320955955
NR-ER-LBD,7,atompair,XGB+GCN,lr_none,,0.7798242148923563,0.3502718591433952,0.3576477740653057,0.6113655441437883
NR-ER-LBD,7,atompair,XGB+GCN,lr_l2,0.1,0.7799476594904209,0.3515360128940747,0.0,0.5
NR-ER-LBD,7,atompair,XGB+GCN,lr_l2,1.0,0.7797378036737113,0.3502530584166511,0.3515381359627775,0.5886579103298439
NR-ER-LBD,7,atompair,XGB+GCN,lr_l2,10.0,0.7797995259727434,0.3502672454229049,0.3576477740653057,0.6113655441437883
NR-ER-LBD,7,atompair,RF+XGB+GCN,averaging,,0.8005382184475607,0.3465992045979073,0.280447179833538,0.5409836065573771
NR-ER-LBD,7,atompair,RF+XGB+GCN,voting,,0.6381530219237606,0.1834165397915707,0.2622663160833588,0.5484273158206596
NR-ER-LBD,7,atompair,RF+XGB+GCN,lr_none,,0.7902059055895715,0.3504929245324995,0.3280133984767812,0.5953486075449339
NR-ER-LBD,7,atompair,RF+XGB+GCN,lr_l2,0.1,0.7914033181907959,0.3485971259170204,0.0,0.5
NR-ER-LBD,7,atompair,RF+XGB+GCN,lr_l2,1.0,0.7926254197116334,0.3453488576726552,0.3652889204708548,0.5890344163539404
NR-ER-LBD,7,atompair,RF+XGB+GCN,lr_l2,10.0,0.7910329843966027,0.3490642992080968,0.3280133984767812,0.5953486075449339
NR-ER-LBD,123,morgan,RF_only,single,,0.7206880801896111,0.3802390083680155,0.4874207293383309,0.6307710349595101
NR-ER-LBD,123,morgan,XGB_only,single,,0.7277984890381197,0.3595800583083408,0.3423932262978976,0.6463250543156231
NR-ER-LBD,123,Graph,GCN_only,single,,0.707670847323721,0.172862606076229,0.0996921859428143,0.5430698202646652
NR-ER-LBD,123,morgan,RF+GCN,averaging,,0.7608507801698597,0.3780863264283067,0.355125840182208,0.5655737704918032
NR-ER-LBD,123,morgan,RF+GCN,voting,,0.621876851668971,0.2462321047103117,0.4414303671926465,0.621821301599842
NR-ER-LBD,123,morgan,RF+GCN,lr_none,,0.7566289749160577,0.3963888865370962,0.4889817823640806,0.6385912502468891
NR-ER-LBD,123,morgan,RF+GCN,lr_l2,0.1,0.7596163341892159,0.3911561485450306,0.0,0.5
NR-ER-LBD,123,morgan,RF+GCN,lr_l2,1.0,0.7589620778194747,0.3959703857199694,0.3768042837896782,0.5737704918032787
NR-ER-LBD,123,morgan,RF+GCN,lr_l2,10.0,0.7570239976298637,0.394910560986518,0.4874207293383309,0.6307710349595101
NR-ER-LBD,123,morgan,RF+XGB,averaging,,0.7648874185265653,0.3850782618643905,0.4466850891120328,0.6449054414378828
NR-ER-LBD,123,morgan,RF+XGB,voting,,0.6565586114951609,0.2874411358566724,0.3576660755343018,0.6545217756270986
NR-ER-LBD,123,morgan,RF+XGB,lr_none,,0.7673933438672723,0.39657029960137,0.4587334659971211,0.6300180229113174
NR-ER-LBD,123,morgan,RF+XGB,lr_l2,0.1,0.7610482915267628,0.3823372746511836,0.0,0.5
NR-ER-LBD,123,morgan,RF+XGB,lr_l2,1.0,0.764850385147146,0.3848260742510155,0.3805429081141154,0.5894109223780367
NR-ER-LBD,123,morgan,RF+XGB,lr_l2,10.0,0.768479656330239,0.3934462261265801,0.4587334659971211,0.6300180229113174
NR-ER-LBD,123,morgan,XGB+GCN,averaging,,0.7585547106458621,0.3488849711426233,0.3805429081141154,0.5894109223780367
NR-ER-LBD,123,morgan,XGB+GCN,voting,,0.6543427809599052,0.1796720695701435,0.353026437552817,0.6541452696030021
NR-ER-LBD,123,morgan,XGB+GCN,lr_none,,0.7589867667390876,0.3520080755147458,0.4103645121979368,0.6132480742642702
NR-ER-LBD,123,morgan,XGB+GCN,lr_l2,0.1,0.754950128382382,0.3504027821426098,0.0,0.5
NR-ER-LBD,123,morgan,XGB+GCN,lr_l2,1.0,0.758270788070314,0.3550478603808987,0.3375979791128459,0.5730174797550859
NR-ER-LBD,123,morgan,XGB+GCN,lr_l2,10.0,0.759085522417539,0.3542373530854399,0.4195256701945093,0.6058043650009876
NR-ER-LBD,123,morgan,RF+XGB+GCN,averaging,,0.7751333201659095,0.4007733937922322,0.4378321820999155,0.614001086312463
NR-ER-LBD,123,morgan,RF+XGB+GCN,voting,,0.6563302389887419,0.2859848726671485,0.4554658799943492,0.6221978076239384
NR-ER-LBD,123,morgan,RF+XGB+GCN,lr_none,,0.7792316808216473,0.3991923339737226,0.4629253548000696,0.6378382381986964
NR-ER-LBD,123,morgan,RF+XGB+GCN,lr_l2,0.1,0.7709362038317203,0.3944423080313959,0.0,0.5
NR-ER-LBD,123,morgan,RF+XGB+GCN,lr_l2,1.0,0.7741827967608137,0.3982885063109136,0.4004630147886377,0.5976076436895121
NR-ER-LBD,123,morgan,RF+XGB+GCN,lr_l2,10.0,0.7782811574165515,0.4003911894370461,0.475479287421709,0.6382147442227928
NR-ER-LBD,123,maccs,RF_only,single,,0.7286564289946673,0.3055164251186069,0.3515381359627775,0.5886579103298439
NR-ER-LBD,123,maccs,XGB_only,single,,0.7227063993679637,0.272540228560851,0.1956200397149881,0.6085571795378234
NR-ER-LBD,123,Graph,GCN_only,single,,0.707670847323721,0.172862606076229,0.0996921859428143,0.5430698202646652
NR-ER-LBD,123,maccs,RF+GCN,averaging,,0.7777071400355521,0.3110132851068713,0.3557724307272726,0.5733939857791823
NR-ER-LBD,123,maccs,RF+GCN,voting,,0.5880159984199091,0.1700376216768618,0.3276464826184221,0.5879048982816513
NR-ER-LBD,123,maccs,RF+GCN,lr_none,,0.7736951905984595,0.3233105744739526,0.3276464826184221,0.5879048982816513
NR-ER-LBD,123,maccs,RF+GCN,lr_l2,0.1,0.7729051451708474,0.3231522423616772,0.0,0.5
NR-ER-LBD,123,maccs,RF+GCN,lr_l2,1.0,0.7735223681611693,0.3232725833051205,0.3805429081141154,0.5894109223780367
NR-ER-LBD,123,maccs,RF+GCN,lr_l2,10.0,0.7736705016788465,0.3232961374330758,0.3652889204708548,0.5890344163539404
NR-ER-LBD,123,maccs,RF+XGB,averaging,,0.7547032391862533,0.2901157848076708,0.2572185284033814,0.6049649417341497
NR-ER-LBD,123,maccs,RF+XGB,voting,,0.6200375271578116,0.1741088049553864,0.2090995365361371,0.6167539008492988
NR-ER-LBD,123,maccs,RF+XGB,lr_none,,0.6927957732569622,0.2987085512856705,0.3515381359627775,0.5886579103298439
NR-ER-LBD,123,maccs,RF+XGB,lr_l2,0.1,0.755369840015801,0.2918069970484945,0.0,0.5
NR-ER-LBD,123,maccs,RF+XGB,lr_l2,1.0,0.7583942326683784,0.303671373620914,0.3330140269135183,0.5651972644677069
NR-ER-LBD,123,maccs,RF+XGB,lr_l2,10.0,0.7214102310882876,0.3058430120663563,0.3515381359627775,0.5886579103298439
NR-ER-LBD,123,maccs,XGB+GCN,averaging,,0.7376185068141418,0.2648471213223734,0.2772435677953643,0.5785786588978866
NR-ER-LBD,123,maccs,XGB+GCN,voting,,0.6094706695634999,0.1067718689493623,0.1956200397149881,0.6085571795378234
NR-ER-LBD,123,maccs,XGB+GCN,lr_none,,0.737791329251432,0.2589509638103195,0.2583209557844024,0.5558710250839423
NR-ER-LBD,123,maccs,XGB+GCN,lr_l2,0.1,0.7392356310487852,0.277827752994889,0.0,0.5
NR-ER-LBD,123,maccs,XGB+GCN,lr_l2,1.0,0.7378036737112385,0.2665298977312874,0.280447179833538,0.5409836065573771
NR-ER-LBD,123,maccs,XGB+GCN,lr_l2,10.0,0.7375074066758839,0.2582590925474157,0.2583209557844024,0.5558710250839423
NR-ER-LBD,123,maccs,RF+XGB+GCN,averaging,,0.7696647244716572,0.3084138579980118,0.3276464826184221,0.5879048982816513
NR-ER-LBD,123,maccs,RF+XGB+GCN,voting,,0.61993877147936,0.1779144255642857,0.3061269517941694,0.5797081769701758
NR-ER-LBD,123,maccs,RF+XGB+GCN,lr_none,,0.7146207781947461,0.3234008081928337,0.3482328022085174,0.5961016195931266
NR-ER-LBD,123,maccs,RF+XGB+GCN,lr_l2,0.1,0.7715781157416552,0.3068715149782521,0.0,0.5
NR-ER-LBD,123,maccs,RF+XGB+GCN,lr_l2,1.0,0.7822066956349991,0.3207264188311252,0.3596402856076207,0.5812142010665613
NR-ER-LBD,123,maccs,RF+XGB+GCN,lr_l2,10.0,0.7543575943116729,0.3231987128000536,0.3515381359627775,0.5886579103298439
NR-ER-LBD,123,atompair,RF_only,single,,0.7785342188425834,0.3387499490256396,0.2537518493775641,0.5406071005332806
NR-ER-LBD,123,atompair,XGB_only,single,,0.7717447659490421,0.345576709230698,0.3179777848279191,0.637375320955955
NR-ER-LBD,123,Graph,GCN_only,single,,0.707670847323721,0.172862606076229,0.0996921859428143,0.5430698202646652
NR-ER-LBD,123,atompair,RF+GCN,averaging,,0.7928229310685364,0.339953284329022,0.2170766607225966,0.5245901639344263
NR-ER-LBD,123,atompair,RF+GCN,voting,,0.5480878431759827,0.1160995644938568,0.2454335131611985,0.5480508097965633
NR-ER-LBD,123,atompair,RF+GCN,lr_none,,0.7985507604187241,0.351214803000637,0.394929095048768,0.6203152775034565
NR-ER-LBD,123,atompair,RF+GCN,lr_l2,0.1,0.794921489235631,0.3534892695594522,0.0,0.5
NR-ER-LBD,123,atompair,RF+GCN,lr_l2,1.0,0.7959954572387913,0.3502767351409247,0.280447179833538,0.5409836065573771
NR-ER-LBD,123,atompair,RF+GCN,lr_l2,10.0,0.7984520047402726,0.3502865883062126,0.3792986572032271,0.6046748469286983
NR-ER-LBD,123,atompair,RF+XGB,averaging,,0.7905145170847323,0.3544165331909083,0.3760244974982322,0.6195622654552637
NR-ER-LBD,123,atompair,RF+XGB,voting,,0.6380974718546316,0.1845094359664341,0.3179777848279191,0.637375320955955
NR-ER-LBD,123,atompair,RF+XGB,lr_none,,0.7870457238791231,0.3542560048602408,0.3477537055402994,0.6035453288564092
NR-ER-LBD,123,atompair,RF+XGB,lr_l2,0.1,0.7878851471459609,0.3483031958005113,0.0,0.5
NR-ER-LBD,123,atompair,RF+XGB,lr_l2,1.0,0.7897121271973139,0.3489421586041547,0.3515381359627775,0.5886579103298439
NR-ER-LBD,123,atompair,RF+XGB,lr_l2,10.0,0.7893294489433142,0.3527348209285914,0.3765466178552419,0.6121185561919811
NR-ER-LBD,123,atompair,XGB+GCN,averaging,,0.7891566265060241,0.3543115842636695,0.3679885168962427,0.604298340904602
NR-ER-LBD,123,atompair,XGB+GCN,voting,,0.637406182105471,0.1640651499127396,0.3137572999087982,0.6369988149318586
NR-ER-LBD,123,atompair,XGB+GCN,lr_none,,0.790304661268023,0.3604971199617411,0.3851847204860438,0.6273824807426427
NR-ER-LBD,123,atompair,XGB+GCN,lr_l2,0.1,0.7896874382777009,0.3602060924396981,0.0,0.5
NR-ER-LBD,123,atompair,XGB+GCN,lr_l2,1.0,0.7898355717953783,0.360285515707478,0.3276464826184221,0.5879048982816513
NR-ER-LBD,123,atompair,XGB+GCN,lr_l2,10.0,0.7902923168082165,0.3604607049768331,0.3851847204860438,0.6273824807426427
NR-ER-LBD,123,atompair,RF+XGB+GCN,averaging,,0.8077350385147146,0.365389742204021,0.3440542915622373,0.580837695042465
NR-ER-LBD,123,atompair,RF+XGB+GCN,voting,,0.6378382381986963,0.18990264100326,0.2622663160833588,0.5484273158206596
NR-ER-LBD,123,atompair,RF+XGB+GCN,lr_none,,0.805945091842781,0.3618829153926028,0.4029873815530072,0.6281354927908355
NR-ER-LBD,123,atompair,RF+XGB+GCN,lr_l2,0.1,0.8049945684376851,0.3668429052813008,0.0,0.5
NR-ER-LBD,123,atompair,RF+XGB+GCN,lr_l2,1.0,0.8078584831127791,0.3680030839088022,0.3596013319624039,0.5964781256172229
NR-ER-LBD,123,atompair,RF+XGB+GCN,lr_l2,10.0,0.8089694844953584,0.3664690409347073,0.4127132020070792,0.6285119988149319
NR-ER-LBD,999,morgan,RF_only,single,,0.721984248469287,0.382542595490543,0.3976050489993964,0.5897874284021332
NR-ER-LBD,999,morgan,XGB_only,single,,0.7277984890381197,0.3595800583083408,0.3423932262978976,0.6463250543156231
NR-ER-LBD,999,Graph,GCN_only,single,,0.7004246494173415,0.118821005401763,0.0631195726447969,0.5266763776417144
NR-ER-LBD,999,morgan,RF+GCN,averaging,,0.775034564487458,0.3351787656625546,0.2507490111244035,0.5327868852459017
NR-ER-LBD,999,morgan,RF+GCN,voting,,0.5972311376654157,0.1926542270061018,0.3855319030786434,0.5972311376654158
NR-ER-LBD,999,morgan,RF+GCN,lr_none,,0.7713312265455263,0.40277432617425,0.4378321820999155,0.614001086312463
NR-ER-LBD,999,morgan,RF+GCN,lr_l2,0.1,0.7713929488445586,0.4019366239865247,0.0,0.5
NR-ER-LBD,999,morgan,RF+GCN,lr_l2,1.0,0.7718003160181711,0.401756953908959,0.3073255412434155,0.5491803278688525
NR-ER-LBD,999,morgan,RF+GCN,lr_l2,10.0,0.7715040489828165,0.4020000989148747,0.4004630147886377,0.5976076436895121
NR-ER-LBD,999,morgan,RF+XGB,averaging,,0.7694795575745605,0.3842164618321264,0.429950265607782,0.6367087201264072
NR-ER-LBD,999,morgan,RF+XGB,voting,,0.655941388504839,0.2514086801520856,0.3576660755343018,0.6545217756270986
NR-ER-LBD,999,morgan,RF+XGB,lr_none,,0.7729483507801699,0.3968674423686356,0.4554658799943492,0.6221978076239384
NR-ER-LBD,999,morgan,RF+XGB,lr_l2,0.1,0.7637023503851471,0.3798704799088935,0.0,0.5
NR-ER-LBD,999,morgan,RF+XGB,lr_l2,1.0,0.7684920007900453,0.3836663319468735,0.3596402856076207,0.5812142010665613
NR-ER-LBD,999,morgan,RF+XGB,lr_l2,10.0,0.7737877740470077,0.3934279071063835,0.4554658799943492,0.6221978076239384
NR-ER-LBD,999,morgan,XGB+GCN,averaging,,0.7607643689512147,0.3246161921742561,0.321675522215845,0.5726409737309895
NR-ER-LBD,999,morgan,XGB+GCN,voting,,0.6459917539008493,0.1630244662394221,0.3378219301811104,0.6459485482915268
NR-ER-LBD,999,morgan,XGB+GCN,lr_none,,0.759369444993087,0.3407439352145904,0.3915561813063857,0.6050513529527948
NR-ER-LBD,999,morgan,XGB+GCN,lr_l2,0.1,0.750086411218645,0.3469766744991162,0.0,0.5
NR-ER-LBD,999,morgan,XGB+GCN,lr_l2,1.0,0.755345151096188,0.3509619865165254,0.3557724307272726,0.5733939857791823
NR-ER-LBD,999,morgan,XGB+GCN,lr_l2,10.0,0.7586658107841201,0.3432699724512207,0.3719795669470424,0.5968546316413194
NR-ER-LBD,999,morgan,RF+XGB+GCN,averaging,,0.7799723484100335,0.3963214603226994,0.3805429081141154,0.5894109223780367
NR-ER-LBD,999,morgan,RF+XGB+GCN,voting,,0.6556636381591942,0.2462510121291289,0.3805429081141154,0.5894109223780367
NR-ER-LBD,999,morgan,RF+XGB+GCN,lr_none,,0.7871568240173809,0.4082714549432635,0.4414303671926465,0.621821301599842
NR-ER-LBD,999,morgan,RF+XGB+GCN,lr_l2,0.1,0.7733557179537823,0.3893482330341943,0.0,0.5
NR-ER-LBD,999,morgan,RF+XGB+GCN,lr_l2,1.0,0.7791082362235828,0.3983929745557745,0.3652889204708548,0.5890344163539404
NR-ER-LBD,999,morgan,RF+XGB+GCN,lr_l2,10.0,0.7854903219435119,0.406729719428392,0.4235110306503674,0.6136245802883665
NR-ER-LBD,999,maccs,RF_only,single,,0.7221323819869643,0.3141008178380491,0.3515381359627775,0.5886579103298439
NR-ER-LBD,999,maccs,XGB_only,single,,0.7227063993679637,0.272540228560851,0.1956200397149881,0.6085571795378234
NR-ER-LBD,999,Graph,GCN_only,single,,0.7004246494173415,0.118821005401763,0.0631195726447969,0.5266763776417144
NR-ER-LBD,999,maccs,RF+GCN,averaging,,0.782799229705708,0.2881346642456731,0.2001781575117126,0.5320338731977089
NR-ER-LBD,999,maccs,RF+GCN,voting,,0.5882443709263282,0.1568987595746439,0.3390532593706059,0.5882814043057476
NR-ER-LBD,999,maccs,RF+GCN,lr_none,,0.7849224767924156,0.3222923320137235,0.3515381359627775,0.5886579103298439
NR-ER-LBD,999,maccs,RF+GCN,lr_l2,0.1,0.7805772269405491,0.3226375185996706,0.0,0.5
NR-ER-LBD,999,maccs,RF+GCN,lr_l2,1.0,0.7831819079597078,0.3246586426482863,0.3557724307272726,0.5733939857791823
NR-ER-LBD,999,maccs,RF+GCN,lr_l2,10.0,0.7847990321943512,0.3240676713893454,0.3652889204708548,0.5890344163539404
NR-ER-LBD,999,maccs,RF+XGB,averaging,,0.7481112976496148,0.2888738735279045,0.2572185284033814,0.6049649417341497
NR-ER-LBD,999,maccs,RF+XGB,voting,,0.6200375271578116,0.1741088049553864,0.2090995365361371,0.6167539008492988
NR-ER-LBD,999,maccs,RF+XGB,lr_none,,0.7100039502271381,0.3109208789227355,0.330114826153072,0.5804611890183685
NR-ER-LBD,999,maccs,RF+XGB,lr_l2,0.1,0.7483581868457437,0.2910759895739953,0.0,0.5
NR-ER-LBD,999,maccs,RF+XGB,lr_l2,1.0,0.7492099545723879,0.30549377007298,0.3330140269135183,0.5651972644677069
NR-ER-LBD,999,maccs,RF+XGB,lr_l2,10.0,0.7213238198696426,0.314635864275136,0.3596402856076207,0.5812142010665613
NR-ER-LBD,999,maccs,XGB+GCN,averaging,,0.7354952597274343,0.2304945712669911,0.2772435677953643,0.5785786588978866
NR-ER-LBD,999,maccs,XGB+GCN,voting,,0.608458423859372,0.0916905740578863,0.1937453783500145,0.6081806735137271
NR-ER-LBD,999,maccs,XGB+GCN,lr_none,,0.7355322931068538,0.2342118650176342,0.2016432562850386,0.5394775824609915
NR-ER-LBD,999,maccs,XGB+GCN,lr_l2,0.1,0.7364334386727237,0.2642953367719118,0.0,0.5
NR-ER-LBD,999,maccs,XGB+GCN,lr_l2,1.0,0.737766640331819,0.2530196105707756,0.1252389410905192,0.5081967213114754
NR-ER-LBD,999,maccs,XGB+GCN,lr_l2,10.0,0.7356310487853052,0.236722387276852,0.2016432562850386,0.5394775824609915
NR-ER-LBD,999,maccs,RF+XGB+GCN,averaging,,0.7653071301599842,0.2874240010098495,0.3075656750103592,0.5722644677068931
NR-ER-LBD,999,maccs,RF+XGB+GCN,voting,,0.6196857100533281,0.1702711125931039,0.330114826153072,0.5804611890183685
NR-ER-LBD,999,maccs,RF+XGB+GCN,lr_none,,0.7597274343274738,0.3209470058826325,0.3515381359627775,0.5886579103298439
NR-ER-LBD,999,maccs,RF+XGB+GCN,lr_l2,0.1,0.7660971755875963,0.2995424369491347,0.0,0.5
NR-ER-LBD,999,maccs,RF+XGB+GCN,lr_l2,1.0,0.7820462176575153,0.3196145052687348,0.3557724307272726,0.5733939857791823
NR-ER-LBD,999,maccs,RF+XGB+GCN,lr_l2,10.0,0.7796513924550662,0.3244080465071448,0.3652889204708548,0.5890344163539404
NR-ER-LBD,999,atompair,RF_only,single,,0.7868420402923167,0.3437117279463229,0.3086960781327834,0.5570005431562315
NR-ER-LBD,999,atompair,XGB_only,single,,0.7717447659490421,0.345576709230698,0.3179777848279191,0.637375320955955
NR-ER-LBD,999,Graph,GCN_only,single,,0.7004246494173415,0.118821005401763,0.0631195726447969,0.5266763776417144
NR-ER-LBD,999,atompair,RF+GCN,averaging,,0.7746889196128777,0.2555720404439122,0.0,0.5
NR-ER-LBD,999,atompair,RF+GCN,voting,,0.5644442524195141,0.1335369772504638,0.2979594674486241,0.5644442524195141
NR-ER-LBD,999,atompair,RF+GCN,lr_none,,0.7909095397985384,0.3486534722406482,0.3490616134434574,0.6109890381196919
NR-ER-LBD,999,atompair,RF+GCN,lr_l2,0.1,0.7863544341299625,0.3215367361280205,0.0,0.5
NR-ER-LBD,999,atompair,RF+GCN,lr_l2,1.0,0.7885517479755086,0.3335526570698288,0.1771784456159521,0.5163934426229508
NR-ER-LBD,999,atompair,RF+GCN,lr_l2,10.0,0.7909095397985383,0.3466151231120968,0.3575065762657667,0.6039218348805057
NR-ER-LBD,999,atompair,RF+XGB,averaging,,0.7921686746987953,0.3547919294950818,0.3938294781926978,0.6277589867667391
NR-ER-LBD,999,atompair,RF+XGB,voting,,0.6384307722694055,0.2034985070046855,0.3179777848279191,0.637375320955955
NR-ER-LBD,999,atompair,RF+XGB,lr_none,,0.7953041674896306,0.3650249764513348,0.3667878898457342,0.6117420501678846
NR-ER-LBD,999,atompair,RF+XGB,lr_l2,0.1,0.7877370136282837,0.3490397301733294,0.0,0.5
NR-ER-LBD,999,atompair,RF+XGB,lr_l2,1.0,0.7900577720718942,0.3505349152262771,0.3390532593706059,0.5882814043057476
NR-ER-LBD,999,atompair,RF+XGB,lr_l2,10.0,0.7944770886825991,0.3633132871788985,0.3851804880361925,0.61993877147936
NR-ER-LBD,999,atompair,XGB+GCN,averaging,,0.7869840015800909,0.2855740272676116,0.2956916332744403,0.5793316709460794
NR-ER-LBD,999,atompair,XGB+GCN,voting,,0.6370605372308906,0.148206276070972,0.3137572999087982,0.6369988149318586
NR-ER-LBD,999,atompair,XGB+GCN,lr_none,,0.7867618013035749,0.3513748351523239,0.3674016727330303,0.6191857594311673
NR-ER-LBD,999,atompair,XGB+GCN,lr_l2,0.1,0.7868235236026071,0.3513942017735167,0.0,0.5
NR-ER-LBD,999,atompair,XGB+GCN,lr_l2,1.0,0.7866630456251235,0.3512837914609592,0.3276464826184221,0.5879048982816513
NR-ER-LBD,999,atompair,XGB+GCN,lr_l2,10.0,0.7867494568437685,0.3513703531044797,0.3490616134434574,0.6109890381196919
NR-ER-LBD,999,atompair,RF+XGB+GCN,averaging,,0.7981063598656922,0.3389300984255655,0.330114826153072,0.5804611890183685
NR-ER-LBD,999,atompair,RF+XGB+GCN,voting,,0.6381591941536637,0.2000238099269948,0.3142142853837202,0.5648207584436105
NR-ER-LBD,999,atompair,RF+XGB+GCN,lr_none,,0.8000320955954967,0.3639492754932278,0.3760244974982322,0.6195622654552637
NR-ER-LBD,999,atompair,RF+XGB+GCN,lr_l2,0.1,0.7968966028046613,0.3574887706569626,0.0,0.5
NR-ER-LBD,999,atompair,RF+XGB+GCN,lr_l2,1.0,0.7988099940746594,0.3555449699883021,0.3276464826184221,0.5879048982816513
NR-ER-LBD,999,atompair,RF+XGB+GCN,lr_l2,10.0,0.8015134307722694,0.3633190788408583,0.3760244974982322,0.6195622654552637
NR-PPAR-gamma,42,morgan,RF_only,single,,0.6990217229578932,0.1551333135388476,0.0,0.5
NR-PPAR-gamma,42,morgan,XGB_only,single,,0.5984600505877101,0.128101239263762,0.1101303688632892,0.5411645092496156
NR-PPAR-gamma,42,Graph,GCN_only,single,,0.685525467440361,0.0920584334326017,0.0261296676626257,0.5096339830382384
NR-PPAR-gamma,42,morgan,RF+GCN,averaging,,0.7024748301344046,0.118858201955234,0.0,0.5
NR-PPAR-gamma,42,morgan,RF+GCN,voting,,0.5,0.0512422360248447,0.0,0.5
NR-PPAR-gamma,42,morgan,RF+GCN,lr_none,,0.6733868967911523,0.1514007650552783,-0.0112291123827364,0.498772504091653
NR-PPAR-gamma,42,morgan,RF+GCN,lr_l2,0.1,0.673386896791152,0.1513918109671793,0.0,0.5
NR-PPAR-gamma,42,morgan,RF+GCN,lr_l2,1.0,0.673386896791152,0.1513918109671793,0.0,0.5
NR-PPAR-gamma,42,morgan,RF+GCN,lr_l2,10.0,0.6733992957397212,0.1513995258685112,0.0,0.5
NR-PPAR-gamma,42,morgan,RF+XGB,averaging,,0.6389798145117294,0.1425601448356609,0.0875244287866883,0.5135148539403859
NR-PPAR-gamma,42,morgan,RF+XGB,voting,,0.5411645092496156,0.0664303490390446,0.1101303688632892,0.5411645092496156
NR-PPAR-gamma,42,morgan,RF+XGB,lr_none,,0.6738952536824878,0.1594059513411723,0.0,0.5
NR-PPAR-gamma,42,morgan,RF+XGB,lr_l2,0.1,0.6089371621286515,0.1341944408223012,0.0,0.5
NR-PPAR-gamma,42,morgan,RF+XGB,lr_l2,1.0,0.6094083221742796,0.1333533811295671,0.0,0.5
NR-PPAR-gamma,42,morgan,RF+XGB,lr_l2,10.0,0.632036403312999,0.1393369814265889,0.0,0.5
NR-PPAR-gamma,42,morgan,XGB+GCN,averaging,,0.6123344740366018,0.12508445434413,0.0,0.5
NR-PPAR-gamma,42,morgan,XGB+GCN,voting,,0.5411645092496156,0.0664303490390446,0.1101303688632892,0.5411645092496156
NR-PPAR-gamma,42,morgan,XGB+GCN,lr_none,,0.5907479045776918,0.1277091696223107,0.0,0.5
NR-PPAR-gamma,42,morgan,XGB+GCN,lr_l2,0.1,0.5932648911372316,0.127713593182746,0.0,0.5
NR-PPAR-gamma,42,morgan,XGB+GCN,lr_l2,1.0,0.5917398204632247,0.1276287047102448,0.0,0.5
NR-PPAR-gamma,42,morgan,XGB+GCN,lr_l2,10.0,0.5906115161434311,0.1277096440138599,0.0,0.5
NR-PPAR-gamma,42,morgan,RF+XGB+GCN,averaging,,0.6471383226702375,0.1383856575208898,0.0,0.5
NR-PPAR-gamma,42,morgan,RF+XGB+GCN,voting,,0.5411645092496156,0.0664303490390446,0.0,0.5
NR-PPAR-gamma,42,morgan,RF+XGB+GCN,lr_none,,0.6618186777761247,0.1600491886728099,-0.0064780917005116,0.4995908346972176
NR-PPAR-gamma,42,morgan,RF+XGB+GCN,lr_l2,0.1,0.6028864752269008,0.1336570877704849,0.0,0.5
NR-PPAR-gamma,42,morgan,RF+XGB+GCN,lr_l2,1.0,0.6024525120269801,0.1327488317099335,0.0,0.5
NR-PPAR-gamma,42,morgan,RF+XGB+GCN,lr_l2,10.0,0.6189803104696722,0.1381773425765231,0.0,0.5
NR-PPAR-gamma,42,maccs,RF_only,single,,0.6530774190348659,0.1376990054469415,-0.0064780917005116,0.4995908346972176
NR-PPAR-gamma,42,maccs,XGB_only,single,,0.6279695481823142,0.1167176321433733,0.1438762591872124,0.5559068590983485
NR-PPAR-gamma,42,Graph,GCN_only,single,,0.685525467440361,0.0920584334326017,0.0261296676626257,0.5096339830382384
NR-PPAR-gamma,42,maccs,RF+GCN,averaging,,0.6619550662103854,0.113157087198957,0.0,0.5
NR-PPAR-gamma,42,maccs,RF+GCN,voting,,0.4995908346972176,0.0512422360248447,-0.0064780917005116,0.4995908346972176
NR-PPAR-gamma,42,maccs,RF+GCN,lr_none,,0.6289738630164161,0.1366159769036422,-0.0064780917005116,0.4995908346972176
NR-PPAR-gamma,42,maccs,RF+GCN,lr_l2,0.1,0.6290110598621237,0.1366268345872131,0.0,0.5
NR-PPAR-gamma,42,maccs,RF+GCN,lr_l2,1.0,0.6290234588106929,0.1366311779868093,0.0,0.5
NR-PPAR-gamma,42,maccs,RF+GCN,lr_l2,10.0,0.6290234588106929,0.1366311779868093,0.0,0.5
NR-PPAR-gamma,42,maccs,RF+XGB,averaging,,0.6522218915835937,0.1262925323770599,0.0435565768083737,0.5102415315181272
NR-PPAR-gamma,42,maccs,RF+XGB,voting,,0.5558510638297872,0.0757231898536246,0.1438762591872124,0.5559068590983485
NR-PPAR-gamma,42,maccs,RF+XGB,lr_none,,0.6571690720626893,0.1321324993834411,-0.0064780917005116,0.4995908346972176
NR-PPAR-gamma,42,maccs,RF+XGB,lr_l2,0.1,0.6424267222139562,0.1210187341964656,0.0,0.5
NR-PPAR-gamma,42,maccs,RF+XGB,lr_l2,1.0,0.6427738927738927,0.1212373974043996,0.0,0.5
NR-PPAR-gamma,42,maccs,RF+XGB,lr_l2,10.0,0.6490725586470267,0.124831583724725,0.0,0.5
NR-PPAR-gamma,42,maccs,XGB+GCN,averaging,,0.6441873729107771,0.116654580143283,0.0,0.5
NR-PPAR-gamma,42,maccs,XGB+GCN,voting,,0.5559068590983484,0.0757231898536246,0.1438762591872124,0.5559068590983485
NR-PPAR-gamma,42,maccs,XGB+GCN,lr_none,,0.6205797748350941,0.1164025706344106,0.0,0.5
NR-PPAR-gamma,42,maccs,XGB+GCN,lr_l2,0.1,0.6203565937608491,0.1164126883388346,0.0,0.5
NR-PPAR-gamma,42,maccs,XGB+GCN,lr_l2,1.0,0.6206665674750781,0.1164805807392486,0.0,0.5
NR-PPAR-gamma,42,maccs,XGB+GCN,lr_l2,10.0,0.6212617170063979,0.116539187765189,0.0,0.5
NR-PPAR-gamma,42,maccs,RF+XGB+GCN,averaging,,0.6608515597877299,0.1283570585550132,-0.0064780917005116,0.4995908346972176
NR-PPAR-gamma,42,maccs,RF+XGB+GCN,voting,,0.5558510638297872,0.0757231898536246,-0.0064780917005116,0.4995908346972176
NR-PPAR-gamma,42,maccs,RF+XGB+GCN,lr_none,,0.6405668799285821,0.1297567141112209,-0.0064780917005116,0.4995908346972176
NR-PPAR-gamma,42,maccs,RF+XGB+GCN,lr_l2,0.1,0.6299409810048108,0.1201392630366419,0.0,0.5
NR-PPAR-gamma,42,maccs,RF+XGB+GCN,lr_l2,1.0,0.630263353667609,0.1203609577919394,0.0,0.5
NR-PPAR-gamma,42,maccs,RF+XGB+GCN,lr_l2,10.0,0.6353221246838269,0.1234878521126063,0.0,0.5
NR-PPAR-gamma,42,atompair,RF_only,single,,0.690212269999504,0.1602893025559156,0.0,0.5
NR-PPAR-gamma,42,atompair,XGB_only,single,,0.6229417745375192,0.1132254498789671,0.0358127479255623,0.505529931061846
NR-PPAR-gamma,42,Graph,GCN_only,single,,0.685525467440361,0.0920584334326017,0.0261296676626257,0.5096339830382384
NR-PPAR-gamma,42,atompair,RF+GCN,averaging,,0.6887243961712047,0.1219586361709688,0.0,0.5
NR-PPAR-gamma,42,atompair,RF+GCN,voting,,0.5,0.0512422360248447,0.0,0.5
NR-PPAR-gamma,42,atompair,RF+GCN,lr_none,,0.6582105837424986,0.1578409417528857,0.0,0.5
NR-PPAR-gamma,42,atompair,RF+GCN,lr_l2,0.1,0.6582229826910678,0.1578430086530707,0.0,0.5
NR-PPAR-gamma,42,atompair,RF+GCN,lr_l2,1.0,0.658235381639637,0.1578447182446077,0.0,0.5
NR-PPAR-gamma,42,atompair,RF+GCN,lr_l2,10.0,0.6582601795367753,0.1578920491341214,0.0,0.5
NR-PPAR-gamma,42,atompair,RF+XGB,averaging,,0.6617194861875714,0.1334155441549238,0.0,0.5
NR-PPAR-gamma,42,atompair,RF+XGB,voting,,0.505529931061846,0.0529910910345692,0.0358127479255623,0.505529931061846
NR-PPAR-gamma,42,atompair,RF+XGB,lr_none,,0.6860586222288351,0.1479895058474491,0.0,0.5
NR-PPAR-gamma,42,atompair,RF+XGB,lr_l2,0.1,0.6539577443832763,0.1258903099284577,0.0,0.5
NR-PPAR-gamma,42,atompair,RF+XGB,lr_l2,1.0,0.6545652928631652,0.1261050507786095,0.0,0.5
NR-PPAR-gamma,42,atompair,RF+XGB,lr_l2,10.0,0.6700639785746169,0.146405418571706,0.0,0.5
NR-PPAR-gamma,42,atompair,XGB+GCN,averaging,,0.6249690026285771,0.0924305494848119,-0.0064780917005116,0.4995908346972176
NR-PPAR-gamma,42,atompair,XGB+GCN,voting,,0.505529931061846,0.0529910910345692,0.0358127479255623,0.505529931061846
NR-PPAR-gamma,42,atompair,XGB+GCN,lr_none,,0.6044983385408919,0.1138194333531414,0.0,0.5
NR-PPAR-gamma,42,atompair,XGB+GCN,lr_l2,0.1,0.6033452363239598,0.1119450449576874,0.0,0.5
NR-PPAR-gamma,42,atompair,XGB+GCN,lr_l2,1.0,0.6033576352725288,0.1119472136201431,0.0,0.5
NR-PPAR-gamma,42,atompair,XGB+GCN,lr_l2,10.0,0.6035932152953429,0.1120389166560258,0.0,0.5
NR-PPAR-gamma,42,atompair,RF+XGB+GCN,averaging,,0.659996032336458,0.11023485403267,0.0,0.5
NR-PPAR-gamma,42,atompair,RF+XGB+GCN,voting,,0.505529931061846,0.0529910910345692,0.0,0.5
NR-PPAR-gamma,42,atompair,RF+XGB+GCN,lr_none,,0.6592768933194465,0.1433872123021867,0.0,0.5
NR-PPAR-gamma,42,atompair,RF+XGB+GCN,lr_l2,0.1,0.6313544611416952,0.1231900694649871,0.0,0.5
NR-PPAR-gamma,42,atompair,RF+XGB+GCN,lr_l2,1.0,0.6319496106730148,0.1234443128518548,0.0,0.5
NR-PPAR-gamma,42,atompair,RF+XGB+GCN,lr_l2,10.0,0.6458240341219065,0.1452702378786043,0.0,0.5
NR-PPAR-gamma,1,morgan,RF_only,single,,0.6843351683777216,0.1629539757608416,0.0,0.5
NR-PPAR-gamma,1,morgan,XGB_only,single,,0.5984600505877101,0.128101239263762,0.1101303688632892,0.5411645092496156
NR-PPAR-gamma,1,Graph,GCN_only,single,,0.6926176660219213,0.0989204791423336,0.0261296676626257,0.5096339830382384
NR-PPAR-gamma,1,morgan,RF+GCN,averaging,,0.7316929524376332,0.1389783453711644,0.0,0.5
NR-PPAR-gamma,1,morgan,RF+GCN,voting,,0.5,0.0512422360248447,0.0,0.5
NR-PPAR-gamma,1,morgan,RF+GCN,lr_none,,0.7202735208054356,0.1784665479600308,0.0,0.5
NR-PPAR-gamma,1,morgan,RF+GCN,lr_l2,0.1,0.7289527848038486,0.1335900251961758,0.0,0.5
NR-PPAR-gamma,1,morgan,RF+GCN,lr_l2,1.0,0.7293495511580618,0.134175067704332,0.0,0.5
NR-PPAR-gamma,1,morgan,RF+GCN,lr_l2,10.0,0.7323500967117988,0.1479877483836169,0.0,0.5
NR-PPAR-gamma,1,morgan,RF+XGB,averaging,,0.6296682041362893,0.1509310882122112,0.1265036783465215,0.5210906115161434
NR-PPAR-gamma,1,morgan,RF+XGB,voting,,0.5411645092496156,0.0664303490390446,0.1101303688632892,0.5411645092496156
NR-PPAR-gamma,1,morgan,RF+XGB,lr_none,,0.6550984476516392,0.162321275693069,0.0,0.5
NR-PPAR-gamma,1,morgan,RF+XGB,lr_l2,0.1,0.6068293408718941,0.1341232805574028,0.0,0.5
NR-PPAR-gamma,1,morgan,RF+XGB,lr_l2,1.0,0.6073005009175222,0.1343035845525932,0.0,0.5
NR-PPAR-gamma,1,morgan,RF+XGB,lr_l2,10.0,0.6226875960918514,0.14828713594592,0.0,0.5
NR-PPAR-gamma,1,morgan,XGB+GCN,averaging,,0.6689604721519616,0.1387483325536055,0.1135972326154148,0.5143331845459506
NR-PPAR-gamma,1,morgan,XGB+GCN,voting,,0.5411645092496156,0.0664303490390446,0.1101303688632892,0.5411645092496156
NR-PPAR-gamma,1,morgan,XGB+GCN,lr_none,,0.6758170907107077,0.1347938571704113,0.0,0.5
NR-PPAR-gamma,1,morgan,XGB+GCN,lr_l2,0.1,0.6415959926598225,0.1357286595394138,0.0,0.5
NR-PPAR-gamma,1,morgan,XGB+GCN,lr_l2,1.0,0.6450924961563259,0.1364232306282159,0.0,0.5
NR-PPAR-gamma,1,morgan,XGB+GCN,lr_l2,10.0,0.6696548132718344,0.1399956174072154,0.0,0.5
NR-PPAR-gamma,1,morgan,RF+XGB+GCN,averaging,,0.682301740812379,0.1613377724844745,0.0,0.5
NR-PPAR-gamma,1,morgan,RF+XGB+GCN,voting,,0.5411645092496156,0.0664303490390446,0.0,0.5
NR-PPAR-gamma,1,morgan,RF+XGB+GCN,lr_none,,0.6940063482616674,0.1588666773622795,0.0,0.5
NR-PPAR-gamma,1,morgan,RF+XGB+GCN,lr_l2,0.1,0.6467043594703169,0.1482267302432096,0.0,0.5
NR-PPAR-gamma,1,morgan,RF+XGB+GCN,lr_l2,1.0,0.6507588156524327,0.1497619026416303,0.0,0.5
NR-PPAR-gamma,1,morgan,RF+XGB+GCN,lr_l2,10.0,0.6780117046074493,0.1521213310738566,0.0,0.5
NR-PPAR-gamma,1,maccs,RF_only,single,,0.6583655705996131,0.1476669267873431,-0.0064780917005116,0.4995908346972176
NR-PPAR-gamma,1,maccs,XGB_only,single,,0.6279695481823142,0.1167176321433733,0.1438762591872124,0.5559068590983485
NR-PPAR-gamma,1,Graph,GCN_only,single,,0.6926176660219213,0.0989204791423336,0.0261296676626257,0.5096339830382384
NR-PPAR-gamma,1,maccs,RF+GCN,averaging,,0.7159834846005059,0.1234658487334644,0.0,0.5
NR-PPAR-gamma,1,maccs,RF+GCN,voting,,0.4995908346972176,0.0512422360248447,-0.0064780917005116,0.4995908346972176
NR-PPAR-gamma,1,maccs,RF+GCN,lr_none,,0.710230372464415,0.1474745363213008,-0.0064780917005116,0.4995908346972176
NR-PPAR-gamma,1,maccs,RF+GCN,lr_l2,0.1,0.7163554530575806,0.121981507373288,0.0,0.5
NR-PPAR-gamma,1,maccs,RF+GCN,lr_l2,1.0,0.7167646183603631,0.1225855060760816,0.0,0.5
NR-PPAR-gamma,1,maccs,RF+GCN,lr_l2,10.0,0.714607201309329,0.1251599895578224,0.0,0.5
NR-PPAR-gamma,1,maccs,RF+XGB,averaging,,0.6616698903932947,0.129207049688538,0.0435565768083737,0.5102415315181272
NR-PPAR-gamma,1,maccs,RF+XGB,voting,,0.5558510638297872,0.0757231898536246,0.1438762591872124,0.5559068590983485
NR-PPAR-gamma,1,maccs,RF+XGB,lr_none,,0.641558795814115,0.1213796209445619,0.0,0.5
NR-PPAR-gamma,1,maccs,RF+XGB,lr_l2,0.1,0.6441501760650696,0.1213334605082111,0.0,0.5
NR-PPAR-gamma,1,maccs,RF+XGB,lr_l2,1.0,0.6432202549223827,0.1214203571626906,0.0,0.5
NR-PPAR-gamma,1,maccs,RF+XGB,lr_l2,10.0,0.6416827852998067,0.1214068572895398,0.0,0.5
NR-PPAR-gamma,1,maccs,XGB+GCN,averaging,,0.7037271239398899,0.1334003827947383,0.0712643622993181,0.5126965233348212
NR-PPAR-gamma,1,maccs,XGB+GCN,voting,,0.5559068590983484,0.0757231898536246,0.1438762591872124,0.5559068590983485
NR-PPAR-gamma,1,maccs,XGB+GCN,lr_none,,0.7052273967167584,0.133578861997823,0.0,0.5
NR-PPAR-gamma,1,maccs,XGB+GCN,lr_l2,0.1,0.6857238506174677,0.1274179216247557,0.0,0.5
NR-PPAR-gamma,1,maccs,XGB+GCN,lr_l2,1.0,0.6874969002628577,0.1278644973659612,0.0,0.5
NR-PPAR-gamma,1,maccs,XGB+GCN,lr_l2,10.0,0.7020284679859149,0.1331119357099751,0.0,0.5
NR-PPAR-gamma,1,maccs,RF+XGB+GCN,averaging,,0.7086619054704161,0.1432291481539256,-0.0064780917005116,0.4995908346972176
NR-PPAR-gamma,1,maccs,RF+XGB+GCN,voting,,0.5558510638297872,0.0757231898536246,-0.0064780917005116,0.4995908346972176
NR-PPAR-gamma,1,maccs,RF+XGB+GCN,lr_none,,0.7048554282596835,0.1327786463282579,0.0,0.5
NR-PPAR-gamma,1,maccs,RF+XGB+GCN,lr_l2,0.1,0.6889227793483113,0.1305578609458312,0.0,0.5
NR-PPAR-gamma,1,maccs,RF+XGB+GCN,lr_l2,1.0,0.6896667162624609,0.1308093998028943,0.0,0.5
NR-PPAR-gamma,1,maccs,RF+XGB+GCN,lr_l2,10.0,0.7024004364429897,0.133504281523496,0.0,0.5
NR-PPAR-gamma,1,atompair,RF_only,single,,0.5993961712046819,0.1554923818962449,0.0,0.5
NR-PPAR-gamma,1,atompair,XGB_only,single,,0.6229417745375192,0.1132254498789671,0.0358127479255623,0.505529931061846
NR-PPAR-gamma,1,Graph,GCN_only,single,,0.6926176660219213,0.0989204791423336,0.0261296676626257,0.5096339830382384
NR-PPAR-gamma,1,atompair,RF+GCN,averaging,,0.6956368099985121,0.1155758102667291,0.0,0.5
NR-PPAR-gamma,1,atompair,RF+GCN,voting,,0.5,0.0512422360248447,0.0,0.5
NR-PPAR-gamma,1,atompair,RF+GCN,lr_none,,0.6584895600853047,0.1777808105156605,0.0,0.5
NR-PPAR-gamma,1,atompair,RF+GCN,lr_l2,0.1,0.6975710459753013,0.1131304059660785,0.0,0.5
NR-PPAR-gamma,1,atompair,RF+GCN,lr_l2,1.0,0.6976702375638546,0.1134550923925089,0.0,0.5
NR-PPAR-gamma,1,atompair,RF+GCN,lr_l2,10.0,0.6896481178396072,0.1151791055467205,0.0,0.5
NR-PPAR-gamma,1,atompair,RF+XGB,averaging,,0.6106854138769033,0.1249494196684996,0.0,0.5
NR-PPAR-gamma,1,atompair,RF+XGB,voting,,0.505529931061846,0.0529910910345692,0.0358127479255623,0.505529931061846
NR-PPAR-gamma,1,atompair,RF+XGB,lr_none,,0.5932524921886624,0.1546352557034025,0.0,0.5
NR-PPAR-gamma,1,atompair,RF+XGB,lr_l2,0.1,0.611119377076824,0.1185315337473805,0.0,0.5
NR-PPAR-gamma,1,atompair,RF+XGB,lr_l2,1.0,0.6107846054654565,0.1191997517506472,0.0,0.5
NR-PPAR-gamma,1,atompair,RF+XGB,lr_l2,10.0,0.609668700094232,0.13008199746368,0.0,0.5
NR-PPAR-gamma,1,atompair,XGB+GCN,averaging,,0.679673163715717,0.112568665759008,-0.0064780917005116,0.4995908346972176
NR-PPAR-gamma,1,atompair,XGB+GCN,voting,,0.505529931061846,0.0529910910345692,0.0358127479255623,0.505529931061846
NR-PPAR-gamma,1,atompair,XGB+GCN,lr_none,,0.6815206070525219,0.1114331197114346,0.0,0.5
NR-PPAR-gamma,1,atompair,XGB+GCN,lr_l2,0.1,0.6776397361503745,0.1150561549795621,0.0,0.5
NR-PPAR-gamma,1,atompair,XGB+GCN,lr_l2,1.0,0.6776273372018052,0.11535523813719,0.0,0.5
NR-PPAR-gamma,1,atompair,XGB+GCN,lr_l2,10.0,0.6788176362644448,0.1132718524505459,0.0,0.5
NR-PPAR-gamma,1,atompair,RF+XGB+GCN,averaging,,0.6799955363785151,0.1265132345315417,0.0,0.5
NR-PPAR-gamma,1,atompair,RF+XGB+GCN,voting,,0.505529931061846,0.0529910910345692,0.0,0.5
NR-PPAR-gamma,1,atompair,RF+XGB+GCN,lr_none,,0.651477954669444,0.1774290428143417,0.0,0.5
NR-PPAR-gamma,1,atompair,RF+XGB+GCN,lr_l2,0.1,0.678681247830184,0.1260075829608442,0.0,0.5
NR-PPAR-gamma,1,atompair,RF+XGB+GCN,lr_l2,1.0,0.6786564499330456,0.1261401059863029,0.0,0.5
NR-PPAR-gamma,1,atompair,RF+XGB+GCN,lr_l2,10.0,0.6808014680355104,0.1255913999240656,0.0,0.5
NR-PPAR-gamma,7,morgan,RF_only,single,,0.6963993453355156,0.1617433425194689,0.0,0.5
NR-PPAR-gamma,7,morgan,XGB_only,single,,0.5984600505877101,0.128101239263762,0.1101303688632892,0.5411645092496156
NR-PPAR-gamma,7,Graph,GCN_only,single,,0.6863933938402024,0.0900680484096187,0.0261296676626257,0.5096339830382384
NR-PPAR-gamma,7,morgan,RF+GCN,averaging,,0.6983087834151664,0.1211688292698608,0.0,0.5
NR-PPAR-gamma,7,morgan,RF+GCN,voting,,0.5,0.0512422360248447,0.0,0.5
NR-PPAR-gamma,7,morgan,RF+GCN,lr_none,,0.6690472647919457,0.1588921557413879,-0.0064780917005116,0.4995908346972176
NR-PPAR-gamma,7,morgan,RF+GCN,lr_l2,0.1,0.6690720626890838,0.1589045290715939,0.0,0.5
NR-PPAR-gamma,7,morgan,RF+GCN,lr_l2,1.0,0.6690844616376531,0.1589282673804768,0.0,0.5
NR-PPAR-gamma,7,morgan,RF+GCN,lr_l2,10.0,0.6690720626890839,0.1589080238350534,0.0,0.5
NR-PPAR-gamma,7,morgan,RF+XGB,averaging,,0.6392525913802509,0.1431386619252977,0.1265036783465215,0.5210906115161434
NR-PPAR-gamma,7,morgan,RF+XGB,voting,,0.5411645092496156,0.0664303490390446,0.1101303688632892,0.5411645092496156
NR-PPAR-gamma,7,morgan,RF+XGB,lr_none,,0.6723081882656352,0.1649056684211657,0.0,0.5
NR-PPAR-gamma,7,morgan,RF+XGB,lr_l2,0.1,0.6104126370083817,0.1341861138372058,0.0,0.5
NR-PPAR-gamma,7,morgan,RF+XGB,lr_l2,1.0,0.6111441749739621,0.1345225217667868,0.0,0.5
NR-PPAR-gamma,7,morgan,RF+XGB,lr_l2,10.0,0.6312552695531418,0.1395575576455067,0.0,0.5
NR-PPAR-gamma,7,morgan,XGB+GCN,averaging,,0.6124584635222933,0.1250769643615807,0.0,0.5
NR-PPAR-gamma,7,morgan,XGB+GCN,voting,,0.5411645092496156,0.0664303490390446,0.1101303688632892,0.5411645092496156
NR-PPAR-gamma,7,morgan,XGB+GCN,lr_none,,0.5908098993205375,0.1278036556631544,0.0,0.5
NR-PPAR-gamma,7,morgan,XGB+GCN,lr_l2,0.1,0.5932400932400932,0.1277100862038401,0.0,0.5
NR-PPAR-gamma,7,morgan,XGB+GCN,lr_l2,1.0,0.5917026236175172,0.1276250713649097,0.0,0.5
NR-PPAR-gamma,7,morgan,XGB+GCN,lr_l2,10.0,0.590611516143431,0.1277402037731345,0.0,0.5
NR-PPAR-gamma,7,morgan,RF+XGB+GCN,averaging,,0.6472251153102218,0.1388813745433543,0.0,0.5
NR-PPAR-gamma,7,morgan,RF+XGB+GCN,voting,,0.5411645092496156,0.0664303490390446,0.0,0.5
NR-PPAR-gamma,7,morgan,RF+XGB+GCN,lr_none,,0.6578758121311312,0.1640688832227217,0.0,0.5
NR-PPAR-gamma,7,morgan,RF+XGB+GCN,lr_l2,0.1,0.6044487427466151,0.133666466394813,0.0,0.5
NR-PPAR-gamma,7,morgan,RF+XGB+GCN,lr_l2,1.0,0.6043247532609235,0.1339109633124031,0.0,0.5
NR-PPAR-gamma,7,morgan,RF+XGB+GCN,lr_l2,10.0,0.6183107672469375,0.1383591108552977,0.0,0.5
NR-PPAR-gamma,7,maccs,RF_only,single,,0.6571752715369737,0.1301272165232314,-0.0064780917005116,0.4995908346972176
NR-PPAR-gamma,7,maccs,XGB_only,single,,0.6279695481823142,0.1167176321433733,0.1438762591872124,0.5559068590983485
NR-PPAR-gamma,7,Graph,GCN_only,single,,0.6863933938402024,0.0900680484096187,0.0261296676626257,0.5096339830382384
NR-PPAR-gamma,7,maccs,RF+GCN,averaging,,0.6651911917869364,0.1061940907701123,0.0,0.5
NR-PPAR-gamma,7,maccs,RF+GCN,voting,,0.4995908346972176,0.0512422360248447,-0.0064780917005116,0.4995908346972176
NR-PPAR-gamma,7,maccs,RF+GCN,lr_none,,0.6333382929127609,0.128812404781345,-0.0064780917005116,0.4995908346972176
NR-PPAR-gamma,7,maccs,RF+GCN,lr_l2,0.1,0.6331647076327926,0.1287188808402718,0.0,0.5
NR-PPAR-gamma,7,maccs,RF+GCN,lr_l2,1.0,0.6333878887070377,0.1288288305163703,0.0,0.5
NR-PPAR-gamma,7,maccs,RF+GCN,lr_l2,10.0,0.6333878887070377,0.1288288305163703,0.0,0.5
NR-PPAR-gamma,7,maccs,RF+XGB,averaging,,0.6534865843376481,0.126657890261441,0.0732351139641513,0.5178172890938848
NR-PPAR-gamma,7,maccs,RF+XGB,voting,,0.5558510638297872,0.0757231898536246,0.1438762591872124,0.5559068590983485
NR-PPAR-gamma,7,maccs,RF+XGB,lr_none,,0.6394509745573576,0.1214781285849741,0.0,0.5
NR-PPAR-gamma,7,maccs,RF+XGB,lr_l2,0.1,0.6418315726826366,0.1217448605649179,0.0,0.5
NR-PPAR-gamma,7,maccs,RF+XGB,lr_l2,1.0,0.641248822099886,0.1214615343380836,0.0,0.5
NR-PPAR-gamma,7,maccs,RF+XGB,lr_l2,10.0,0.639636958785895,0.121499047848916,0.0,0.5
NR-PPAR-gamma,7,maccs,XGB+GCN,averaging,,0.6443733571393147,0.1168824285025702,0.0,0.5
NR-PPAR-gamma,7,maccs,XGB+GCN,voting,,0.5559068590983484,0.0757231898536246,0.1438762591872124,0.5559068590983485
NR-PPAR-gamma,7,maccs,XGB+GCN,lr_none,,0.6192530873381936,0.116250383955977,0.0,0.5
NR-PPAR-gamma,7,maccs,XGB+GCN,lr_l2,0.1,0.6204061895551257,0.1164114685782171,0.0,0.5
NR-PPAR-gamma,7,maccs,XGB+GCN,lr_l2,1.0,0.6207409611664931,0.1164781617984349,0.0,0.5
NR-PPAR-gamma,7,maccs,XGB+GCN,lr_l2,10.0,0.621274115954967,0.1165248842447845,0.0,0.5
NR-PPAR-gamma,7,maccs,RF+XGB+GCN,averaging,,0.6626370083816893,0.1290647458304285,-0.0064780917005116,0.4995908346972176
NR-PPAR-gamma,7,maccs,RF+XGB+GCN,voting,,0.5558510638297872,0.0757231898536246,-0.0064780917005116,0.4995908346972176
NR-PPAR-gamma,7,maccs,RF+XGB+GCN,lr_none,,0.5785597381342064,0.1085320300172316,0.0,0.5
NR-PPAR-gamma,7,maccs,RF+XGB+GCN,lr_l2,0.1,0.6302881515647474,0.1210693896389732,0.0,0.5
NR-PPAR-gamma,7,maccs,RF+XGB+GCN,lr_l2,1.0,0.6300277736447949,0.1208412282454505,0.0,0.5
NR-PPAR-gamma,7,maccs,RF+XGB+GCN,lr_l2,10.0,0.6184967514754748,0.1164177974601763,0.0,0.5
NR-PPAR-gamma,7,atompair,RF_only,single,,0.6815764023210831,0.1529267841703822,0.0,0.5
NR-PPAR-gamma,7,atompair,XGB_only,single,,0.6229417745375192,0.1132254498789671,0.0358127479255623,0.505529931061846
NR-PPAR-gamma,7,Graph,GCN_only,single,,0.6863933938402024,0.0900680484096187,0.0261296676626257,0.5096339830382384
NR-PPAR-gamma,7,atompair,RF+GCN,averaging,,0.6909624063879384,0.105879022422783,0.0,0.5
NR-PPAR-gamma,7,atompair,RF+GCN,voting,,0.5,0.0512422360248447,0.0,0.5
NR-PPAR-gamma,7,atompair,RF+GCN,lr_none,,0.6556378019143975,0.1528027740823801,0.1199428493640193,0.5075757575757576
NR-PPAR-gamma,7,atompair,RF+GCN,lr_l2,0.1,0.6556378019143975,0.1528027740823801,0.0,0.5
NR-PPAR-gamma,7,atompair,RF+GCN,lr_l2,1.0,0.6556378019143978,0.1528048145167669,0.0,0.5
NR-PPAR-gamma,7,atompair,RF+GCN,lr_l2,10.0,0.6556749987601053,0.1528221904274204,0.0,0.5
NR-PPAR-gamma,7,atompair,RF+XGB,averaging,,0.6547636760402717,0.1318052380831688,0.0,0.5
NR-PPAR-gamma,7,atompair,RF+XGB,voting,,0.505529931061846,0.0529910910345692,0.0358127479255623,0.505529931061846
NR-PPAR-gamma,7,atompair,RF+XGB,lr_none,,0.6739076526310569,0.145896266411686,0.1199428493640193,0.5075757575757576
NR-PPAR-gamma,7,atompair,RF+XGB,lr_l2,0.1,0.647634280613004,0.1237337042276611,0.0,0.5
NR-PPAR-gamma,7,atompair,RF+XGB,lr_l2,1.0,0.6485270049099836,0.1252765351672773,0.0,0.5
NR-PPAR-gamma,7,atompair,RF+XGB,lr_l2,10.0,0.6665674750781134,0.1445146428622819,0.0,0.5
NR-PPAR-gamma,7,atompair,XGB+GCN,averaging,,0.6249318057828697,0.0924240439352492,-0.0064780917005116,0.4995908346972176
NR-PPAR-gamma,7,atompair,XGB+GCN,voting,,0.505529931061846,0.0529910910345692,0.0358127479255623,0.505529931061846
NR-PPAR-gamma,7,atompair,XGB+GCN,lr_none,,0.6045355353865992,0.1137657884856745,0.0,0.5
NR-PPAR-gamma,7,atompair,XGB+GCN,lr_l2,0.1,0.6032708426325447,0.1118674060820706,0.0,0.5
NR-PPAR-gamma,7,atompair,XGB+GCN,lr_l2,1.0,0.6032832415811139,0.1118682240674595,0.0,0.5
NR-PPAR-gamma,7,atompair,XGB+GCN,lr_l2,10.0,0.6034692258096516,0.1119566963985542,0.0,0.5
NR-PPAR-gamma,7,atompair,RF+XGB+GCN,averaging,,0.6569706888855825,0.1078721438021301,0.0,0.5
NR-PPAR-gamma,7,atompair,RF+XGB+GCN,voting,,0.505529931061846,0.0529910910345692,0.0,0.5
NR-PPAR-gamma,7,atompair,RF+XGB+GCN,lr_none,,0.6562887467142786,0.1448954755886609,0.1199428493640193,0.5075757575757576
NR-PPAR-gamma,7,atompair,RF+XGB+GCN,lr_l2,0.1,0.6280563408222983,0.1224655556573089,0.0,0.5
NR-PPAR-gamma,7,atompair,RF+XGB+GCN,lr_l2,1.0,0.6289738630164161,0.1233227162050505,0.0,0.5
NR-PPAR-gamma,7,atompair,RF+XGB+GCN,lr_l2,10.0,0.6479938501215097,0.14559499355595,0.0,0.5
NR-PPAR-gamma,123,morgan,RF_only,single,,0.6943969151415958,0.153222469793521,0.0,0.5
NR-PPAR-gamma,123,morgan,XGB_only,single,,0.5984600505877101,0.128101239263762,0.1101303688632892,0.5411645092496156
NR-PPAR-gamma,123,Graph,GCN_only,single,,0.6692952437633289,0.0865036711776705,0.0261296676626257,0.5096339830382384
NR-PPAR-gamma,123,morgan,RF+GCN,averaging,,0.7014891137231563,0.1133417950937076,0.0,0.5
NR-PPAR-gamma,123,morgan,RF+GCN,voting,,0.5,0.0512422360248447,0.0,0.5
NR-PPAR-gamma,123,morgan,RF+GCN,lr_none,,0.6696486137975499,0.1526046156733968,-0.0064780917005116,0.4995908346972176
NR-PPAR-gamma,123,morgan,RF+GCN,lr_l2,0.1,0.6696362148489808,0.1526056833905912,0.0,0.5
NR-PPAR-gamma,123,morgan,RF+GCN,lr_l2,1.0,0.6696362148489808,0.1526056833905912,0.0,0.5
NR-PPAR-gamma,123,morgan,RF+GCN,lr_l2,10.0,0.6696362148489808,0.1526056833905912,0.0,0.5
NR-PPAR-gamma,123,morgan,RF+XGB,averaging,,0.6340078361354957,0.1404331188895268,0.1265036783465215,0.5210906115161434
NR-PPAR-gamma,123,morgan,RF+XGB,voting,,0.5411645092496156,0.0664303490390446,0.1101303688632892,0.5411645092496156
NR-PPAR-gamma,123,morgan,RF+XGB,lr_none,,0.663839706392898,0.1609672416407494,0.0,0.5
NR-PPAR-gamma,123,morgan,RF+XGB,lr_l2,0.1,0.6080444378316718,0.133880991218344,0.0,0.5
NR-PPAR-gamma,123,morgan,RF+XGB,lr_l2,1.0,0.608503198928731,0.1340776947591303,0.0,0.5
NR-PPAR-gamma,123,morgan,RF+XGB,lr_l2,10.0,0.6276967713137925,0.1374312557627696,0.0,0.5
NR-PPAR-gamma,123,morgan,XGB+GCN,averaging,,0.6123220750880326,0.1250614716031375,0.0,0.5
NR-PPAR-gamma,123,morgan,XGB+GCN,voting,,0.5411645092496156,0.0664303490390446,0.1101303688632892,0.5411645092496156
NR-PPAR-gamma,123,morgan,XGB+GCN,lr_none,,0.5908966919605217,0.1279667234275623,0.0,0.5
NR-PPAR-gamma,123,morgan,XGB+GCN,lr_l2,0.1,0.5932772900858008,0.1277127760194732,0.0,0.5
NR-PPAR-gamma,123,morgan,XGB+GCN,lr_l2,1.0,0.5917894162575014,0.1276326704729998,0.0,0.5
NR-PPAR-gamma,123,morgan,XGB+GCN,lr_l2,10.0,0.5905867182462927,0.1277395406291658,0.0,0.5
NR-PPAR-gamma,123,morgan,RF+XGB+GCN,averaging,,0.6438278034022715,0.1364721339150444,0.0,0.5
NR-PPAR-gamma,123,morgan,RF+XGB+GCN,voting,,0.5411645092496156,0.0664303490390446,0.0,0.5
NR-PPAR-gamma,123,morgan,RF+XGB+GCN,lr_none,,0.6538709517432921,0.1629397011894847,0.0,0.5
NR-PPAR-gamma,123,morgan,RF+XGB+GCN,lr_l2,0.1,0.6022293309527352,0.1333810917207001,0.0,0.5
NR-PPAR-gamma,123,morgan,RF+XGB+GCN,lr_l2,1.0,0.6013242077071865,0.1335000168666067,0.0,0.5
NR-PPAR-gamma,123,morgan,RF+XGB+GCN,lr_l2,10.0,0.6154094132817538,0.136761008818604,0.0,0.5
NR-PPAR-gamma,123,maccs,RF_only,single,,0.6346339830382384,0.1170302621076288,-0.0064780917005116,0.4995908346972176
NR-PPAR-gamma,123,maccs,XGB_only,single,,0.6279695481823142,0.1167176321433733,0.1438762591872124,0.5559068590983485
NR-PPAR-gamma,123,Graph,GCN_only,single,,0.6692952437633289,0.0865036711776705,0.0261296676626257,0.5096339830382384
NR-PPAR-gamma,123,maccs,RF+GCN,averaging,,0.6442989634478996,0.0969805336796172,0.0,0.5
NR-PPAR-gamma,123,maccs,RF+GCN,voting,,0.4995908346972176,0.0512422360248447,-0.0064780917005116,0.4995908346972176
NR-PPAR-gamma,123,maccs,RF+GCN,lr_none,,0.6085403957744382,0.1161050749165106,-0.0064780917005116,0.4995908346972176
NR-PPAR-gamma,123,maccs,RF+GCN,lr_l2,0.1,0.6085403957744384,0.1161050749165106,0.0,0.5
NR-PPAR-gamma,123,maccs,RF+GCN,lr_l2,1.0,0.6085279968258692,0.1161091053989643,0.0,0.5
NR-PPAR-gamma,123,maccs,RF+GCN,lr_l2,10.0,0.6085279968258691,0.1161091053989643,0.0,0.5
NR-PPAR-gamma,123,maccs,RF+XGB,averaging,,0.6521350989436095,0.1184894685865319,0.0435565768083737,0.5102415315181272
NR-PPAR-gamma,123,maccs,RF+XGB,voting,,0.5558510638297872,0.0757231898536246,0.1438762591872124,0.5559068590983485
NR-PPAR-gamma,123,maccs,RF+XGB,lr_none,,0.6424143232653872,0.1162157233666152,0.0,0.5
NR-PPAR-gamma,123,maccs,RF+XGB,lr_l2,0.1,0.6439021970936865,0.1165904944616686,0.0,0.5
NR-PPAR-gamma,123,maccs,RF+XGB,lr_l2,1.0,0.6434310370480583,0.1164554095306556,0.0,0.5
NR-PPAR-gamma,123,maccs,RF+XGB,lr_l2,10.0,0.6425879085453552,0.1162701715930902,0.0,0.5
NR-PPAR-gamma,123,maccs,XGB+GCN,averaging,,0.6438773991965481,0.1168460750627417,0.0,0.5
NR-PPAR-gamma,123,maccs,XGB+GCN,voting,,0.5559068590983484,0.0757231898536246,0.1438762591872124,0.5559068590983485
NR-PPAR-gamma,123,maccs,XGB+GCN,lr_none,,0.6207905569607698,0.1163467230970166,0.0,0.5
NR-PPAR-gamma,123,maccs,XGB+GCN,lr_l2,0.1,0.6204433864008332,0.1163903572452238,0.0,0.5
NR-PPAR-gamma,123,maccs,XGB+GCN,lr_l2,1.0,0.6207409611664931,0.11645699833698,0.0,0.5
NR-PPAR-gamma,123,maccs,XGB+GCN,lr_l2,10.0,0.6215964886177652,0.1164838443718697,0.0,0.5
NR-PPAR-gamma,123,maccs,RF+XGB+GCN,averaging,,0.6607523681991767,0.1209754052366889,-0.0064780917005116,0.4995908346972176
NR-PPAR-gamma,123,maccs,RF+XGB+GCN,voting,,0.5558510638297872,0.0757231898536246,-0.0064780917005116,0.4995908346972176
NR-PPAR-gamma,123,maccs,RF+XGB+GCN,lr_none,,0.6268412438625205,0.1193121690412496,0.0,0.5
NR-PPAR-gamma,123,maccs,RF+XGB+GCN,lr_l2,0.1,0.6320612012101374,0.1158746453989574,0.0,0.5
NR-PPAR-gamma,123,maccs,RF+XGB+GCN,lr_l2,1.0,0.6318504190844617,0.1157853016067045,0.0,0.5
NR-PPAR-gamma,123,maccs,RF+XGB+GCN,lr_l2,10.0,0.632495164410058,0.1157598406426094,0.0,0.5
NR-PPAR-gamma,123,atompair,RF_only,single,,0.686635173337301,0.1863812128248518,0.0,0.5
NR-PPAR-gamma,123,atompair,XGB_only,single,,0.6229417745375192,0.1132254498789671,0.0358127479255623,0.505529931061846
NR-PPAR-gamma,123,Graph,GCN_only,single,,0.6692952437633289,0.0865036711776705,0.0261296676626257,0.5096339830382384
NR-PPAR-gamma,123,atompair,RF+GCN,averaging,,0.6924130833705302,0.1201071736818826,0.0,0.5
NR-PPAR-gamma,123,atompair,RF+GCN,voting,,0.5,0.0512422360248447,0.0,0.5
NR-PPAR-gamma,123,atompair,RF+GCN,lr_none,,0.6593946833308536,0.1867533194348631,0.0,0.5
NR-PPAR-gamma,123,atompair,RF+GCN,lr_l2,0.1,0.6593822843822845,0.1867520007651372,0.0,0.5
NR-PPAR-gamma,123,atompair,RF+GCN,lr_l2,1.0,0.6593946833308535,0.1867533194348631,0.0,0.5
NR-PPAR-gamma,123,atompair,RF+GCN,lr_l2,10.0,0.6594566780736995,0.1868533647080498,0.0,0.5
NR-PPAR-gamma,123,atompair,RF+XGB,averaging,,0.6568404999256063,0.1333135576681982,0.0,0.5
NR-PPAR-gamma,123,atompair,RF+XGB,voting,,0.505529931061846,0.0529910910345692,0.0358127479255623,0.505529931061846
NR-PPAR-gamma,123,atompair,RF+XGB,lr_none,,0.6868955512572534,0.2034145704135306,0.0,0.5
NR-PPAR-gamma,123,atompair,RF+XGB,lr_l2,0.1,0.6440571839508009,0.121047905129513,0.0,0.5
NR-PPAR-gamma,123,atompair,RF+XGB,lr_l2,1.0,0.6448011208649506,0.1221610375722439,0.0,0.5
NR-PPAR-gamma,123,atompair,RF+XGB,lr_l2,10.0,0.6477644695729803,0.1241845085806357,0.0,0.5
NR-PPAR-gamma,123,atompair,XGB+GCN,averaging,,0.6239274909487674,0.0922720886464556,-0.0064780917005116,0.4995908346972176
NR-PPAR-gamma,123,atompair,XGB+GCN,voting,,0.505529931061846,0.0529910910345692,0.0358127479255623,0.505529931061846
NR-PPAR-gamma,123,atompair,XGB+GCN,lr_none,,0.6058126270892229,0.1136899651778182,0.0,0.5
NR-PPAR-gamma,123,atompair,XGB+GCN,lr_l2,0.1,0.6035064226553588,0.1119131563963996,0.0,0.5
NR-PPAR-gamma,123,atompair,XGB+GCN,lr_l2,1.0,0.6035188216039281,0.111919430315717,0.0,0.5
NR-PPAR-gamma,123,atompair,XGB+GCN,lr_l2,10.0,0.6038039974210186,0.1120134514407842,0.0,0.5
NR-PPAR-gamma,123,atompair,RF+XGB+GCN,averaging,,0.6582353816396369,0.1098362131307303,0.0,0.5
NR-PPAR-gamma,123,atompair,RF+XGB+GCN,voting,,0.505529931061846,0.0529910910345692,0.0,0.5
NR-PPAR-gamma,123,atompair,RF+XGB+GCN,lr_none,,0.6657119476268413,0.2036952758736898,0.0,0.5
NR-PPAR-gamma,123,atompair,RF+XGB+GCN,lr_l2,0.1,0.6242126667658583,0.1197295853680343,0.0,0.5
NR-PPAR-gamma,123,atompair,RF+XGB+GCN,lr_l2,1.0,0.6247954173486089,0.1211084515313116,0.0,0.5
NR-PPAR-gamma,123,atompair,RF+XGB+GCN,lr_l2,10.0,0.6368843922035412,0.132361012083162,0.0,0.5
NR-PPAR-gamma,999,morgan,RF_only,single,,0.660690373456331,0.1389197050203174,0.0,0.5
NR-PPAR-gamma,999,morgan,XGB_only,single,,0.5984600505877101,0.128101239263762,0.1101303688632892,0.5411645092496156
NR-PPAR-gamma,999,Graph,GCN_only,single,,0.6655259633983038,0.0884376865149884,0.0261296676626257,0.5096339830382384
NR-PPAR-gamma,999,morgan,RF+GCN,averaging,,0.6971370827753806,0.1164608507205171,0.0,0.5
NR-PPAR-gamma,999,morgan,RF+GCN,voting,,0.5,0.0512422360248447,0.0,0.5
NR-PPAR-gamma,999,morgan,RF+GCN,lr_none,,0.65043024351535,0.1381154504996373,0.0,0.5
NR-PPAR-gamma,999,morgan,RF+GCN,lr_l2,0.1,0.6670572335465953,0.1451867796223392,0.0,0.5
NR-PPAR-gamma,999,morgan,RF+GCN,lr_l2,1.0,0.6671564251351485,0.145308044595275,0.0,0.5
NR-PPAR-gamma,999,morgan,RF+GCN,lr_l2,10.0,0.6663008976838765,0.1452080559086543,0.0,0.5
NR-PPAR-gamma,999,morgan,RF+XGB,averaging,,0.6216212865149036,0.1393778728086719,0.0875244287866883,0.5135148539403859
NR-PPAR-gamma,999,morgan,RF+XGB,voting,,0.5411645092496156,0.0664303490390446,0.1101303688632892,0.5411645092496156
NR-PPAR-gamma,999,morgan,RF+XGB,lr_none,,0.6408396567971036,0.1501682879370786,0.0,0.5
NR-PPAR-gamma,999,morgan,RF+XGB,lr_l2,0.1,0.604213162723801,0.1330046822528261,0.0,0.5
NR-PPAR-gamma,999,morgan,RF+XGB,lr_l2,1.0,0.6047091206665676,0.133280386892231,0.0,0.5
NR-PPAR-gamma,999,morgan,RF+XGB,lr_l2,10.0,0.6168228934186382,0.1376763515058806,0.0,0.5
NR-PPAR-gamma,999,morgan,XGB+GCN,averaging,,0.6335118781927292,0.1301586089729648,0.0,0.5
NR-PPAR-gamma,999,morgan,XGB+GCN,voting,,0.5411645092496156,0.0664303490390446,0.1101303688632892,0.5411645092496156
NR-PPAR-gamma,999,morgan,XGB+GCN,lr_none,,0.5972325546793631,0.1280621904727902,0.0,0.5
NR-PPAR-gamma,999,morgan,XGB+GCN,lr_l2,0.1,0.5998115359817486,0.1282437754612009,0.0,0.5
NR-PPAR-gamma,999,morgan,XGB+GCN,lr_l2,1.0,0.5987700243019392,0.1281343118659663,0.0,0.5
NR-PPAR-gamma,999,morgan,XGB+GCN,lr_l2,10.0,0.5974309378564697,0.1280768993517639,0.0,0.5
NR-PPAR-gamma,999,morgan,RF+XGB+GCN,averaging,,0.64724991320736,0.140896125475349,0.0,0.5
NR-PPAR-gamma,999,morgan,RF+XGB+GCN,voting,,0.5411645092496156,0.0664303490390446,0.0,0.5
NR-PPAR-gamma,999,morgan,RF+XGB+GCN,lr_none,,0.6413480136884393,0.1504868565475865,0.0,0.5
NR-PPAR-gamma,999,morgan,RF+XGB+GCN,lr_l2,0.1,0.6049942964836582,0.1331156815883954,0.0,0.5
NR-PPAR-gamma,999,morgan,RF+XGB+GCN,lr_l2,1.0,0.6047463175122749,0.1332872326765013,0.0,0.5
NR-PPAR-gamma,999,morgan,RF+XGB+GCN,lr_l2,10.0,0.6175296334870803,0.1378064562722286,0.0,0.5
NR-PPAR-gamma,999,maccs,RF_only,single,,0.6621596488617766,0.1395901036592467,-0.0064780917005116,0.4995908346972176
NR-PPAR-gamma,999,maccs,XGB_only,single,,0.6279695481823142,0.1167176321433733,0.1438762591872124,0.5559068590983485
NR-PPAR-gamma,999,Graph,GCN_only,single,,0.6655259633983038,0.0884376865149884,0.0261296676626257,0.5096339830382384
NR-PPAR-gamma,999,maccs,RF+GCN,averaging,,0.6908012200565392,0.1157673280355311,0.0,0.5
NR-PPAR-gamma,999,maccs,RF+GCN,voting,,0.4995908346972176,0.0512422360248447,-0.0064780917005116,0.4995908346972176
NR-PPAR-gamma,999,maccs,RF+GCN,lr_none,,0.6688054852948471,0.1452500174938428,-0.0064780917005116,0.4995908346972176
NR-PPAR-gamma,999,maccs,RF+GCN,lr_l2,0.1,0.6440199871050934,0.1389052409211041,0.0,0.5
NR-PPAR-gamma,999,maccs,RF+GCN,lr_l2,1.0,0.6686938947577246,0.1451339485842431,0.0,0.5
NR-PPAR-gamma,999,maccs,RF+GCN,lr_l2,10.0,0.6689294747805385,0.1451300964589752,0.0,0.5
NR-PPAR-gamma,999,maccs,RF+XGB,averaging,,0.6583345732281903,0.1252117738086997,0.0435565768083737,0.5102415315181272
NR-PPAR-gamma,999,maccs,RF+XGB,voting,,0.5558510638297872,0.0757231898536246,0.1438762591872124,0.5559068590983485
NR-PPAR-gamma,999,maccs,RF+XGB,lr_none,,0.6423647274711105,0.1207809628062719,0.0,0.5
NR-PPAR-gamma,999,maccs,RF+XGB,lr_l2,0.1,0.6439269949908247,0.1207578482361173,0.0,0.5
NR-PPAR-gamma,999,maccs,RF+XGB,lr_l2,1.0,0.6431334622823984,0.1209303774826329,0.0,0.5
NR-PPAR-gamma,999,maccs,RF+XGB,lr_l2,10.0,0.6425259138025096,0.1208275124332386,0.0,0.5
NR-PPAR-gamma,999,maccs,XGB+GCN,averaging,,0.6711426871001338,0.1206818757336481,-0.0129713102986459,0.4983633387888707
NR-PPAR-gamma,999,maccs,XGB+GCN,voting,,0.5559068590983484,0.0757231898536246,0.1438762591872124,0.5559068590983485
NR-PPAR-gamma,999,maccs,XGB+GCN,lr_none,,0.6138967415563159,0.1158772538417992,0.0,0.5
NR-PPAR-gamma,999,maccs,XGB+GCN,lr_l2,0.1,0.635644497346625,0.1174630705764063,0.0,0.5
NR-PPAR-gamma,999,maccs,XGB+GCN,lr_l2,1.0,0.6169344839557604,0.1160998212390731,0.0,0.5
NR-PPAR-gamma,999,maccs,XGB+GCN,lr_l2,10.0,0.6141695184248377,0.1159165371473023,0.0,0.5
NR-PPAR-gamma,999,maccs,RF+XGB+GCN,averaging,,0.6824009324009325,0.1290225037165514,-0.0064780917005116,0.4995908346972176
NR-PPAR-gamma,999,maccs,RF+XGB+GCN,voting,,0.5558510638297872,0.0757231898536246,-0.0064780917005116,0.4995908346972176
NR-PPAR-gamma,999,maccs,RF+XGB+GCN,lr_none,,0.6237787035659377,0.1193484993770953,0.0,0.5
NR-PPAR-gamma,999,maccs,RF+XGB+GCN,lr_l2,0.1,0.6469027426474235,0.1211497190236622,0.0,0.5
NR-PPAR-gamma,999,maccs,RF+XGB+GCN,lr_l2,1.0,0.6376159301691217,0.1204545420037837,0.0,0.5
NR-PPAR-gamma,999,maccs,RF+XGB+GCN,lr_l2,10.0,0.6242622625601351,0.1194120054451575,0.0,0.5
NR-PPAR-gamma,999,atompair,RF_only,single,,0.6835726330407182,0.1349924440046495,0.0,0.5
NR-PPAR-gamma,999,atompair,XGB_only,single,,0.6229417745375192,0.1132254498789671,0.0358127479255623,0.505529931061846
NR-PPAR-gamma,999,Graph,GCN_only,single,,0.6655259633983038,0.0884376865149884,0.0261296676626257,0.5096339830382384
NR-PPAR-gamma,999,atompair,RF+GCN,averaging,,0.7072546248078164,0.1171995452580992,0.0,0.5
NR-PPAR-gamma,999,atompair,RF+GCN,voting,,0.5,0.0512422360248447,0.0,0.5
NR-PPAR-gamma,999,atompair,RF+GCN,lr_none,,0.6762200565392054,0.1458763735422686,0.0,0.5
NR-PPAR-gamma,999,atompair,RF+GCN,lr_l2,0.1,0.6945705004215643,0.1444878916767205,0.0,0.5
NR-PPAR-gamma,999,atompair,RF+GCN,lr_l2,1.0,0.6943597182958885,0.1443177744022303,0.0,0.5
NR-PPAR-gamma,999,atompair,RF+GCN,lr_l2,10.0,0.6902308684223577,0.143210192566384,0.0,0.5
NR-PPAR-gamma,999,atompair,RF+XGB,averaging,,0.6646580369984626,0.1304648605695433,0.0,0.5
NR-PPAR-gamma,999,atompair,RF+XGB,voting,,0.505529931061846,0.0529910910345692,0.0358127479255623,0.505529931061846
NR-PPAR-gamma,999,atompair,RF+XGB,lr_none,,0.6747259832366216,0.1503987978738817,0.0,0.5
NR-PPAR-gamma,999,atompair,RF+XGB,lr_l2,0.1,0.6511555820066458,0.1225751483495365,0.0,0.5
NR-PPAR-gamma,999,atompair,RF+XGB,lr_l2,1.0,0.6517011357436889,0.122787581260072,0.0,0.5
NR-PPAR-gamma,999,atompair,RF+XGB,lr_l2,10.0,0.6733992957397213,0.1368250138937951,0.0,0.5
NR-PPAR-gamma,999,atompair,XGB+GCN,averaging,,0.6482170311957546,0.0993464535726201,-0.0064780917005116,0.4995908346972176
NR-PPAR-gamma,999,atompair,XGB+GCN,voting,,0.505529931061846,0.0529910910345692,0.0358127479255623,0.505529931061846
NR-PPAR-gamma,999,atompair,XGB+GCN,lr_none,,0.6229231761146655,0.1132224587229107,0.0,0.5
NR-PPAR-gamma,999,atompair,XGB+GCN,lr_l2,0.1,0.6247582205029014,0.1133927651116833,0.0,0.5
NR-PPAR-gamma,999,atompair,XGB+GCN,lr_l2,1.0,0.6245474383772256,0.1135712639823892,0.0,0.5
NR-PPAR-gamma,999,atompair,XGB+GCN,lr_l2,10.0,0.6231463571889103,0.113477635237829,0.0,0.5
NR-PPAR-gamma,999,atompair,RF+XGB+GCN,averaging,,0.6812850270297078,0.1109866783949997,0.0,0.5
NR-PPAR-gamma,999,atompair,RF+XGB+GCN,voting,,0.505529931061846,0.0529910910345692,0.0,0.5
NR-PPAR-gamma,999,atompair,RF+XGB+GCN,lr_none,,0.661161533501959,0.1490735506719321,0.0,0.5
NR-PPAR-gamma,999,atompair,RF+XGB+GCN,lr_l2,0.1,0.6544413033774736,0.122852266153876,0.0,0.5
NR-PPAR-gamma,999,atompair,RF+XGB+GCN,lr_l2,1.0,0.6546024897088727,0.1230686612899412,0.0,0.5
NR-PPAR-gamma,999,atompair,RF+XGB+GCN,lr_l2,10.0,0.6708451123344741,0.1362617951892762,0.0,0.5
SR-ARE,42,morgan,RF_only,single,,0.6376070835731507,0.351828406958842,0.1368166163263489,0.5157403468381673
SR-ARE,42,morgan,XGB_only,single,,0.5902525795984418,0.3129079098682015,0.1418933802712023,0.5577938490027777
SR-ARE,42,Graph,GCN_only,single,,0.6164426982975066,0.3102163651124077,0.0503151149678866,0.5085020394885013
SR-ARE,42,morgan,RF+GCN,averaging,,0.6446243420668485,0.3544585860492182,0.1076456348631061,0.5074906367041199
SR-ARE,42,morgan,RF+GCN,voting,,0.5165161032006207,0.2494933142278466,0.1272889781050313,0.5164994202680947
SR-ARE,42,morgan,RF+GCN,lr_none,,0.6444783664072471,0.357606887944901,0.0918598507027387,0.5173085424955999
SR-ARE,42,morgan,RF+GCN,lr_l2,0.1,0.6473061234703836,0.3575523438575281,0.0,0.5
SR-ARE,42,morgan,RF+GCN,lr_l2,1.0,0.6471184404794674,0.3605312736847688,0.1156995842621999,0.513310894789086
SR-ARE,42,morgan,RF+GCN,lr_l2,10.0,0.645471000892537,0.3583965829428075,0.083523162013783,0.5146768098896424
SR-ARE,42,morgan,RF+XGB,averaging,,0.6188012478833529,0.3403611826027461,0.1064347819350405,0.5233310811374423
SR-ARE,42,morgan,RF+XGB,voting,,0.5593828983258676,0.2777974782320955,0.1418933802712023,0.5577938490027777
SR-ARE,42,morgan,RF+XGB,lr_none,,0.6367937906125138,0.352881063224932,0.1047534321567978,0.5197379945446811
SR-ARE,42,morgan,RF+XGB,lr_l2,0.1,0.6181381013154492,0.3400493355389332,0.0,0.5
SR-ARE,42,morgan,RF+XGB,lr_l2,1.0,0.6350087168322448,0.352624033970831,0.1007596515990293,0.5135131753459623
SR-ARE,42,morgan,RF+XGB,lr_l2,10.0,0.6396048647431245,0.3545142603498948,0.1024630268808962,0.5176630548117748
SR-ARE,42,morgan,XGB+GCN,averaging,,0.6240667984618335,0.3307832809729554,0.1207213411435908,0.5270763994895022
SR-ARE,42,morgan,XGB+GCN,voting,,0.5581567027852156,0.2654935256067092,0.1418933802712023,0.5577938490027777
SR-ARE,42,morgan,XGB+GCN,lr_none,,0.6236038470842404,0.3304624747040475,0.0392839132923299,0.50490895289574
SR-ARE,42,morgan,XGB+GCN,lr_l2,0.1,0.6151414295604882,0.3244733764268154,0.0,0.5
SR-ARE,42,morgan,XGB+GCN,lr_l2,1.0,0.6200295287905707,0.3281039688635021,-0.0320059961118589,0.4977728285077951
SR-ARE,42,morgan,XGB+GCN,lr_l2,10.0,0.6230616517771493,0.3300175480897632,0.0455059248483071,0.5054657457687912
SR-ARE,42,morgan,RF+XGB+GCN,averaging,,0.6375799738077959,0.3472958729878176,0.0949725982089065,0.5150313222058174
SR-ARE,42,morgan,RF+XGB+GCN,voting,,0.5593537031939474,0.2776884988882989,0.1272889781050313,0.5164994202680947
SR-ARE,42,morgan,RF+XGB+GCN,lr_none,,0.6439361711001559,0.3569725051948589,0.0874976912602485,0.5167517496225487
SR-ARE,42,morgan,RF+XGB+GCN,lr_l2,0.1,0.633300801614908,0.3460315756981075,0.0,0.5
SR-ARE,42,morgan,RF+XGB+GCN,lr_l2,1.0,0.644824537257159,0.358281624416187,0.0935809713853055,0.5129563824729111
SR-ARE,42,morgan,RF+XGB+GCN,lr_l2,10.0,0.646067415730337,0.3592254241784215,0.1024630268808962,0.5176630548117748
SR-ARE,42,maccs,RF_only,single,,0.6511244296522443,0.3612643337913219,0.1193983503455139,0.5193334334309284
SR-ARE,42,maccs,XGB_only,single,,0.6325625818506376,0.3410053409970881,0.1827222885173914,0.5901316283376292
SR-ARE,42,Graph,GCN_only,single,,0.6164426982975066,0.3102163651124077,0.0503151149678866,0.5085020394885013
SR-ARE,42,maccs,RF+GCN,averaging,,0.6529637229632226,0.3647081161007982,0.127767051120151,0.5125518213591586
SR-ARE,42,maccs,RF+GCN,voting,,0.5201154458930791,0.2481786179293051,0.1165562295156358,0.520092506860856
SR-ARE,42,maccs,RF+GCN,lr_none,,0.6608797744467523,0.3673194339561686,0.1011123834659334,0.5184221282417023
SR-ARE,42,maccs,RF+GCN,lr_l2,0.1,0.660913140311804,0.3692452767545016,0.0,0.5
SR-ARE,42,maccs,RF+GCN,lr_l2,1.0,0.6610048964406964,0.3682874175424087,0.1209849301987438,0.5172584936980222
SR-ARE,42,maccs,RF+GCN,lr_l2,10.0,0.6609465061768558,0.3674661190642776,0.1024630268808962,0.5176630548117748
SR-ARE,42,maccs,RF+XGB,averaging,,0.6494498802999591,0.3585815751689375,0.160691853676104,0.5591618494698998
SR-ARE,42,maccs,RF+XGB,voting,,0.5920272265458822,0.2908103816232305,0.1813411298458108,0.589574835464578
SR-ARE,42,maccs,RF+XGB,lr_none,,0.6584336394651452,0.3699932383787327,0.116166726190975,0.5229265200236898
SR-ARE,42,maccs,RF+XGB,lr_l2,0.1,0.6471684892770451,0.3567215872980016,0.0,0.5
SR-ARE,42,maccs,RF+XGB,lr_l2,1.0,0.6537248817597157,0.3629713420184138,0.0973487493604806,0.5171062619387236
SR-ARE,42,maccs,RF+XGB,lr_l2,10.0,0.6577162733665324,0.3695745742003754,0.116166726190975,0.5229265200236898
SR-ARE,42,maccs,XGB+GCN,averaging,,0.6621664456178107,0.3684167517666091,0.1179331663635245,0.5398284160389714
SR-ARE,42,maccs,XGB+GCN,voting,,0.5900377868421711,0.2871220989174405,0.1799649185540612,0.5890180425915268
SR-ARE,42,maccs,XGB+GCN,lr_none,,0.6604856401658284,0.3657310955343143,0.1047534321567978,0.5197379945446811
SR-ARE,42,maccs,XGB+GCN,lr_l2,0.1,0.6506593929080853,0.3573405917036163,0.0,0.5
SR-ARE,42,maccs,XGB+GCN,lr_l2,1.0,0.6571740780594413,0.3611167940782577,0.1138325679318532,0.516701700824971
SR-ARE,42,maccs,XGB+GCN,lr_l2,10.0,0.6601936888466253,0.3657960671718158,0.1095015172035272,0.5202947874177323
SR-ARE,42,maccs,RF+XGB+GCN,averaging,,0.6696445701225361,0.3764877228706965,0.1194912777471264,0.5293536197792847
SR-ARE,42,maccs,RF+XGB+GCN,voting,,0.5916643727634444,0.294907147151927,0.134402026125098,0.5217628854800097
SR-ARE,42,maccs,RF+XGB+GCN,lr_none,,0.6721970587989957,0.3771415182482905,0.12556621247954,0.5240401057697922
SR-ARE,42,maccs,RF+XGB+GCN,lr_l2,0.1,0.6608943720127124,0.3670178405988494,0.0,0.5
SR-ARE,42,maccs,RF+XGB+GCN,lr_l2,1.0,0.6697863750490061,0.374796116887733,0.1024630268808962,0.5176630548117748
SR-ARE,42,maccs,RF+XGB+GCN,lr_l2,10.0,0.672413936921832,0.3774962277580216,0.12556621247954,0.5240401057697922
SR-ARE,42,atompair,RF_only,single,,0.6340682165110982,0.3510076223201134,0.093183732229365,0.5056179775280899
SR-ARE,42,atompair,XGB_only,single,,0.5922190802699299,0.339043105190944,0.1587529178065858,0.5538483354604072
SR-ARE,42,Graph,GCN_only,single,,0.6164426982975066,0.3102163651124077,0.0503151149678866,0.5085020394885013
SR-ARE,42,atompair,RF+GCN,averaging,,0.6414504141537999,0.3643665955737464,0.076051481411273,0.5037453183520599
SR-ARE,42,atompair,RF+GCN,voting,,0.5101223693100774,0.2408882673482181,0.103037259700484,0.5101223693100774
SR-ARE,42,atompair,RF+GCN,lr_none,,0.644148878489861,0.3631408629099955,0.1388255114005732,0.5243946180859671
SR-ARE,42,atompair,RF+GCN,lr_l2,0.1,0.6451665373739396,0.3687016201962674,0.0,0.5
SR-ARE,42,atompair,RF+GCN,lr_l2,1.0,0.6469390989548143,0.3708528004602727,0.0897344456456366,0.5082497101340474
SR-ARE,42,atompair,RF+GCN,lr_l2,10.0,0.6449413177848402,0.3656400083046343,0.1563727518789265,0.5247491304021421
SR-ARE,42,atompair,RF+XGB,averaging,,0.6117381113252087,0.3474476422537747,0.1757979849020396,0.537148720002002
SR-ARE,42,atompair,RF+XGB,voting,,0.5542111892428452,0.2721685999136932,0.1587529178065858,0.5538483354604072
SR-ARE,42,atompair,RF+XGB,lr_none,,0.6339848018484688,0.3524414254433198,0.1411155281584213,0.5257104843889459
SR-ARE,42,atompair,RF+XGB,lr_l2,0.1,0.6090021103909645,0.3465034249468938,0.0,0.5
SR-ARE,42,atompair,RF+XGB,lr_l2,1.0,0.6231534079060418,0.3521066469917665,0.1188746198263239,0.5159426273950435
SR-ARE,42,atompair,RF+XGB,lr_l2,10.0,0.6333341674799595,0.353366987030177,0.1281408139656282,0.5212060926069584
SR-ARE,42,atompair,XGB+GCN,averaging,,0.6193580407564042,0.3651508070801523,0.1723796194665533,0.5345169873960445
SR-ARE,42,atompair,XGB+GCN,voting,,0.5553122627895531,0.2685646606006804,0.1612427588287169,0.555164201763386
SR-ARE,42,atompair,XGB+GCN,lr_none,,0.6223109198134849,0.3683356389868146,0.1940902166053355,0.5327965599793132
SR-ARE,42,atompair,XGB+GCN,lr_l2,0.1,0.6119007699173361,0.3580776039667446,0.0,0.5
SR-ARE,42,atompair,XGB+GCN,lr_l2,1.0,0.6185739429276879,0.364322977145906,0.1161602871969932,0.5106791621831286
SR-ARE,42,atompair,XGB+GCN,lr_l2,10.0,0.6218479684358916,0.3679781463319883,0.2024228671314416,0.5320374865493857
SR-ARE,42,atompair,RF+XGB+GCN,averaging,,0.6314698497701927,0.367545969979546,0.1460316044311639,0.5189288723171759
SR-ARE,42,atompair,RF+XGB+GCN,voting,,0.5556813726716883,0.2741944158594372,0.1034212873091095,0.5088065030070986
SR-ARE,42,atompair,RF+XGB+GCN,lr_none,,0.6445200737385619,0.3640110083995667,0.1388255114005732,0.5243946180859671
SR-ARE,42,atompair,RF+XGB+GCN,lr_l2,0.1,0.6250135548826773,0.3614285330145775,0.0,0.5
SR-ARE,42,atompair,RF+XGB+GCN,lr_l2,1.0,0.6389020962104719,0.3703500257409656,0.1551045562809132,0.5208015314932058
SR-ARE,42,atompair,RF+XGB+GCN,lr_l2,10.0,0.6455961228864809,0.3682789605843195,0.1509576861141009,0.5255082038320696
SR-ARE,1,morgan,RF_only,single,,0.6331548259553064,0.3462400214784896,0.0897344456456366,0.5082497101340474
SR-ARE,1,morgan,XGB_only,single,,0.5902525795984418,0.3129079098682015,0.1418933802712023,0.5577938490027777
SR-ARE,1,Graph,GCN_only,single,,0.6224318710742974,0.3104216341384953,0.07255943819646,0.5225699223409491
SR-ARE,1,morgan,RF+GCN,averaging,,0.6452311837374773,0.3461035565015684,0.0685150587448283,0.5071361243879449
SR-ARE,1,morgan,RF+GCN,voting,,0.525543655063687,0.2443980967996013,0.0890413709197832,0.5255061184655039
SR-ARE,1,morgan,RF+GCN,lr_none,,0.6475751357573635,0.3586850447726978,0.0957891559028264,0.5186244087985786
SR-ARE,1,morgan,RF+GCN,lr_l2,0.1,0.6475793064904948,0.3519623474506301,0.0,0.5
SR-ARE,1,morgan,RF+GCN,lr_l2,1.0,0.6500608927037194,0.3596661909497726,0.089803725452766,0.5116405161699323
SR-ARE,1,morgan,RF+GCN,lr_l2,10.0,0.6479963798036418,0.3583527107908107,0.1001871983333457,0.5191812016716298
SR-ARE,1,morgan,RF+XGB,averaging,,0.6150434173318986,0.3343938842808082,0.1169396333245544,0.526519606616451
SR-ARE,1,morgan,RF+XGB,voting,,0.5585654346320996,0.2692835439608009,0.1418933802712023,0.5577938490027777
SR-ARE,1,morgan,RF+XGB,lr_none,,0.6323769842262874,0.3476961026172256,0.1150561516905362,0.5236855934536173
SR-ARE,1,morgan,RF+XGB,lr_l2,0.1,0.6150684417306874,0.3344479569578967,0.0,0.5
SR-ARE,1,morgan,RF+XGB,lr_l2,1.0,0.6302457395961063,0.3518679236749908,0.091025889923935,0.5137154559028386
SR-ARE,1,morgan,RF+XGB,lr_l2,10.0,0.6340244238132178,0.3490224539757744,0.1038568993752131,0.5204970679746086
SR-ARE,1,morgan,XGB+GCN,averaging,,0.6325625818506377,0.3274145655159911,0.1097600573270251,0.5324399622965725
SR-ARE,1,morgan,XGB+GCN,voting,,0.5620104601986937,0.2671688587536156,0.1369199593485601,0.560930240317643
SR-ARE,1,morgan,XGB+GCN,lr_none,,0.6299767273091263,0.3268683385291228,0.0144831298192731,0.5021249885304839
SR-ARE,1,morgan,XGB+GCN,lr_l2,0.1,0.6284752633817972,0.3270867852412092,0.0,0.5
SR-ARE,1,morgan,XGB+GCN,lr_l2,1.0,0.6295054344652704,0.3270811427375023,0.0104569209915668,0.5009613539868037
SR-ARE,1,morgan,XGB+GCN,lr_l2,10.0,0.6298682882477081,0.326868678433615,0.0233914773155286,0.5032385742765864
SR-ARE,1,morgan,RF+XGB+GCN,averaging,,0.6425014389029304,0.3445211918859593,0.0957891559028264,0.5186244087985786
SR-ARE,1,morgan,RF+XGB+GCN,voting,,0.5629155092882226,0.271827444388567,0.1117155738290066,0.5223697271506386
SR-ARE,1,morgan,RF+XGB+GCN,lr_none,,0.6456378302177956,0.3556601073660568,0.1028833800458929,0.5220152148344636
SR-ARE,1,morgan,RF+XGB+GCN,lr_l2,0.1,0.6414087068224852,0.3464332159630126,0.0,0.5
SR-ARE,1,morgan,RF+XGB+GCN,lr_l2,1.0,0.6490536606524695,0.358922940477114,0.074902252739598,0.5112860038537574
SR-ARE,1,morgan,RF+XGB+GCN,lr_l2,10.0,0.6475271723263515,0.3574599288271509,0.0874976912602485,0.5167517496225487
SR-ARE,1,maccs,RF_only,single,,0.6491099655497443,0.3647618165157328,0.1281408139656282,0.5212060926069584
SR-ARE,1,maccs,XGB_only,single,,0.6325625818506376,0.3410053409970881,0.1827222885173914,0.5901316283376292
SR-ARE,1,Graph,GCN_only,single,,0.6224318710742974,0.3104216341384953,0.07255943819646,0.5225699223409491
SR-ARE,1,maccs,RF+GCN,averaging,,0.6570593828983258,0.3613057115251624,0.1039540646016514,0.514829041648941
SR-ARE,1,maccs,RF+GCN,voting,,0.5279230583151906,0.2578890349953796,0.0894736569053373,0.5272265458822352
SR-ARE,1,maccs,RF+GCN,lr_none,,0.6651547759065088,0.3730980884118809,0.0924602039383444,0.5165494690656723
SR-ARE,1,maccs,RF+GCN,lr_l2,0.1,0.6641120926236415,0.3704536131319076,0.0,0.5
SR-ARE,1,maccs,RF+GCN,lr_l2,1.0,0.6653299466980306,0.3729572347227226,0.1138325679318532,0.516701700824971
SR-ARE,1,maccs,RF+GCN,lr_l2,10.0,0.6650755319770109,0.3726700727064772,0.0924602039383444,0.5165494690656723
SR-ARE,1,maccs,RF+XGB,averaging,,0.6481986603605182,0.3560126827501871,0.1760228821598992,0.5645775464411135
SR-ARE,1,maccs,RF+XGB,voting,,0.5927028853131804,0.2944242575130405,0.1813411298458108,0.589574835464578
SR-ARE,1,maccs,RF+XGB,lr_none,,0.6553389554815945,0.3691617445838437,0.116166726190975,0.5229265200236898
SR-ARE,1,maccs,RF+XGB,lr_l2,0.1,0.646705537899452,0.3545806021374367,0.0,0.5
SR-ARE,1,maccs,RF+XGB,lr_l2,1.0,0.6517312713228731,0.3625502253435262,0.1111743367071781,0.5195357139878047
SR-ARE,1,maccs,RF+XGB,lr_l2,10.0,0.6549802724322882,0.3683543436060439,0.116166726190975,0.5229265200236898
SR-ARE,1,maccs,XGB+GCN,averaging,,0.6645854708340632,0.3617195779526161,0.1266919676200853,0.5498986511849053
SR-ARE,1,maccs,XGB+GCN,voting,,0.5914454092740423,0.2842976487787686,0.1738495537993816,0.5893204207435583
SR-ARE,1,maccs,XGB+GCN,lr_none,,0.661503299049907,0.3611713250203359,0.1238483829565159,0.5247991791997197
SR-ARE,1,maccs,XGB+GCN,lr_l2,0.1,0.6569363462709474,0.357341538622455,0.0,0.5
SR-ARE,1,maccs,XGB+GCN,lr_l2,1.0,0.6602979571749122,0.3607149848380041,0.1008787417782101,0.5155881150788686
SR-ARE,1,maccs,XGB+GCN,lr_l2,10.0,0.6614949575836441,0.3611963191592952,0.116166726190975,0.5229265200236898
SR-ARE,1,maccs,RF+XGB+GCN,averaging,,0.6703911313530693,0.3741889045467524,0.1344200856349419,0.5397283184438161
SR-ARE,1,maccs,RF+XGB+GCN,voting,,0.5924797510906468,0.2982594130318409,0.1197503711838433,0.5285945463493573
SR-ARE,1,maccs,RF+XGB+GCN,lr_none,,0.6711418633167339,0.3753364997052198,0.1207794966545435,0.523483312896741
SR-ARE,1,maccs,RF+XGB+GCN,lr_l2,0.1,0.6644645195732506,0.3680671305558409,0.0,0.5
SR-ARE,1,maccs,RF+XGB+GCN,lr_l2,1.0,0.6703410825554916,0.3757141075329417,0.1111743367071781,0.5195357139878047
SR-ARE,1,maccs,RF+XGB+GCN,lr_l2,10.0,0.6713712536389647,0.3756934465390653,0.1207794966545435,0.523483312896741
SR-ARE,1,atompair,RF_only,single,,0.6475959894230208,0.372604612767878,0.093183732229365,0.5056179775280899
SR-ARE,1,atompair,XGB_only,single,,0.5922190802699299,0.339043105190944,0.1587529178065858,0.5538483354604072
SR-ARE,1,Graph,GCN_only,single,,0.6224318710742974,0.3104216341384953,0.07255943819646,0.5225699223409491
SR-ARE,1,atompair,RF+GCN,averaging,,0.6489785874561029,0.3672611938074896,0.0727327271193648,0.5050611846550387
SR-ARE,1,atompair,RF+GCN,voting,,0.5224093491153875,0.2440386259105582,0.0794769743148697,0.5223175929864952
SR-ARE,1,atompair,RF+GCN,lr_none,,0.6598892253280282,0.3861941567039226,0.1811186728509091,0.5329988405361895
SR-ARE,1,atompair,RF+GCN,lr_l2,0.1,0.6500129292727076,0.3698176336354645,0.0,0.5
SR-ARE,1,atompair,RF+GCN,lr_l2,1.0,0.6588256883795033,0.3847060418105439,0.0727327271193648,0.5050611846550387
SR-ARE,1,atompair,RF+GCN,lr_l2,10.0,0.660277103509255,0.3859861126781598,0.1588358374198545,0.5273808630080996
SR-ARE,1,atompair,RF+XGB,averaging,,0.6180275768874652,0.352852405032375,0.1530962066382606,0.5302148761709333
SR-ARE,1,atompair,RF+XGB,voting,,0.5542111892428452,0.2721685999136932,0.1587529178065858,0.5538483354604072
SR-ARE,1,atompair,RF+XGB,lr_none,,0.6476898309184789,0.3741325693994312,0.1677842912867465,0.5305693884871082
SR-ARE,1,atompair,RF+XGB,lr_l2,0.1,0.6139027218204416,0.3505607783777649,0.0,0.5
SR-ARE,1,atompair,RF+XGB,lr_l2,1.0,0.6330880942252028,0.3630758013830381,0.1364924073143442,0.5170562131411459
SR-ARE,1,atompair,RF+XGB,lr_l2,10.0,0.6468181476940017,0.3742754645983002,0.1588358374198545,0.5273808630080996
SR-ARE,1,atompair,XGB+GCN,averaging,,0.6284919463143231,0.3595933972576954,0.1734297692838161,0.5441326126306483
SR-ARE,1,atompair,XGB+GCN,voting,,0.5599584594980106,0.2713729825173139,0.1454072373688821,0.5589074347488802
SR-ARE,1,atompair,XGB+GCN,lr_none,,0.6288589708298926,0.3597251177062464,0.1563727518789265,0.5247491304021421
SR-ARE,1,atompair,XGB+GCN,lr_l2,0.1,0.6243253839159848,0.3589858510145948,0.0,0.5
SR-ARE,1,atompair,XGB+GCN,lr_l2,1.0,0.6273324825037745,0.3611671145269964,0.1368166163263489,0.5157403468381673
SR-ARE,1,atompair,XGB+GCN,lr_l2,10.0,0.6285920439094783,0.3596214241354902,0.1637676965188736,0.5253059232751933
SR-ARE,1,atompair,RF+XGB+GCN,averaging,,0.6408039505184222,0.372816998325603,0.1428211215937093,0.5236355446560397
SR-ARE,1,atompair,RF+XGB+GCN,voting,,0.5603713620780262,0.2762469805175512,0.1209849301987438,0.5172584936980222
SR-ARE,1,atompair,RF+XGB+GCN,lr_none,,0.6600894205183387,0.3868007772015107,0.1738988160261755,0.5311261813601595
SR-ARE,1,atompair,RF+XGB+GCN,lr_l2,0.1,0.6360159488834947,0.3689601821683989,0.0,0.5
SR-ARE,1,atompair,RF+XGB+GCN,lr_l2,1.0,0.6498586121468432,0.3793619696043157,0.1303908076172832,0.5191311528740522
SR-ARE,1,atompair,RF+XGB+GCN,lr_l2,10.0,0.659860030196108,0.3857165960355507,0.1588358374198545,0.5273808630080996
SR-ARE,7,morgan,RF_only,single,,0.6361097903789528,0.3469512809746842,0.0945825521980509,0.5108814427400048
SR-ARE,7,morgan,XGB_only,single,,0.5902525795984418,0.3129079098682015,0.1418933802712023,0.5577938490027777
SR-ARE,7,Graph,GCN_only,single,,0.6114795258710576,0.2919411750512507,0.0377629121239998,0.5093612105135841
SR-ARE,7,morgan,RF+GCN,averaging,,0.6382160106103452,0.3353825536574624,0.0918406120580151,0.509565576437026
SR-ARE,7,morgan,RF+GCN,voting,,0.51313780936413,0.2386917487414184,0.0588756047982357,0.5130564800680664
SR-ARE,7,morgan,RF+GCN,lr_none,,0.6441175979913748,0.354923570272915,0.0840998910813848,0.513917736459715
SR-ARE,7,morgan,RF+GCN,lr_l2,0.1,0.6443970371111833,0.3463731007476156,0.0,0.5
SR-ARE,7,morgan,RF+GCN,lr_l2,1.0,0.6477795016808054,0.3549502081050069,0.1156995842621999,0.513310894789086
SR-ARE,7,morgan,RF+GCN,lr_l2,10.0,0.6450726958784815,0.3549168392785706,0.0893909987863458,0.5144745293327662
SR-ARE,7,morgan,RF+XGB,averaging,,0.6183716623708115,0.336398135075331,0.106226833700185,0.5240901545673698
SR-ARE,7,morgan,RF+XGB,voting,,0.5587239224910955,0.2697465522463096,0.1418933802712023,0.5577938490027777
SR-ARE,7,morgan,RF+XGB,lr_none,,0.6374194005822345,0.3497109545109405,0.1043946745659299,0.5169039813818472
SR-ARE,7,morgan,RF+XGB,lr_l2,0.1,0.6171162716982391,0.3353117347043178,0.0,0.5
SR-ARE,7,morgan,RF+XGB,lr_l2,1.0,0.6320474963089011,0.3465266213694863,0.1111283449027498,0.5153858345219923
SR-ARE,7,morgan,RF+XGB,lr_l2,10.0,0.638445400932576,0.3487395599292389,0.1043946745659299,0.5169039813818472
SR-ARE,7,morgan,XGB+GCN,averaging,,0.6225152857369267,0.3226756643794516,0.1254846904044175,0.5342625726750249
SR-ARE,7,morgan,XGB+GCN,voting,,0.5547304455177132,0.2610631266918602,0.1283664748503212,0.5543008600051718
SR-ARE,7,morgan,XGB+GCN,lr_none,,0.6132771118507212,0.3202937052197352,0.0455059248483071,0.5054657457687912
SR-ARE,7,morgan,XGB+GCN,lr_l2,0.1,0.6131019410591994,0.3201770257233386,0.0,0.5
SR-ARE,7,morgan,XGB+GCN,lr_l2,1.0,0.6127641116755502,0.3200733754186672,-0.0277060762864593,0.4983296213808463
SR-ARE,7,morgan,XGB+GCN,lr_l2,10.0,0.6132937947832471,0.3203108960974993,0.0455059248483071,0.5054657457687912
SR-ARE,7,morgan,RF+XGB+GCN,averaging,,0.6362620221382516,0.3409183304586257,0.0696975746670855,0.5122473578405612
SR-ARE,7,morgan,RF+XGB+GCN,voting,,0.5555312262789553,0.2665661269261194,0.0924602039383444,0.5165494690656723
SR-ARE,7,morgan,RF+XGB+GCN,lr_none,,0.6440988296922833,0.3549820392767593,0.0840998910813848,0.513917736459715
SR-ARE,7,morgan,RF+XGB+GCN,lr_l2,0.1,0.6311528740522009,0.3412931086482193,0.0,0.5
SR-ARE,7,morgan,RF+XGB+GCN,lr_l2,1.0,0.6428851463510257,0.351117479991857,0.1188746198263239,0.5159426273950435
SR-ARE,7,morgan,RF+XGB+GCN,lr_l2,10.0,0.6459798303345763,0.354697696384462,0.0893909987863458,0.5144745293327662
SR-ARE,7,maccs,RF_only,single,,0.6389041815770377,0.3611893754983203,0.1281408139656282,0.5212060926069584
SR-ARE,7,maccs,XGB_only,single,,0.6325625818506376,0.3410053409970881,0.1827222885173914,0.5901316283376292
SR-ARE,7,Graph,GCN_only,single,,0.6114795258710576,0.2919411750512507,0.0377629121239998,0.5093612105135841
SR-ARE,7,maccs,RF+GCN,averaging,,0.6460465620646797,0.3559489515266935,0.1579336483904978,0.5181697988872485
SR-ARE,7,maccs,RF+GCN,voting,,0.5203865435466245,0.2482219114518868,0.0829637643717921,0.5201926044560112
SR-ARE,7,maccs,RF+GCN,lr_none,,0.6504758806503008,0.3660851162359852,0.1095015172035272,0.5202947874177323
SR-ARE,7,maccs,RF+GCN,lr_l2,0.1,0.6530909303237322,0.3686940708222435,0.0,0.5
SR-ARE,7,maccs,RF+GCN,lr_l2,1.0,0.6519981982432872,0.3667969555657353,0.1232731642926089,0.518574360001001
SR-ARE,7,maccs,RF+GCN,lr_l2,10.0,0.6508095393008183,0.3659347065491662,0.1060333059529829,0.5189789211147535
SR-ARE,7,maccs,RF+XGB,averaging,,0.6444324883428009,0.3584032458599829,0.1694007793499311,0.5621480943920323
SR-ARE,7,maccs,RF+XGB,voting,,0.5927654463101524,0.2957641037912059,0.1813411298458108,0.589574835464578
SR-ARE,7,maccs,RF+XGB,lr_none,,0.6486532702718484,0.367113040443468,0.1268575618612947,0.5261150455026985
SR-ARE,7,maccs,RF+XGB,lr_l2,0.1,0.6435107563207461,0.3563766707287514,0.0,0.5
SR-ARE,7,maccs,RF+XGB,lr_l2,1.0,0.6466930257000575,0.3636746196123975,0.1078251556228662,0.518219847684826
SR-ARE,7,maccs,RF+XGB,lr_l2,10.0,0.6484822702134581,0.3672275729887859,0.1238483829565159,0.5247991791997197
SR-ARE,7,maccs,XGB+GCN,averaging,,0.6601227863833905,0.3587395982977945,0.1381902944456081,0.5522780544364089
SR-ARE,7,maccs,XGB+GCN,voting,,0.5895956891302353,0.279894347404427,0.1764922815825249,0.5892703719459806
SR-ARE,7,maccs,XGB+GCN,lr_none,,0.6539083940175004,0.3553396160087316,0.1108719011153072,0.5231288005805661
SR-ARE,7,maccs,XGB+GCN,lr_l2,0.1,0.6495666608276404,0.3510517163429145,0.0,0.5
SR-ARE,7,maccs,XGB+GCN,lr_l2,1.0,0.6525362228172468,0.353600044374619,0.1007596515990293,0.5135131753459623
SR-ARE,7,maccs,XGB+GCN,lr_l2,10.0,0.653691515894664,0.3551953744290843,0.108284326278685,0.5210538608476598
SR-ARE,7,maccs,RF+XGB+GCN,averaging,,0.6651818856718634,0.3728647619099941,0.1101990461969771,0.5292013880199862
SR-ARE,7,maccs,RF+XGB+GCN,voting,,0.5915851288339464,0.2932899135173652,0.1128767054064428,0.521610653720711
SR-ARE,7,maccs,RF+XGB+GCN,lr_none,,0.6599351033924743,0.3721264622356481,0.1117155738290066,0.5223697271506386
SR-ARE,7,maccs,RF+XGB+GCN,lr_l2,0.1,0.6561397362428367,0.3641518475340077,0.0,0.5
SR-ARE,7,maccs,RF+XGB+GCN,lr_l2,1.0,0.6598516887298449,0.3689999077651879,0.1024630268808962,0.5176630548117748
SR-ARE,7,maccs,RF+XGB+GCN,lr_l2,10.0,0.6602854449755177,0.372113454567017,0.116166726190975,0.5229265200236898
SR-ARE,7,atompair,RF_only,single,,0.6150183929331098,0.3451894876526501,0.1076456348631061,0.5074906367041199
SR-ARE,7,atompair,XGB_only,single,,0.5922190802699299,0.339043105190944,0.1587529178065858,0.5538483354604072
SR-ARE,7,Graph,GCN_only,single,,0.6114795258710576,0.2919411750512507,0.0377629121239998,0.5093612105135841
SR-ARE,7,atompair,RF+GCN,averaging,,0.633142313755912,0.3409589931869952,0.0528871293907569,0.5031885254790087
SR-ARE,7,atompair,RF+GCN,voting,,0.5110315891327377,0.2375621413958685,0.0526419106729066,0.5109815403351601
SR-ARE,7,atompair,RF+GCN,lr_none,,0.625676701450581,0.352013700447208,0.1729290400545941,0.5298103150571808
SR-ARE,7,atompair,RF+GCN,lr_l2,0.1,0.6354445584444834,0.3483385365123795,0.0,0.5
SR-ARE,7,atompair,RF+GCN,lr_l2,1.0,0.6360117781503632,0.3559770979807764,0.1076456348631061,0.5074906367041199
SR-ARE,7,atompair,RF+GCN,lr_l2,10.0,0.6281666291300685,0.3526397816088928,0.1637676965188736,0.5253059232751933
SR-ARE,7,atompair,RF+XGB,averaging,,0.6086225736760008,0.3482237446802848,0.1413074742232123,0.5298603638547584
SR-ARE,7,atompair,RF+XGB,voting,,0.5543321405036578,0.2742573351484959,0.1587529178065858,0.5538483354604072
SR-ARE,7,atompair,RF+XGB,lr_none,,0.6194789920172168,0.3493104276581023,0.1738988160261755,0.5311261813601595
SR-ARE,7,atompair,RF+XGB,lr_l2,0.1,0.6058532068767047,0.3444814616436812,0.0,0.5
SR-ARE,7,atompair,RF+XGB,lr_l2,1.0,0.6151706246924084,0.3511323482967984,0.1369895880536185,0.5183720794441247
SR-ARE,7,atompair,RF+XGB,lr_l2,10.0,0.6210722120734382,0.3514966563263425,0.1653351962778458,0.5279376558811508
SR-ARE,7,atompair,XGB+GCN,averaging,,0.6190911138359901,0.3502627944290238,0.1565965876625378,0.5377555616726308
SR-ARE,7,atompair,XGB+GCN,voting,,0.5529036644061293,0.2634156841233865,0.1414763939242029,0.5526325667525838
SR-ARE,7,atompair,XGB+GCN,lr_none,,0.6160131127849653,0.3500153748803971,0.1509576861141009,0.5255082038320696
SR-ARE,7,atompair,XGB+GCN,lr_l2,0.1,0.6112209404169064,0.3483370773100957,0.0,0.5
SR-ARE,7,atompair,XGB+GCN,lr_l2,1.0,0.614394868329955,0.3494974502509952,0.0918406120580151,0.509565576437026
SR-ARE,7,atompair,XGB+GCN,lr_l2,10.0,0.6159255273892045,0.3499631420102588,0.1509576861141009,0.5255082038320696
SR-ARE,7,atompair,RF+XGB+GCN,averaging,,0.62831260478967,0.3569935959793193,0.1555204386612829,0.5234332640991634
SR-ARE,7,atompair,RF+XGB+GCN,voting,,0.5533958109156427,0.2694545598076274,0.0976090097055384,0.5121973090429836
SR-ARE,7,atompair,RF+XGB+GCN,lr_none,,0.6304938982174286,0.355058020371619,0.1544499097225839,0.528139936438027
SR-ARE,7,atompair,RF+XGB+GCN,lr_l2,0.1,0.6209721144782829,0.3528178454604553,0.0,0.5
SR-ARE,7,atompair,RF+XGB+GCN,lr_l2,1.0,0.6306523860764244,0.3599051984034504,0.1460316044311639,0.5189288723171759
SR-ARE,7,atompair,RF+XGB+GCN,lr_l2,10.0,0.6336010944003737,0.3582308774675797,0.1653351962778458,0.5279376558811508
SR-ARE,123,morgan,RF_only,single,,0.6371691565943461,0.3462225947937499,0.1263679249629065,0.5138676876621373
SR-ARE,123,morgan,XGB_only,single,,0.5902525795984418,0.3129079098682015,0.1418933802712023,0.5577938490027777
SR-ARE,123,Graph,GCN_only,single,,0.6333508504124855,0.3312579698758939,0.0503151149678866,0.5085020394885013
SR-ARE,123,morgan,RF+GCN,averaging,,0.6596827740380204,0.3706663276037563,0.0891628319391824,0.5069338438310687
SR-ARE,123,morgan,RF+GCN,voting,,0.5146267610920648,0.2447954418152614,0.1170507085099413,0.5146267610920647
SR-ARE,123,morgan,RF+GCN,lr_none,,0.6584107004329222,0.3737769353002652,0.114446765030096,0.5208515802907835
SR-ARE,123,morgan,RF+GCN,lr_l2,0.1,0.6593449446543713,0.3721382082706241,0.0,0.5
SR-ARE,123,morgan,RF+GCN,lr_l2,1.0,0.659386651985686,0.3730678642272071,0.0976090097055384,0.5121973090429836
SR-ARE,123,morgan,RF+GCN,lr_l2,10.0,0.6586192370894957,0.3730454867076819,0.1165562295156358,0.520092506860856
SR-ARE,123,morgan,RF+XGB,averaging,,0.6200107604914792,0.3383595441325323,0.106226833700185,0.5240901545673698
SR-ARE,123,morgan,RF+XGB,voting,,0.5587698005555416,0.2713390667815065,0.1418933802712023,0.5577938490027777
SR-ARE,123,morgan,RF+XGB,lr_none,,0.638783230316225,0.349759839863354,0.0949725982089065,0.5150313222058174
SR-ARE,123,morgan,RF+XGB,lr_l2,0.1,0.619201638263974,0.3375403058942584,0.0,0.5
SR-ARE,123,morgan,RF+XGB,lr_l2,1.0,0.6344039605281816,0.3501244706985241,0.1061862786616735,0.5127541019160348
SR-ARE,123,morgan,RF+XGB,lr_l2,10.0,0.6391127182336112,0.3509498255491954,0.0851565030930442,0.5131586630297874
SR-ARE,123,morgan,XGB+GCN,averaging,,0.6289507269587848,0.3405487804638763,0.1175177745122949,0.5257605331865235
SR-ARE,123,morgan,XGB+GCN,voting,,0.5581567027852156,0.2654935256067092,0.1418933802712023,0.5577938490027777
SR-ARE,123,morgan,XGB+GCN,lr_none,,0.6372129492922265,0.3477623737359869,0.0987801987094659,0.516347188508796
SR-ARE,123,morgan,XGB+GCN,lr_l2,0.1,0.621877163567812,0.334521719598565,0.0,0.5
SR-ARE,123,morgan,XGB+GCN,lr_l2,1.0,0.6317618010893955,0.3423219247873572,0.0041180940218158,0.5004045611137525
SR-ARE,123,morgan,XGB+GCN,lr_l2,10.0,0.6363537782671438,0.3472221058291761,0.1008787417782101,0.5155881150788686
SR-ARE,123,morgan,RF+XGB+GCN,averaging,,0.6440946589591517,0.356560220673436,0.1043946745659299,0.5169039813818472
SR-ARE,123,morgan,RF+XGB+GCN,voting,,0.5591326543379795,0.2735545301689227,0.1170507085099413,0.5146267610920647
SR-ARE,123,morgan,RF+XGB+GCN,lr_none,,0.6580624442164443,0.373400928059893,0.1277811465942586,0.5232810323398647
SR-ARE,123,morgan,RF+XGB+GCN,lr_l2,0.1,0.6403493406070918,0.3529094178753482,0.0,0.5
SR-ARE,123,morgan,RF+XGB+GCN,lr_l2,1.0,0.6551554432238098,0.3677875354244032,0.0972743282464232,0.5142722487758898
SR-ARE,123,morgan,RF+XGB+GCN,lr_l2,10.0,0.6586463468548501,0.3739654770903823,0.1165562295156358,0.520092506860856
SR-ARE,123,maccs,RF_only,single,,0.654926052901579,0.3637063668357748,0.1193983503455139,0.5193334334309284
SR-ARE,123,maccs,XGB_only,single,,0.6325625818506376,0.3410053409970881,0.1827222885173914,0.5901316283376292
SR-ARE,123,Graph,GCN_only,single,,0.6333508504124855,0.3312579698758939,0.0503151149678866,0.5085020394885013
SR-ARE,123,maccs,RF+GCN,averaging,,0.6739425106145158,0.3827153202834931,0.1034212873091095,0.5088065030070986
SR-ARE,123,maccs,RF+GCN,voting,,0.521988105069109,0.2503049794557727,0.1249999240538757,0.5219651660368859
SR-ARE,123,maccs,RF+GCN,lr_none,,0.676332340698848,0.3831465792068466,0.1038568993752131,0.5204970679746086
SR-ARE,123,maccs,RF+GCN,lr_l2,0.1,0.6763740480301628,0.3825627819725016,0.0,0.5
SR-ARE,123,maccs,RF+GCN,lr_l2,1.0,0.676340682165111,0.3831145592998614,0.1256726750439165,0.5198902263039797
SR-ARE,123,maccs,RF+GCN,lr_l2,10.0,0.6763740480301628,0.3828642601388377,0.1001871983333457,0.5191812016716298
SR-ARE,123,maccs,RF+XGB,averaging,,0.6498627828799746,0.3597820230115444,0.1624557770058279,0.5589595689130236
SR-ARE,123,maccs,RF+XGB,voting,,0.5923650559295313,0.2925913779691602,0.1813411298458108,0.589574835464578
SR-ARE,123,maccs,RF+XGB,lr_none,,0.6606941768224018,0.3696971191360665,0.1128767054064428,0.521610653720711
SR-ARE,123,maccs,RF+XGB,lr_l2,0.1,0.6482779042900161,0.358107887176298,0.0,0.5
SR-ARE,123,maccs,RF+XGB,lr_l2,1.0,0.6557643702610045,0.3663037175167388,0.1078251556228662,0.518219847684826
SR-ARE,123,maccs,RF+XGB,lr_l2,10.0,0.6604522743007766,0.3699350583010426,0.1047534321567978,0.5197379945446811
SR-ARE,123,maccs,XGB+GCN,averaging,,0.6648482270213458,0.369985959785666,0.1356612093959577,0.5435236855934537
SR-ARE,123,maccs,XGB+GCN,voting,,0.5900377868421711,0.2871220989174405,0.1799649185540612,0.5890180425915268
SR-ARE,123,maccs,XGB+GCN,lr_none,,0.668205667192179,0.3751588634868796,0.1490780321976627,0.5338079627636946
SR-ARE,123,maccs,XGB+GCN,lr_l2,0.1,0.6540793940758907,0.3596375331217813,0.0,0.5
SR-ARE,123,maccs,XGB+GCN,lr_l2,1.0,0.6637012754101916,0.3683482549464959,0.1575014292217904,0.5260649967051209
SR-ARE,123,maccs,XGB+GCN,lr_l2,10.0,0.6676509596856935,0.3745392356707588,0.1532168038127876,0.5343647556367459
SR-ARE,123,maccs,RF+XGB+GCN,averaging,,0.6749372304663714,0.3808827637942722,0.1197503711838433,0.5285945463493573
SR-ARE,123,maccs,RF+XGB+GCN,voting,,0.592006372880225,0.2967366480532403,0.1428211215937093,0.5236355446560397
SR-ARE,123,maccs,RF+XGB+GCN,lr_none,,0.6830826722721319,0.3875716442655051,0.1074149279809427,0.5218129342775873
SR-ARE,123,maccs,RF+XGB+GCN,lr_l2,0.1,0.6655072028561181,0.3727237348155993,0.0,0.5
SR-ARE,123,maccs,RF+XGB+GCN,lr_l2,1.0,0.6797419150338246,0.3843274259215439,0.1331795099822599,0.5238378252129159
SR-ARE,123,maccs,RF+XGB+GCN,lr_l2,10.0,0.6831494040022356,0.3879046782117357,0.108284326278685,0.5210538608476598
SR-ARE,123,atompair,RF_only,single,,0.6194185163868104,0.3586042454861315,0.1204033429795275,0.5093632958801498
SR-ARE,123,atompair,XGB_only,single,,0.5922190802699299,0.339043105190944,0.1587529178065858,0.5538483354604072
SR-ARE,123,Graph,GCN_only,single,,0.6333508504124855,0.3312579698758939,0.0503151149678866,0.5085020394885013
SR-ARE,123,atompair,RF+GCN,averaging,,0.6505009050490895,0.388349439246712,0.0528871293907569,0.5031885254790087
SR-ARE,123,atompair,RF+GCN,voting,,0.5119991992192389,0.2443994363269089,0.1151661653712018,0.5119950284861073
SR-ARE,123,atompair,RF+GCN,lr_none,,0.6479650993051558,0.383843420362947,0.1944167292434342,0.5314806936763344
SR-ARE,123,atompair,RF+GCN,lr_l2,0.1,0.6512349540802282,0.3899109900944801,0.0,0.5
SR-ARE,123,atompair,RF+GCN,lr_l2,1.0,0.6512516370127541,0.3899651126870712,0.1384917186843886,0.5144244805351885
SR-ARE,123,atompair,RF+GCN,lr_l2,10.0,0.6489410508579198,0.3850923848396488,0.2024228671314416,0.5320374865493857
SR-ARE,123,atompair,RF+XGB,averaging,,0.6093190861089562,0.3483935286449661,0.1729327373985669,0.5379077934319294
SR-ARE,123,atompair,RF+XGB,voting,,0.5544530917644704,0.2763460703832985,0.1587529178065858,0.5538483354604072
SR-ARE,123,atompair,RF+XGB,lr_none,,0.6208970412819166,0.3608449539024025,0.149405701904682,0.5241923375290909
SR-ARE,123,atompair,RF+XGB,lr_l2,0.1,0.6068917194264407,0.3468962704618559,0.0,0.5
SR-ARE,123,atompair,RF+XGB,lr_l2,1.0,0.616275868972248,0.3554112978383329,0.1264130632661289,0.515183553965116
SR-ARE,123,atompair,RF+XGB,lr_l2,10.0,0.6207135290241319,0.3594779448495453,0.1480454578337077,0.5228764712261121
SR-ARE,123,atompair,XGB+GCN,averaging,,0.6239667008666784,0.3680825828940291,0.1636347336988315,0.5313284619170358
SR-ARE,123,atompair,XGB+GCN,voting,,0.5553122627895531,0.2685646606006804,0.1612427588287169,0.555164201763386
SR-ARE,123,atompair,XGB+GCN,lr_none,,0.6334759724064296,0.3763737878985175,0.1677842912867465,0.5305693884871082
SR-ARE,123,atompair,XGB+GCN,lr_l2,0.1,0.618202747678987,0.3650719978786026,0.0,0.5
SR-ARE,123,atompair,XGB+GCN,lr_l2,1.0,0.6282542145258294,0.373794072406698,0.1647742307572966,0.5213583243662572
SR-ARE,123,atompair,XGB+GCN,lr_l2,10.0,0.6327460941084224,0.3757811172912059,0.1677842912867465,0.5305693884871082
SR-ARE,123,atompair,RF+XGB+GCN,averaging,,0.6353236071836708,0.3746792532359946,0.1579336483904978,0.5181697988872485
SR-ARE,123,atompair,RF+XGB+GCN,voting,,0.5558064946656324,0.2767249454198586,0.1161602871969932,0.5106791621831286
SR-ARE,123,atompair,RF+XGB+GCN,lr_none,,0.6492955631740948,0.3844352828129478,0.1870222426893337,0.532239767106262
SR-ARE,123,atompair,RF+XGB+GCN,lr_l2,0.1,0.6282625559920922,0.3679906266623892,0.0,0.5
SR-ARE,123,atompair,RF+XGB+GCN,lr_l2,1.0,0.6438110491062119,0.3810511129816707,0.172077526990021,0.5245468498452658
SR-ARE,123,atompair,RF+XGB+GCN,lr_l2,10.0,0.6498002218830026,0.3853564879949788,0.1797127064415906,0.530367107930232
SR-ARE,999,morgan,RF_only,single,,0.6365352051583628,0.3479731974137889,0.1263679249629065,0.5138676876621373
SR-ARE,999,morgan,XGB_only,single,,0.5902525795984418,0.3129079098682015,0.1418933802712023,0.5577938490027777
SR-ARE,999,Graph,GCN_only,single,,0.6162383323740646,0.3150512718593287,0.0748081841871513,0.5143222975734675
SR-ARE,999,morgan,RF+GCN,averaging,,0.6444324883428009,0.3549004103957325,0.0748904325340414,0.5063770509580174
SR-ARE,999,morgan,RF+GCN,voting,,0.520461616742991,0.2509845525710887,0.1323232191485419,0.520447019177031
SR-ARE,999,morgan,RF+GCN,lr_none,,0.6462300743224643,0.3593236572589259,0.0953201266514427,0.5201425556584336
SR-ARE,999,morgan,RF+GCN,lr_l2,0.1,0.6476272699215068,0.3597394096772144,0.0,0.5
SR-ARE,999,morgan,RF+GCN,lr_l2,1.0,0.6482987579556734,0.3604825658257184,0.089803725452766,0.5116405161699323
SR-ARE,999,morgan,RF+GCN,lr_l2,10.0,0.6469474404210772,0.3596849307834926,0.1032547415197778,0.5212561414045361
SR-ARE,999,morgan,RF+XGB,averaging,,0.6173206376216812,0.3374551318097691,0.0882258784743941,0.5197880433422587
SR-ARE,999,morgan,RF+XGB,voting,,0.5589741664789837,0.2734540390998639,0.1418933802712023,0.5577938490027777
SR-ARE,999,morgan,RF+XGB,lr_none,,0.6312759106795792,0.3465572141190574,0.1128767054064428,0.521610653720711
SR-ARE,999,morgan,RF+XGB,lr_l2,0.1,0.6187887356839584,0.339026617529319,0.0,0.5
SR-ARE,999,morgan,RF+XGB,lr_l2,1.0,0.6353173510839736,0.3507109934158315,0.1170507085099413,0.5146267610920647
SR-ARE,999,morgan,RF+XGB,lr_l2,10.0,0.6354716682098379,0.3496772708002857,0.1196064079676214,0.5214083731638347
SR-ARE,999,morgan,XGB+GCN,averaging,,0.6173894547183504,0.3313278886065293,0.0953517893577861,0.5209016290883611
SR-ARE,999,morgan,XGB+GCN,voting,,0.561497460023523,0.2685802282951676,0.1485416797817643,0.5609823744817863
SR-ARE,999,morgan,XGB+GCN,lr_none,,0.6189451381763886,0.332402841133546,0.0987801987094659,0.516347188508796
SR-ARE,999,morgan,XGB+GCN,lr_l2,0.1,0.611500379536715,0.3276417522825512,0.0,0.5
SR-ARE,999,morgan,XGB+GCN,lr_l2,1.0,0.6159463810548618,0.3301591651783646,0.0451895054316416,0.5047066723388637
SR-ARE,999,morgan,XGB+GCN,lr_l2,10.0,0.6185072111975843,0.332062228054227,0.0893909987863458,0.5144745293327662
SR-ARE,999,morgan,RF+XGB+GCN,averaging,,0.6334384358082464,0.3487789843308755,0.0796225597914015,0.5126018701567362
SR-ARE,999,morgan,RF+XGB+GCN,voting,,0.5624900945088128,0.2775025183749622,0.1209849301987438,0.5172584936980222
SR-ARE,999,morgan,RF+XGB+GCN,lr_none,,0.6412960970279356,0.353191050301529,0.1102795632905962,0.5238878740104935
SR-ARE,999,morgan,RF+XGB+GCN,lr_l2,0.1,0.6320579231417299,0.3481634416917482,0.0,0.5
SR-ARE,999,morgan,RF+XGB+GCN,lr_l2,1.0,0.6464511231784322,0.361687946155404,0.1039540646016514,0.514829041648941
SR-ARE,999,morgan,RF+XGB+GCN,lr_l2,10.0,0.6449329763185773,0.3577110194193837,0.1068169635443851,0.5225720077075148
SR-ARE,999,maccs,RF_only,single,,0.6601415546824821,0.3713751014787537,0.116600980463376,0.5180175671279498
SR-ARE,999,maccs,XGB_only,single,,0.6325625818506376,0.3410053409970881,0.1827222885173914,0.5901316283376292
SR-ARE,999,Graph,GCN_only,single,,0.6162383323740646,0.3150512718593287,0.0748081841871513,0.5143222975734675
SR-ARE,999,maccs,RF+GCN,averaging,,0.6637805193396895,0.3663895331634207,0.127767051120151,0.5125518213591586
SR-ARE,999,maccs,RF+GCN,voting,,0.5283422169949034,0.2551274091398627,0.1457698374062607,0.5283422169949034
SR-ARE,999,maccs,RF+GCN,lr_none,,0.6699740580399223,0.3739737225886937,0.1193784452943077,0.5242423863266685
SR-ARE,999,maccs,RF+GCN,lr_l2,0.1,0.6700908385676034,0.3744746959520145,0.0,0.5
SR-ARE,999,maccs,RF+GCN,lr_l2,1.0,0.6701742532302328,0.3745548930636885,0.1232731642926089,0.518574360001001
SR-ARE,999,maccs,RF+GCN,lr_l2,10.0,0.6701033507669979,0.3736119272888488,0.116166726190975,0.5229265200236898
SR-ARE,999,maccs,RF+XGB,averaging,,0.6516186615283234,0.3617647830507928,0.1648837037465323,0.5602754352160023
SR-ARE,999,maccs,RF+XGB,voting,,0.5922274217361928,0.2922296601566426,0.1813411298458108,0.589574835464578
SR-ARE,999,maccs,RF+XGB,lr_none,,0.6635261046186699,0.3741749613799294,0.1238483829565159,0.5247991791997197
SR-ARE,999,maccs,RF+XGB,lr_l2,0.1,0.6496333925577437,0.3601793586415164,0.0,0.5
SR-ARE,999,maccs,RF+XGB,lr_l2,1.0,0.6567778584119517,0.3674009594571866,0.1222026657866111,0.5206492997339072
SR-ARE,999,maccs,RF+XGB,lr_l2,10.0,0.6625668359984318,0.3729739338849152,0.1207794966545435,0.523483312896741
SR-ARE,999,maccs,XGB+GCN,averaging,,0.6564733948933544,0.362880534945125,0.1143366581333016,0.5377534763060651
SR-ARE,999,maccs,XGB+GCN,voting,,0.595034325133672,0.2881278173493499,0.1891630871809191,0.5940792272465654
SR-ARE,999,maccs,XGB+GCN,lr_none,,0.655218004220782,0.3620550529072227,0.0914533313490193,0.5188266893554548
SR-ARE,999,maccs,XGB+GCN,lr_l2,0.1,0.6474812942619054,0.3554410308289651,0.0,0.5
SR-ARE,999,maccs,XGB+GCN,lr_l2,1.0,0.6526530033449279,0.3590088619873331,0.113460506337547,0.5187766405578772
SR-ARE,999,maccs,XGB+GCN,lr_l2,10.0,0.6550720285611806,0.3614055373855473,0.0954514106675777,0.5193834822285062
SR-ARE,999,maccs,RF+XGB+GCN,averaging,,0.6694527163984885,0.3757560333774292,0.1027419113930501,0.5242924351242462
SR-ARE,999,maccs,RF+XGB+GCN,voting,,0.5971697404969845,0.2991311022166497,0.144742634785115,0.5249514109590183
SR-ARE,999,maccs,RF+XGB+GCN,lr_none,,0.6768015481761384,0.3807212040632849,0.1193784452943077,0.5242423863266685
SR-ARE,999,maccs,RF+XGB+GCN,lr_l2,0.1,0.6616659576420343,0.3695488319104617,0.0537534133827846,0.50187265917603
SR-ARE,999,maccs,RF+XGB+GCN,lr_l2,1.0,0.6729853273608435,0.3781850272446088,0.1078251556228662,0.518219847684826
SR-ARE,999,maccs,RF+XGB+GCN,lr_l2,10.0,0.676593011519565,0.3804046248915391,0.116166726190975,0.5229265200236898
SR-ARE,999,atompair,RF_only,single,,0.64102499937439,0.362469438162906,0.1161602871969932,0.5106791621831286
SR-ARE,999,atompair,XGB_only,single,,0.5922190802699299,0.339043105190944,0.1587529178065858,0.5538483354604072
SR-ARE,999,Graph,GCN_only,single,,0.6162383323740646,0.3150512718593287,0.0748081841871513,0.5143222975734675
SR-ARE,999,atompair,RF+GCN,averaging,,0.6384328887331816,0.3696801842925671,0.093183732229365,0.5056179775280899
SR-ARE,999,atompair,RF+GCN,voting,,0.5154108589207812,0.2468180868335181,0.1111283449027498,0.5153858345219923
SR-ARE,999,atompair,RF+GCN,lr_none,,0.6454689155259712,0.3752506531652555,0.1249999240538757,0.5219651660368859
SR-ARE,999,atompair,RF+GCN,lr_l2,0.1,0.6410145725415614,0.3723607971054519,0.0,0.5
SR-ARE,999,atompair,RF+GCN,lr_l2,1.0,0.6441759882552155,0.3765644622444047,0.1263679249629065,0.5138676876621373
SR-ARE,999,atompair,RF+GCN,lr_l2,10.0,0.6455189643235487,0.3760367677317461,0.1428211215937093,0.5236355446560397
SR-ARE,999,atompair,RF+XGB,averaging,,0.614190502406513,0.3505859112703816,0.1691018915577078,0.535276060825972
SR-ARE,999,atompair,RF+XGB,voting,,0.5543571649024466,0.2732249717565819,0.1587529178065858,0.5538483354604072
SR-ARE,999,atompair,RF+XGB,lr_none,,0.6401241210179925,0.3649317147972478,0.1281408139656282,0.5212060926069584
SR-ARE,999,atompair,RF+XGB,lr_l2,0.1,0.610737135373656,0.3481131736106282,0.0,0.5
SR-ARE,999,atompair,RF+XGB,lr_l2,1.0,0.6254347989289557,0.3589763140620015,0.128675718420194,0.5178152865710735
SR-ARE,999,atompair,RF+XGB,lr_l2,10.0,0.6386560229557151,0.365325437806085,0.1193983503455139,0.5193334334309284
SR-ARE,999,atompair,XGB+GCN,averaging,,0.6116129893312646,0.3599964551958116,0.1504603822028117,0.5309739496008609
SR-ARE,999,atompair,XGB+GCN,voting,,0.5593954105252621,0.2732778654211359,0.1685678652179226,0.5591118006723221
SR-ARE,999,atompair,XGB+GCN,lr_none,,0.6142113560721705,0.362471188564798,0.1729290400545941,0.5298103150571808
SR-ARE,999,atompair,XGB+GCN,lr_l2,0.1,0.6064162558494531,0.3559741488803037,0.0,0.5
SR-ARE,999,atompair,XGB+GCN,lr_l2,1.0,0.6113919404752968,0.3598389715595899,0.1966237663590032,0.5288489610703769
SR-ARE,999,atompair,XGB+GCN,lr_l2,10.0,0.6137942827590235,0.3621078157252478,0.1797127064415906,0.530367107930232
SR-ARE,999,atompair,RF+XGB+GCN,averaging,,0.6246173352351877,0.3667962437510124,0.1469490473027132,0.5215606049231334
SR-ARE,999,atompair,RF+XGB+GCN,voting,,0.559687361844465,0.2785614395249347,0.103037259700484,0.5101223693100774
SR-ARE,999,atompair,RF+XGB+GCN,lr_none,,0.6456920497485048,0.3756053208697983,0.1249999240538757,0.5219651660368859
SR-ARE,999,atompair,RF+XGB+GCN,lr_l2,0.1,0.6194873334834796,0.3631337331274621,0.0,0.5
SR-ARE,999,atompair,RF+XGB+GCN,lr_l2,1.0,0.6346354362169782,0.3740145107317789,0.1635072869881432,0.5239900569722146
SR-ARE,999,atompair,RF+XGB+GCN,lr_l2,10.0,0.6449288055854457,0.3768235236766758,0.1249999240538757,0.5219651660368859
SR-ATAD5,42,morgan,RF_only,single,,0.6449376776732998,0.1545630529403357,0.0,0.5
SR-ATAD5,42,morgan,XGB_only,single,,0.6460529193089875,0.1262121426436167,0.0789894740236837,0.5347419636999782
SR-ATAD5,42,Graph,GCN_only,single,,0.6569538596107589,0.0853584104537896,0.0035007139087331,0.5013229827246883
SR-ATAD5,42,morgan,RF+GCN,averaging,,0.703433194839274,0.1035619775059718,0.0,0.5
SR-ATAD5,42,morgan,RF+GCN,voting,,0.5,0.0481245576786978,0.0,0.5
SR-ATAD5,42,morgan,RF+GCN,lr_none,,0.6744041110868139,0.1597505160352222,0.0,0.5
SR-ATAD5,42,morgan,RF+GCN,lr_l2,0.1,0.7041876230045923,0.1036449055826162,0.0,0.5
SR-ATAD5,42,morgan,RF+GCN,lr_l2,1.0,0.7036300021867483,0.1035915690631538,0.0,0.5
SR-ATAD5,42,morgan,RF+GCN,lr_l2,10.0,0.6841898097528974,0.1541022747750172,0.0,0.5
SR-ATAD5,42,morgan,RF+XGB,averaging,,0.6705445003280122,0.1472398525626374,0.1887228170424008,0.5286682702820905
SR-ATAD5,42,morgan,RF+XGB,voting,,0.5347419636999782,0.0570280251574743,0.0789894740236837,0.5347419636999782
SR-ATAD5,42,morgan,RF+XGB,lr_none,,0.6768314017056638,0.1615842813469077,0.0,0.5
SR-ATAD5,42,morgan,RF+XGB,lr_l2,0.1,0.6594467526787667,0.1355185379708431,0.0,0.5
SR-ATAD5,42,morgan,RF+XGB,lr_l2,1.0,0.6636343756833588,0.1389489644210063,0.0,0.5
SR-ATAD5,42,morgan,RF+XGB,lr_l2,10.0,0.6721408265908595,0.1503994962254394,0.0,0.5
SR-ATAD5,42,morgan,XGB+GCN,averaging,,0.6701946205991692,0.1288232141634333,0.0,0.5
SR-ATAD5,42,morgan,XGB+GCN,voting,,0.5347419636999782,0.0570280251574743,0.0789894740236837,0.5347419636999782
SR-ATAD5,42,morgan,XGB+GCN,lr_none,,0.6699431445440629,0.1296101490476899,0.0,0.5
SR-ATAD5,42,morgan,XGB+GCN,lr_l2,0.1,0.6639623879291493,0.1287101415450459,0.0,0.5
SR-ATAD5,42,morgan,XGB+GCN,lr_l2,1.0,0.666728624535316,0.1310437856254933,0.0,0.5
SR-ATAD5,42,morgan,XGB+GCN,lr_l2,10.0,0.6700524819593265,0.1308425128319857,0.0,0.5
SR-ATAD5,42,morgan,RF+XGB+GCN,averaging,,0.6900284277279685,0.1641180767488194,0.0,0.5
SR-ATAD5,42,morgan,RF+XGB+GCN,voting,,0.5347419636999782,0.0570280251574743,0.0,0.5
SR-ATAD5,42,morgan,RF+XGB+GCN,lr_none,,0.6955390334572492,0.168048478841662,0.0,0.5
SR-ATAD5,42,morgan,RF+XGB+GCN,lr_l2,0.1,0.6736387491799694,0.1397799928894427,0.0,0.5
SR-ATAD5,42,morgan,RF+XGB+GCN,lr_l2,1.0,0.6788978788541439,0.1449293589611849,0.0,0.5
SR-ATAD5,42,morgan,RF+XGB+GCN,lr_l2,10.0,0.6902361688169691,0.164744647079017,0.0,0.5
SR-ATAD5,42,maccs,RF_only,single,,0.6837196588672643,0.1597535221799997,0.1183557433601581,0.5073529411764706
SR-ATAD5,42,maccs,XGB_only,single,,0.6832440411108682,0.1670535075417609,0.1734461739140478,0.5891045265689919
SR-ATAD5,42,Graph,GCN_only,single,,0.6569538596107589,0.0853584104537896,0.0035007139087331,0.5013229827246883
SR-ATAD5,42,maccs,RF+GCN,averaging,,0.7077082877760771,0.1322629112177203,0.0,0.5
SR-ATAD5,42,maccs,RF+GCN,voting,,0.5073529411764706,0.0621227259481287,0.1183557433601581,0.5073529411764706
SR-ATAD5,42,maccs,RF+GCN,lr_none,,0.7070741307675487,0.1630070794902744,0.1183557433601581,0.5073529411764706
SR-ATAD5,42,maccs,RF+GCN,lr_l2,0.1,0.7112180188060355,0.1498394262522087,0.0,0.5
SR-ATAD5,42,maccs,RF+GCN,lr_l2,1.0,0.7111086813907721,0.1541518667157501,0.0,0.5
SR-ATAD5,42,maccs,RF+GCN,lr_l2,10.0,0.7077848239667615,0.1621913644543375,0.1183557433601581,0.5073529411764706
SR-ATAD5,42,maccs,RF+XGB,averaging,,0.6993822436037611,0.1669272404921564,0.14443283044431,0.5334189809752897
SR-ATAD5,42,maccs,RF+XGB,voting,,0.589416138202493,0.0951068856417301,0.1734461739140478,0.5891045265689919
SR-ATAD5,42,maccs,RF+XGB,lr_none,,0.696473868357752,0.1738581860741085,0.1183557433601581,0.5073529411764706
SR-ATAD5,42,maccs,RF+XGB,lr_l2,0.1,0.6968456155696477,0.1666061742027522,0.0,0.5
SR-ATAD5,42,maccs,RF+XGB,lr_l2,1.0,0.6989339602011807,0.1674915024562356,0.0,0.5
SR-ATAD5,42,maccs,RF+XGB,lr_l2,10.0,0.698441941832495,0.1708807436661,0.1183557433601581,0.5073529411764706
SR-ATAD5,42,maccs,XGB+GCN,averaging,,0.703214520008747,0.1672115545298868,0.1333051430124866,0.5143341351410452
SR-ATAD5,42,maccs,XGB+GCN,voting,,0.5891045265689919,0.083464728778985,0.1734461739140478,0.5891045265689919
SR-ATAD5,42,maccs,XGB+GCN,lr_none,,0.7022960857205336,0.1681023319112137,0.0,0.5
SR-ATAD5,42,maccs,XGB+GCN,lr_l2,0.1,0.6984583424447846,0.1694114753587722,0.0,0.5
SR-ATAD5,42,maccs,XGB+GCN,lr_l2,1.0,0.7001421386398424,0.1701704223738546,0.0,0.5
SR-ATAD5,42,maccs,XGB+GCN,lr_l2,10.0,0.7010496391865296,0.1652570723745592,0.0,0.5
SR-ATAD5,42,maccs,RF+XGB+GCN,averaging,,0.7116663022086157,0.1758562309063336,0.1183557433601581,0.5073529411764706
SR-ATAD5,42,maccs,RF+XGB+GCN,voting,,0.589416138202493,0.0951068856417301,0.1183557433601581,0.5073529411764706
SR-ATAD5,42,maccs,RF+XGB+GCN,lr_none,,0.7134375683358846,0.176615318384808,0.1183557433601581,0.5073529411764706
SR-ATAD5,42,maccs,RF+XGB+GCN,lr_l2,0.1,0.7069538596107589,0.1705640755852802,0.0,0.5
SR-ATAD5,42,maccs,RF+XGB+GCN,lr_l2,1.0,0.710080909687295,0.1704922509650334,0.0,0.5
SR-ATAD5,42,maccs,RF+XGB+GCN,lr_l2,10.0,0.713448502077411,0.1762011656449649,0.1183557433601581,0.5073529411764706
SR-ATAD5,42,atompair,RF_only,single,,0.7441613820249289,0.1875394479473217,0.1183557433601581,0.5073529411764706
SR-ATAD5,42,atompair,XGB_only,single,,0.7023070194620599,0.1708077693625449,0.1701986630161846,0.5634922370435163
SR-ATAD5,42,Graph,GCN_only,single,,0.6569538596107589,0.0853584104537896,0.0035007139087331,0.5013229827246883
SR-ATAD5,42,atompair,RF+GCN,averaging,,0.731303301989941,0.1332051522031122,0.0,0.5
SR-ATAD5,42,atompair,RF+GCN,voting,,0.5073529411764706,0.0621227259481287,0.1183557433601581,0.5073529411764706
SR-ATAD5,42,atompair,RF+GCN,lr_none,,0.744412858080035,0.1863438382810045,0.1183557433601581,0.5073529411764706
SR-ATAD5,42,atompair,RF+GCN,lr_l2,0.1,0.7387601137109119,0.1489109640401543,0.0,0.5
SR-ATAD5,42,atompair,RF+GCN,lr_l2,1.0,0.7401377651432319,0.1523451979243857,0.0,0.5
SR-ATAD5,42,atompair,RF+GCN,lr_l2,10.0,0.7429914716816095,0.1757903347707345,0.1183557433601581,0.5073529411764706
SR-ATAD5,42,atompair,RF+XGB,averaging,,0.7208834463153292,0.1769999481613457,0.106690843440559,0.5198283402580363
SR-ATAD5,42,atompair,RF+XGB,voting,,0.5636398425541219,0.0915243643793662,0.1701986630161846,0.5634922370435163
SR-ATAD5,42,atompair,RF+XGB,lr_none,,0.7345068882571616,0.190750217111579,0.1183557433601581,0.5073529411764706
SR-ATAD5,42,atompair,RF+XGB,lr_l2,0.1,0.7147933522851521,0.1706113254172299,0.0,0.5
SR-ATAD5,42,atompair,RF+XGB,lr_l2,1.0,0.7170894380056856,0.1728968985381772,0.0,0.5
SR-ATAD5,42,atompair,RF+XGB,lr_l2,10.0,0.7251694729936584,0.1796827769433551,0.1183557433601581,0.5073529411764706
SR-ATAD5,42,atompair,XGB+GCN,averaging,,0.7127050076536191,0.162926361592468,0.0794871259016056,0.5069811939645746
SR-ATAD5,42,atompair,XGB+GCN,voting,,0.5634922370435163,0.0807930448245172,0.1701986630161846,0.5634922370435163
SR-ATAD5,42,atompair,XGB+GCN,lr_none,,0.712486332823092,0.1660885605086973,0.0,0.5
SR-ATAD5,42,atompair,XGB+GCN,lr_l2,0.1,0.7097966324076099,0.1693306785226018,0.0,0.5
SR-ATAD5,42,atompair,XGB+GCN,lr_l2,1.0,0.7118303083315111,0.1700402102629895,0.0,0.5
SR-ATAD5,42,atompair,XGB+GCN,lr_l2,10.0,0.7125191340476712,0.1685040930001436,0.0,0.5
SR-ATAD5,42,atompair,RF+XGB+GCN,averaging,,0.725311611633501,0.1722304985330371,0.1183557433601581,0.5073529411764706
SR-ATAD5,42,atompair,RF+XGB+GCN,voting,,0.5636398425541219,0.0915243643793662,0.1183557433601581,0.5073529411764706
SR-ATAD5,42,atompair,RF+XGB+GCN,lr_none,,0.7348677017275311,0.1861175786773008,0.1183557433601581,0.5073529411764706
SR-ATAD5,42,atompair,RF+XGB+GCN,lr_l2,0.1,0.7192105838617975,0.171524478035887,0.0,0.5
SR-ATAD5,42,atompair,RF+XGB+GCN,lr_l2,1.0,0.7228187185654931,0.1755360960355932,0.0,0.5
SR-ATAD5,42,atompair,RF+XGB+GCN,lr_l2,10.0,0.7277935709599825,0.1772240048364313,0.1183557433601581,0.5073529411764706
SR-ATAD5,1,morgan,RF_only,single,,0.6479553903345725,0.163002222875491,0.0,0.5
SR-ATAD5,1,morgan,XGB_only,single,,0.6460529193089875,0.1262121426436167,0.0789894740236837,0.5347419636999782
SR-ATAD5,1,Graph,GCN_only,single,,0.6284714629346163,0.0695484673598337,0.0035007139087331,0.5013229827246883
SR-ATAD5,1,morgan,RF+GCN,averaging,,0.6727968510824405,0.0961744528433043,0.0,0.5
SR-ATAD5,1,morgan,RF+GCN,voting,,0.5,0.0481245576786978,0.0,0.5
SR-ATAD5,1,morgan,RF+GCN,lr_none,,0.6735731467308114,0.1704362731369379,0.0,0.5
SR-ATAD5,1,morgan,RF+GCN,lr_l2,0.1,0.6709162475399082,0.0950049304723713,0.0,0.5
SR-ATAD5,1,morgan,RF+GCN,lr_l2,1.0,0.6721080253662803,0.0954722492900934,0.0,0.5
SR-ATAD5,1,morgan,RF+GCN,lr_l2,10.0,0.6762737808878198,0.1639182756530348,0.0,0.5
SR-ATAD5,1,morgan,RF+XGB,averaging,,0.6729280559807566,0.1543710587706148,0.1747274383075273,0.5216870763175159
SR-ATAD5,1,morgan,RF+XGB,voting,,0.5347419636999782,0.0570280251574743,0.0789894740236837,0.5347419636999782
SR-ATAD5,1,morgan,RF+XGB,lr_none,,0.6844631532910561,0.1745069541345112,0.0,0.5
SR-ATAD5,1,morgan,RF+XGB,lr_l2,0.1,0.6616116335009842,0.1379558382740662,0.0,0.5
SR-ATAD5,1,morgan,RF+XGB,lr_l2,1.0,0.6668707631751586,0.144779467841461,0.0,0.5
SR-ATAD5,1,morgan,RF+XGB,lr_l2,10.0,0.6785151979007217,0.1644775427343114,0.0,0.5
SR-ATAD5,1,morgan,XGB+GCN,averaging,,0.6696807347474306,0.1206418055993454,0.1124915244359528,0.5139623879291493
SR-ATAD5,1,morgan,XGB+GCN,voting,,0.5347419636999782,0.0570280251574743,0.0789894740236837,0.5347419636999782
SR-ATAD5,1,morgan,XGB+GCN,lr_none,,0.6696041985567462,0.1205897712826399,0.0,0.5
SR-ATAD5,1,morgan,XGB+GCN,lr_l2,0.1,0.6655915154165755,0.1287746978829382,0.0,0.5
SR-ATAD5,1,morgan,XGB+GCN,lr_l2,1.0,0.6683577520227421,0.1303716053047942,0.0,0.5
SR-ATAD5,1,morgan,XGB+GCN,lr_l2,10.0,0.6694292586923245,0.1220044493808463,0.0,0.5
SR-ATAD5,1,morgan,RF+XGB+GCN,averaging,,0.6855455937021648,0.1576171089231731,0.0,0.5
SR-ATAD5,1,morgan,RF+XGB+GCN,voting,,0.5347419636999782,0.0570280251574743,0.0,0.5
SR-ATAD5,1,morgan,RF+XGB+GCN,lr_none,,0.6954952984911437,0.176506738050491,0.0,0.5
SR-ATAD5,1,morgan,RF+XGB+GCN,lr_l2,0.1,0.6739339602011808,0.1427213756083796,0.0,0.5
SR-ATAD5,1,morgan,RF+XGB+GCN,lr_l2,1.0,0.6801771266127268,0.1527854341737354,0.0,0.5
SR-ATAD5,1,morgan,RF+XGB+GCN,lr_l2,10.0,0.6920183686857642,0.1705869999846758,0.0,0.5
SR-ATAD5,1,maccs,RF_only,single,,0.6598458342444785,0.151776652733654,0.1183557433601581,0.5073529411764706
SR-ATAD5,1,maccs,XGB_only,single,,0.6832440411108682,0.1670535075417609,0.1734461739140478,0.5891045265689919
SR-ATAD5,1,Graph,GCN_only,single,,0.6284714629346163,0.0695484673598337,0.0035007139087331,0.5013229827246883
SR-ATAD5,1,maccs,RF+GCN,averaging,,0.6777443691231139,0.1265281064463038,0.0,0.5
SR-ATAD5,1,maccs,RF+GCN,voting,,0.5073529411764706,0.0621227259481287,0.1183557433601581,0.5073529411764706
SR-ATAD5,1,maccs,RF+GCN,lr_none,,0.6839984692761862,0.1539063126375154,0.1183557433601581,0.5073529411764706
SR-ATAD5,1,maccs,RF+GCN,lr_l2,0.1,0.6823474743057075,0.1348162827382761,0.0,0.5
SR-ATAD5,1,maccs,RF+GCN,lr_l2,1.0,0.6840750054668707,0.1431333007850242,0.0,0.5
SR-ATAD5,1,maccs,RF+GCN,lr_l2,10.0,0.68467636125082,0.15311354563352,0.1183557433601581,0.5073529411764706
SR-ATAD5,1,maccs,RF+XGB,averaging,,0.6867537721408266,0.1628588621492883,0.1321933056982467,0.5326754865514979
SR-ATAD5,1,maccs,RF+XGB,voting,,0.589416138202493,0.0951068856417301,0.1734461739140478,0.5891045265689919
SR-ATAD5,1,maccs,RF+XGB,lr_none,,0.6792204242291713,0.1641853525159557,0.1183557433601581,0.5073529411764706
SR-ATAD5,1,maccs,RF+XGB,lr_l2,0.1,0.6871801880603542,0.1629950927575101,0.0,0.5
SR-ATAD5,1,maccs,RF+XGB,lr_l2,1.0,0.6865241635687731,0.1642468557849372,0.0,0.5
SR-ATAD5,1,maccs,RF+XGB,lr_l2,10.0,0.6831019024710256,0.164868039337828,0.1183557433601581,0.5073529411764706
SR-ATAD5,1,maccs,XGB+GCN,averaging,,0.6910015307238138,0.1658427589906749,0.1782446352904981,0.5349059698228734
SR-ATAD5,1,maccs,XGB+GCN,voting,,0.5891045265689919,0.083464728778985,0.1734461739140478,0.5891045265689919
SR-ATAD5,1,maccs,XGB+GCN,lr_none,,0.6912967417450251,0.1715871054940306,0.0,0.5
SR-ATAD5,1,maccs,XGB+GCN,lr_l2,0.1,0.6971353597200962,0.1700481308592842,0.0,0.5
SR-ATAD5,1,maccs,XGB+GCN,lr_l2,1.0,0.6962606603979882,0.1713325701636247,0.0,0.5
SR-ATAD5,1,maccs,XGB+GCN,lr_l2,10.0,0.6924447846052919,0.1730541829152603,0.0,0.5
SR-ATAD5,1,maccs,RF+XGB+GCN,averaging,,0.6936693636562432,0.1704463940912321,0.1183557433601581,0.5073529411764706
SR-ATAD5,1,maccs,RF+XGB+GCN,voting,,0.589416138202493,0.0951068856417301,0.1183557433601581,0.5073529411764706
SR-ATAD5,1,maccs,RF+XGB+GCN,lr_none,,0.6922370435162913,0.1645749006560421,0.1183557433601581,0.5073529411764706
SR-ATAD5,1,maccs,RF+XGB+GCN,lr_l2,0.1,0.6979663240760987,0.1717782006992306,0.0,0.5
SR-ATAD5,1,maccs,RF+XGB+GCN,lr_l2,1.0,0.6970588235294118,0.167075944194132,0.0,0.5
SR-ATAD5,1,maccs,RF+XGB+GCN,lr_l2,10.0,0.694292586923245,0.1705252485488489,0.1183557433601581,0.5073529411764706
SR-ATAD5,1,atompair,RF_only,single,,0.6883500984036737,0.1917754854605992,0.1183557433601581,0.5073529411764706
SR-ATAD5,1,atompair,XGB_only,single,,0.7023070194620599,0.1708077693625449,0.1701986630161846,0.5634922370435163
SR-ATAD5,1,Graph,GCN_only,single,,0.6284714629346163,0.0695484673598337,0.0035007139087331,0.5013229827246883
SR-ATAD5,1,atompair,RF+GCN,averaging,,0.6914279466433414,0.125276514884723,0.0,0.5
SR-ATAD5,1,atompair,RF+GCN,voting,,0.5073529411764706,0.0621227259481287,0.1183557433601581,0.5073529411764706
SR-ATAD5,1,atompair,RF+GCN,lr_none,,0.708550185873606,0.1826787713653966,0.1183557433601581,0.5073529411764706
SR-ATAD5,1,atompair,RF+GCN,lr_l2,0.1,0.6957030395801445,0.1301535824258795,0.0,0.5
SR-ATAD5,1,atompair,RF+GCN,lr_l2,1.0,0.7004592171441069,0.1375744869814298,0.0,0.5
SR-ATAD5,1,atompair,RF+GCN,lr_l2,10.0,0.7093155477804506,0.1752746210813577,0.1183557433601581,0.5073529411764706
SR-ATAD5,1,atompair,RF+XGB,averaging,,0.6948283402580363,0.1746607199695526,0.0711732644835675,0.5124753990815657
SR-ATAD5,1,atompair,RF+XGB,voting,,0.5636398425541219,0.0915243643793662,0.1701986630161846,0.5634922370435163
SR-ATAD5,1,atompair,RF+XGB,lr_none,,0.6921823748086595,0.1822627322465351,0.1183557433601581,0.5073529411764706
SR-ATAD5,1,atompair,RF+XGB,lr_l2,0.1,0.6992018368685764,0.1696466731835119,0.0,0.5
SR-ATAD5,1,atompair,RF+XGB,lr_l2,1.0,0.6981521976820468,0.1711067015154596,0.0,0.5
SR-ATAD5,1,atompair,RF+XGB,lr_l2,10.0,0.6933632188935053,0.1768456986759614,0.1183557433601581,0.5073529411764706
SR-ATAD5,1,atompair,XGB+GCN,averaging,,0.7054778045047013,0.1606906030198241,0.1124915244359528,0.5139623879291493
SR-ATAD5,1,atompair,XGB+GCN,voting,,0.5634922370435163,0.0807930448245172,0.1701986630161846,0.5634922370435163
SR-ATAD5,1,atompair,XGB+GCN,lr_none,,0.7066149136234419,0.1625223583185329,0.0,0.5
SR-ATAD5,1,atompair,XGB+GCN,lr_l2,0.1,0.70898753553466,0.166732367504818,0.0,0.5
SR-ATAD5,1,atompair,XGB+GCN,lr_l2,1.0,0.708429914716816,0.1660007088724684,0.0,0.5
SR-ATAD5,1,atompair,XGB+GCN,lr_l2,10.0,0.7072272031489175,0.163580773921157,0.0,0.5
SR-ATAD5,1,atompair,RF+XGB+GCN,averaging,,0.7089000656024491,0.1690088235176366,0.1183557433601581,0.5073529411764706
SR-ATAD5,1,atompair,RF+XGB+GCN,voting,,0.5636398425541219,0.0915243643793662,0.1183557433601581,0.5073529411764706
SR-ATAD5,1,atompair,RF+XGB+GCN,lr_none,,0.7111305488738248,0.1773879080354855,0.1183557433601581,0.5073529411764706
SR-ATAD5,1,atompair,RF+XGB+GCN,lr_l2,0.1,0.7092171441067133,0.1704727513066841,0.0,0.5
SR-ATAD5,1,atompair,RF+XGB+GCN,lr_l2,1.0,0.7091952766236607,0.1698341939883992,0.0,0.5
SR-ATAD5,1,atompair,RF+XGB+GCN,lr_l2,10.0,0.7100918434288214,0.1731740270197332,0.1183557433601581,0.5073529411764706
SR-ATAD5,7,morgan,RF_only,single,,0.6486660835337852,0.1779182979306074,0.0,0.5
SR-ATAD5,7,morgan,XGB_only,single,,0.6460529193089875,0.1262121426436167,0.0789894740236837,0.5347419636999782
SR-ATAD5,7,Graph,GCN_only,single,,0.6169144981412639,0.0658413329175844,0.0035007139087331,0.5013229827246883
SR-ATAD5,7,morgan,RF+GCN,averaging,,0.6696807347474306,0.0901187336478017,0.0,0.5
SR-ATAD5,7,morgan,RF+GCN,voting,,0.5,0.0481245576786978,0.0,0.5
SR-ATAD5,7,morgan,RF+GCN,lr_none,,0.6527225016400613,0.1805726044359774,0.0,0.5
SR-ATAD5,7,morgan,RF+GCN,lr_l2,0.1,0.6641045265689919,0.1449598297100328,0.0,0.5
SR-ATAD5,7,morgan,RF+GCN,lr_l2,1.0,0.6637874480647279,0.1457178788749692,0.0,0.5
SR-ATAD5,7,morgan,RF+GCN,lr_l2,10.0,0.6547889787885415,0.1779889214270094,0.0,0.5
SR-ATAD5,7,morgan,RF+XGB,averaging,,0.6646512136453094,0.1572266333568774,0.1747274383075273,0.5216870763175159
SR-ATAD5,7,morgan,RF+XGB,voting,,0.5347419636999782,0.0570280251574743,0.0789894740236837,0.5347419636999782
SR-ATAD5,7,morgan,RF+XGB,lr_none,,0.6737043516291275,0.1723215512460911,0.0,0.5
SR-ATAD5,7,morgan,RF+XGB,lr_l2,0.1,0.6574021430133391,0.138154861051719,0.0,0.5
SR-ATAD5,7,morgan,RF+XGB,lr_l2,1.0,0.6608353378526132,0.1443654473613118,0.0,0.5
SR-ATAD5,7,morgan,RF+XGB,lr_l2,10.0,0.6678329324294773,0.1623687377713298,0.0,0.5
SR-ATAD5,7,morgan,XGB+GCN,averaging,,0.6558714191996501,0.1060204122652289,0.0,0.5
SR-ATAD5,7,morgan,XGB+GCN,voting,,0.5347419636999782,0.0570280251574743,0.0789894740236837,0.5347419636999782
SR-ATAD5,7,morgan,XGB+GCN,lr_none,,0.6583752460091843,0.1158487558340442,0.0,0.5
SR-ATAD5,7,morgan,XGB+GCN,lr_l2,0.1,0.6547233763393834,0.1230792487892011,0.0,0.5
SR-ATAD5,7,morgan,XGB+GCN,lr_l2,1.0,0.6564837087251257,0.1232573279858521,0.0,0.5
SR-ATAD5,7,morgan,XGB+GCN,lr_l2,10.0,0.6578613601574459,0.1160984536508493,0.0,0.5
SR-ATAD5,7,morgan,RF+XGB+GCN,averaging,,0.676470588235294,0.1524340673490192,0.0,0.5
SR-ATAD5,7,morgan,RF+XGB+GCN,voting,,0.5347419636999782,0.0570280251574743,0.0,0.5
SR-ATAD5,7,morgan,RF+XGB+GCN,lr_none,,0.6821123988628908,0.1716950976559904,0.0,0.5
SR-ATAD5,7,morgan,RF+XGB+GCN,lr_l2,0.1,0.6650229608572054,0.138029872044356,0.0,0.5
SR-ATAD5,7,morgan,RF+XGB+GCN,lr_l2,1.0,0.6695495298491144,0.1443073205628591,0.0,0.5
SR-ATAD5,7,morgan,RF+XGB+GCN,lr_l2,10.0,0.6776404985786135,0.1613608073754705,0.0,0.5
SR-ATAD5,7,maccs,RF_only,single,,0.6587251257380276,0.1531617754655331,0.1183557433601581,0.5073529411764706
SR-ATAD5,7,maccs,XGB_only,single,,0.6832440411108682,0.1670535075417609,0.1734461739140478,0.5891045265689919
SR-ATAD5,7,Graph,GCN_only,single,,0.6169144981412639,0.0658413329175844,0.0035007139087331,0.5013229827246883
SR-ATAD5,7,maccs,RF+GCN,averaging,,0.6733380712879947,0.1228886719888449,0.0,0.5
SR-ATAD5,7,maccs,RF+GCN,voting,,0.5073529411764706,0.0621227259481287,0.1183557433601581,0.5073529411764706
SR-ATAD5,7,maccs,RF+GCN,lr_none,,0.6663732779357097,0.155128331857287,0.1674395995891301,0.5147058823529411
SR-ATAD5,7,maccs,RF+GCN,lr_l2,0.1,0.6690520446096655,0.1532921927344879,0.0,0.5
SR-ATAD5,7,maccs,RF+GCN,lr_l2,1.0,0.6686037612070851,0.1537822591713938,0.0,0.5
SR-ATAD5,7,maccs,RF+GCN,lr_l2,10.0,0.666110868139077,0.1551184642180559,0.1183557433601581,0.5073529411764706
SR-ATAD5,7,maccs,RF+XGB,averaging,,0.6903837743275749,0.1668758779735875,0.1321933056982467,0.5326754865514979
SR-ATAD5,7,maccs,RF+XGB,voting,,0.589416138202493,0.0951068856417301,0.1734461739140478,0.5891045265689919
SR-ATAD5,7,maccs,RF+XGB,lr_none,,0.6774054231357969,0.1618621884937624,0.1674395995891301,0.5147058823529411
SR-ATAD5,7,maccs,RF+XGB,lr_l2,0.1,0.6899245571834682,0.1666519148393549,0.0,0.5
SR-ATAD5,7,maccs,RF+XGB,lr_l2,1.0,0.6903619068445223,0.1667189309162673,0.0,0.5
SR-ATAD5,7,maccs,RF+XGB,lr_l2,10.0,0.6843702164880822,0.1664462309125922,0.1183557433601581,0.5073529411764706
SR-ATAD5,7,maccs,XGB+GCN,averaging,,0.6910233982068663,0.1563492802426365,0.0794871259016056,0.5069811939645746
SR-ATAD5,7,maccs,XGB+GCN,voting,,0.5891045265689919,0.083464728778985,0.1734461739140478,0.5891045265689919
SR-ATAD5,7,maccs,XGB+GCN,lr_none,,0.694041110868139,0.1672752596603929,0.0,0.5
SR-ATAD5,7,maccs,XGB+GCN,lr_l2,0.1,0.69182156133829,0.1673605184497474,0.0,0.5
SR-ATAD5,7,maccs,XGB+GCN,lr_l2,1.0,0.6923573146730813,0.1674677563583557,0.0,0.5
SR-ATAD5,7,maccs,XGB+GCN,lr_l2,10.0,0.6934725563087689,0.1673189170690669,0.0,0.5
SR-ATAD5,7,maccs,RF+XGB+GCN,averaging,,0.6961403892411983,0.1645514589791738,0.1183557433601581,0.5073529411764706
SR-ATAD5,7,maccs,RF+XGB+GCN,voting,,0.589416138202493,0.0951068856417301,0.1183557433601581,0.5073529411764706
SR-ATAD5,7,maccs,RF+XGB+GCN,lr_none,,0.683708725125738,0.1613649852440324,0.1674395995891301,0.5147058823529411
SR-ATAD5,7,maccs,RF+XGB+GCN,lr_l2,0.1,0.6964027990378308,0.1666066345071316,0.0,0.5
SR-ATAD5,7,maccs,RF+XGB+GCN,lr_l2,1.0,0.6962278591734091,0.1664925511967807,0.0,0.5
SR-ATAD5,7,maccs,RF+XGB+GCN,lr_l2,10.0,0.6914279466433413,0.1667841842428464,0.1183557433601581,0.5073529411764706
SR-ATAD5,7,atompair,RF_only,single,,0.7221517603323858,0.1833445131850266,0.1183557433601581,0.5073529411764706
SR-ATAD5,7,atompair,XGB_only,single,,0.7023070194620599,0.1708077693625449,0.1701986630161846,0.5634922370435163
SR-ATAD5,7,Graph,GCN_only,single,,0.6169144981412639,0.0658413329175844,0.0035007139087331,0.5013229827246883
SR-ATAD5,7,atompair,RF+GCN,averaging,,0.7020008746993222,0.1215888192263524,0.0,0.5
SR-ATAD5,7,atompair,RF+GCN,voting,,0.5073529411764706,0.0621227259481287,0.1183557433601581,0.5073529411764706
SR-ATAD5,7,atompair,RF+GCN,lr_none,,0.7227203148917559,0.1856828056354043,0.1183557433601581,0.5073529411764706
SR-ATAD5,7,atompair,RF+GCN,lr_l2,0.1,0.7149682921495735,0.1477219385560674,0.0,0.5
SR-ATAD5,7,atompair,RF+GCN,lr_l2,1.0,0.71566805160726,0.152839643413654,0.0,0.5
SR-ATAD5,7,atompair,RF+GCN,lr_l2,10.0,0.7213973321670676,0.1809050192109313,0.0,0.5
SR-ATAD5,7,atompair,RF+XGB,averaging,,0.7183358845396894,0.17255499672827,0.0711732644835675,0.5124753990815657
SR-ATAD5,7,atompair,RF+XGB,voting,,0.5636398425541219,0.0915243643793662,0.1701986630161846,0.5634922370435163
SR-ATAD5,7,atompair,RF+XGB,lr_none,,0.7105291930898753,0.1701703475563192,0.0,0.5
SR-ATAD5,7,atompair,RF+XGB,lr_l2,0.1,0.7108572053356659,0.1699130354806745,0.0,0.5
SR-ATAD5,7,atompair,RF+XGB,lr_l2,1.0,0.7107150666958233,0.1705173040563147,0.0,0.5
SR-ATAD5,7,atompair,RF+XGB,lr_l2,10.0,0.7105838617975071,0.1701776929409829,0.0,0.5
SR-ATAD5,7,atompair,XGB+GCN,averaging,,0.6973321670675705,0.1516731894613235,0.1183557433601581,0.5073529411764706
SR-ATAD5,7,atompair,XGB+GCN,voting,,0.5634922370435163,0.0807930448245172,0.1701986630161846,0.5634922370435163
SR-ATAD5,7,atompair,XGB+GCN,lr_none,,0.7019571397332167,0.1693968223274375,0.0,0.5
SR-ATAD5,7,atompair,XGB+GCN,lr_l2,0.1,0.7015416575552154,0.1704312747420996,0.0,0.5
SR-ATAD5,7,atompair,XGB+GCN,lr_l2,1.0,0.7016072600043735,0.1704067682392976,0.0,0.5
SR-ATAD5,7,atompair,XGB+GCN,lr_l2,10.0,0.7019899409577958,0.1696645640090839,0.0,0.5
SR-ATAD5,7,atompair,RF+XGB+GCN,averaging,,0.7115132298272469,0.1600503302239701,0.1183557433601581,0.5073529411764706
SR-ATAD5,7,atompair,RF+XGB+GCN,voting,,0.5636398425541219,0.0915243643793662,0.1183557433601581,0.5073529411764706
SR-ATAD5,7,atompair,RF+XGB+GCN,lr_none,,0.7115569647933523,0.1677333384186465,0.0,0.5
SR-ATAD5,7,atompair,RF+XGB+GCN,lr_l2,0.1,0.7102886507762957,0.1678051569321373,0.0,0.5
SR-ATAD5,7,atompair,RF+XGB+GCN,lr_l2,1.0,0.7102011808440849,0.1677112262556894,0.0,0.5
SR-ATAD5,7,atompair,RF+XGB+GCN,lr_l2,10.0,0.7111524163568773,0.1671296440813177,0.0,0.5
SR-ATAD5,123,morgan,RF_only,single,,0.6601191777826372,0.1665143150114761,0.0,0.5
SR-ATAD5,123,morgan,XGB_only,single,,0.6460529193089875,0.1262121426436167,0.0789894740236837,0.5347419636999782
SR-ATAD5,123,Graph,GCN_only,single,,0.6532910561994315,0.0808086474209713,0.0035007139087331,0.5013229827246883
SR-ATAD5,123,morgan,RF+GCN,averaging,,0.6632462278591734,0.0937962880517773,0.0,0.5
SR-ATAD5,123,morgan,RF+GCN,voting,,0.5,0.0481245576786978,0.0,0.5
SR-ATAD5,123,morgan,RF+GCN,lr_none,,0.6576700196807347,0.1676327935909708,0.0,0.5
SR-ATAD5,123,morgan,RF+GCN,lr_l2,0.1,0.6576809534222611,0.1676336212537304,0.0,0.5
SR-ATAD5,123,morgan,RF+GCN,lr_l2,1.0,0.6576918871637873,0.167634295782142,0.0,0.5
SR-ATAD5,123,morgan,RF+GCN,lr_l2,10.0,0.6562376995407828,0.1672302640050504,0.0,0.5
SR-ATAD5,123,morgan,RF+XGB,averaging,,0.6719877542094905,0.1605522914007269,0.1747274383075273,0.5216870763175159
SR-ATAD5,123,morgan,RF+XGB,voting,,0.5347419636999782,0.0570280251574743,0.0789894740236837,0.5347419636999782
SR-ATAD5,123,morgan,RF+XGB,lr_none,,0.6807238136890444,0.1757628324725371,0.0,0.5
SR-ATAD5,123,morgan,RF+XGB,lr_l2,0.1,0.6605838617975072,0.1392641003202056,0.0,0.5
SR-ATAD5,123,morgan,RF+XGB,lr_l2,1.0,0.665821123988629,0.1473667468586113,0.0,0.5
SR-ATAD5,123,morgan,RF+XGB,lr_l2,10.0,0.6749726656461842,0.1674400628042547,0.0,0.5
SR-ATAD5,123,morgan,XGB+GCN,averaging,,0.6560026240979662,0.1195868718794859,0.0,0.5
SR-ATAD5,123,morgan,XGB+GCN,voting,,0.5347419636999782,0.0570280251574743,0.0789894740236837,0.5347419636999782
SR-ATAD5,123,morgan,XGB+GCN,lr_none,,0.6460201180844085,0.1262189410103502,0.0,0.5
SR-ATAD5,123,morgan,XGB+GCN,lr_l2,0.1,0.6459545156352503,0.1260032531820195,0.0,0.5
SR-ATAD5,123,morgan,XGB+GCN,lr_l2,1.0,0.645724907063197,0.1259975412811156,0.0,0.5
SR-ATAD5,123,morgan,XGB+GCN,lr_l2,10.0,0.6459873168598296,0.126216501335961,0.0,0.5
SR-ATAD5,123,morgan,RF+XGB+GCN,averaging,,0.6761972446971354,0.1571827186332019,0.0,0.5
SR-ATAD5,123,morgan,RF+XGB+GCN,voting,,0.5347419636999782,0.0570280251574743,0.0,0.5
SR-ATAD5,123,morgan,RF+XGB+GCN,lr_none,,0.6813033019899409,0.1760759035756751,0.0,0.5
SR-ATAD5,123,morgan,RF+XGB+GCN,lr_l2,0.1,0.6604963918652962,0.13925681085951,0.0,0.5
SR-ATAD5,123,morgan,RF+XGB+GCN,lr_l2,1.0,0.6668707631751585,0.1474341096694823,0.0,0.5
SR-ATAD5,123,morgan,RF+XGB+GCN,lr_l2,10.0,0.6757270938115022,0.1674835824448005,0.0,0.5
SR-ATAD5,123,maccs,RF_only,single,,0.6707194401924338,0.1464657008751219,0.1183557433601581,0.5073529411764706
SR-ATAD5,123,maccs,XGB_only,single,,0.6832440411108682,0.1670535075417609,0.1734461739140478,0.5891045265689919
SR-ATAD5,123,Graph,GCN_only,single,,0.6532910561994315,0.0808086474209713,0.0035007139087331,0.5013229827246883
SR-ATAD5,123,maccs,RF+GCN,averaging,,0.6827465558714191,0.1122679857432659,0.0,0.5
SR-ATAD5,123,maccs,RF+GCN,voting,,0.5073529411764706,0.0621227259481287,0.1183557433601581,0.5073529411764706
SR-ATAD5,123,maccs,RF+GCN,lr_none,,0.6678438661710037,0.1475616233250157,0.1183557433601581,0.5073529411764706
SR-ATAD5,123,maccs,RF+GCN,lr_l2,0.1,0.6678876011371091,0.1475625621754088,0.0,0.5
SR-ATAD5,123,maccs,RF+GCN,lr_l2,1.0,0.6735512792477586,0.1480932591874475,0.0,0.5
SR-ATAD5,123,maccs,RF+GCN,lr_l2,10.0,0.6735512792477586,0.1480932591874475,0.1183557433601581,0.5073529411764706
SR-ATAD5,123,maccs,RF+XGB,averaging,,0.6992401049639188,0.173024407868027,0.1321933056982467,0.5326754865514979
SR-ATAD5,123,maccs,RF+XGB,voting,,0.589416138202493,0.0951068856417301,0.1734461739140478,0.5891045265689919
SR-ATAD5,123,maccs,RF+XGB,lr_none,,0.6946369997813252,0.1650495282444972,0.1183557433601581,0.5073529411764706
SR-ATAD5,123,maccs,RF+XGB,lr_l2,0.1,0.6971298928493331,0.1705609386146593,0.0,0.5
SR-ATAD5,123,maccs,RF+XGB,lr_l2,1.0,0.6990760988410233,0.1666375101057752,0.0,0.5
SR-ATAD5,123,maccs,RF+XGB,lr_l2,10.0,0.6979280559807567,0.1699248868739208,0.1183557433601581,0.5073529411764706
SR-ATAD5,123,maccs,XGB+GCN,averaging,,0.6938661710037175,0.166909026121566,0.0,0.5
SR-ATAD5,123,maccs,XGB+GCN,voting,,0.5891045265689919,0.083464728778985,0.1734461739140478,0.5891045265689919
SR-ATAD5,123,maccs,XGB+GCN,lr_none,,0.6800677891974634,0.1668913027556294,0.0,0.5
SR-ATAD5,123,maccs,XGB+GCN,lr_l2,0.1,0.6831839055324732,0.1670544392306433,0.0,0.5
SR-ATAD5,123,maccs,XGB+GCN,lr_l2,1.0,0.6800021867483053,0.1668826410443489,0.0,0.5
SR-ATAD5,123,maccs,XGB+GCN,lr_l2,10.0,0.680024054231358,0.1668880719695778,0.0,0.5
SR-ATAD5,123,maccs,RF+XGB+GCN,averaging,,0.706461841242073,0.1729744954013711,0.1183557433601581,0.5073529411764706
SR-ATAD5,123,maccs,RF+XGB+GCN,voting,,0.589416138202493,0.0951068856417301,0.1183557433601581,0.5073529411764706
SR-ATAD5,123,maccs,RF+XGB+GCN,lr_none,,0.6992127706101028,0.1654010055974431,0.1183557433601581,0.5073529411764706
SR-ATAD5,123,maccs,RF+XGB+GCN,lr_l2,0.1,0.6971900284277279,0.1706007382842887,0.0,0.5
SR-ATAD5,123,maccs,RF+XGB+GCN,lr_l2,1.0,0.7017821998687951,0.1661572282084119,0.0,0.5
SR-ATAD5,123,maccs,RF+XGB+GCN,lr_l2,10.0,0.7022523507544282,0.1706281357800137,0.1183557433601581,0.5073529411764706
SR-ATAD5,123,atompair,RF_only,single,,0.7367756396238794,0.1876183146706876,0.1183557433601581,0.5073529411764706
SR-ATAD5,123,atompair,XGB_only,single,,0.7023070194620599,0.1708077693625449,0.1701986630161846,0.5634922370435163
SR-ATAD5,123,Graph,GCN_only,single,,0.6532910561994315,0.0808086474209713,0.0035007139087331,0.5013229827246883
SR-ATAD5,123,atompair,RF+GCN,averaging,,0.7343483490050295,0.1410913720282008,0.0,0.5
SR-ATAD5,123,atompair,RF+GCN,voting,,0.5073529411764706,0.0621227259481287,0.1183557433601581,0.5073529411764706
SR-ATAD5,123,atompair,RF+GCN,lr_none,,0.7348294336321889,0.1902219559284572,0.1183557433601581,0.5073529411764706
SR-ATAD5,123,atompair,RF+GCN,lr_l2,0.1,0.7363382899628252,0.1901088225950417,0.0,0.5
SR-ATAD5,123,atompair,RF+GCN,lr_l2,1.0,0.736327356221299,0.1900945637340847,0.0,0.5
SR-ATAD5,123,atompair,RF+GCN,lr_l2,10.0,0.7355729280559807,0.1900809588637061,0.1183557433601581,0.5073529411764706
SR-ATAD5,123,atompair,RF+XGB,averaging,,0.7260332385742401,0.1728432626858048,0.0783268359566272,0.5128471462934616
SR-ATAD5,123,atompair,RF+XGB,voting,,0.5636398425541219,0.0915243643793662,0.1701986630161846,0.5634922370435163
SR-ATAD5,123,atompair,RF+XGB,lr_none,,0.7352394489394272,0.187783999256712,0.1183557433601581,0.5073529411764706
SR-ATAD5,123,atompair,RF+XGB,lr_l2,0.1,0.7183249507981633,0.1707621454495012,0.0,0.5
SR-ATAD5,123,atompair,RF+XGB,lr_l2,1.0,0.7202492893068009,0.1711190134417526,0.0,0.5
SR-ATAD5,123,atompair,RF+XGB,lr_l2,10.0,0.7286682702820905,0.1758125502011781,0.1183557433601581,0.5073529411764706
SR-ATAD5,123,atompair,XGB+GCN,averaging,,0.7036409359282747,0.1636141538917292,0.1183557433601581,0.5073529411764706
SR-ATAD5,123,atompair,XGB+GCN,voting,,0.5634922370435163,0.0807930448245172,0.1701986630161846,0.5634922370435163
SR-ATAD5,123,atompair,XGB+GCN,lr_none,,0.703247321233326,0.1708779580277253,0.0,0.5
SR-ATAD5,123,atompair,XGB+GCN,lr_l2,0.1,0.7025147605510605,0.1708322572994359,0.0,0.5
SR-ATAD5,123,atompair,XGB+GCN,lr_l2,1.0,0.7026787666739559,0.1708368078614678,0.0,0.5
SR-ATAD5,123,atompair,XGB+GCN,lr_l2,10.0,0.7031598513011152,0.170874321862036,0.0,0.5
SR-ATAD5,123,atompair,RF+XGB+GCN,averaging,,0.7230701946205993,0.1667698656995476,0.1183557433601581,0.5073529411764706
SR-ATAD5,123,atompair,RF+XGB+GCN,voting,,0.5636398425541219,0.0915243643793662,0.1183557433601581,0.5073529411764706
SR-ATAD5,123,atompair,RF+XGB+GCN,lr_none,,0.7349223704351631,0.187775073720374,0.1183557433601581,0.5073529411764706
SR-ATAD5,123,atompair,RF+XGB+GCN,lr_l2,0.1,0.7184670894380056,0.1707735639814496,0.0,0.5
SR-ATAD5,123,atompair,RF+XGB+GCN,lr_l2,1.0,0.7202383555652744,0.1711140440172662,0.0,0.5
SR-ATAD5,123,atompair,RF+XGB+GCN,lr_l2,10.0,0.7284386617100371,0.1756649297407282,0.1183557433601581,0.5073529411764706
SR-ATAD5,999,morgan,RF_only,single,,0.6038541438880384,0.1583391054101071,0.0,0.5
SR-ATAD5,999,morgan,XGB_only,single,,0.6460529193089875,0.1262121426436167,0.0789894740236837,0.5347419636999782
SR-ATAD5,999,Graph,GCN_only,single,,0.6421933085501859,0.0763199699095312,0.0035007139087331,0.5013229827246883
SR-ATAD5,999,morgan,RF+GCN,averaging,,0.6547999125300678,0.0839885580874437,0.0,0.5
SR-ATAD5,999,morgan,RF+GCN,voting,,0.5,0.0481245576786978,0.0,0.5
SR-ATAD5,999,morgan,RF+GCN,lr_none,,0.6136125082003061,0.1599556915025628,0.1674395995891301,0.5147058823529411
SR-ATAD5,999,morgan,RF+GCN,lr_l2,0.1,0.6247977257817625,0.1572788047533722,0.0,0.5
SR-ATAD5,999,morgan,RF+GCN,lr_l2,1.0,0.6238464902689701,0.1569843781578523,0.0,0.5
SR-ATAD5,999,morgan,RF+GCN,lr_l2,10.0,0.6148917559588891,0.1596451988870014,0.0,0.5
SR-ATAD5,999,morgan,RF+XGB,averaging,,0.6523507544281654,0.1521200417538696,0.1747274383075273,0.5216870763175159
SR-ATAD5,999,morgan,RF+XGB,voting,,0.5347419636999782,0.0570280251574743,0.0789894740236837,0.5347419636999782
SR-ATAD5,999,morgan,RF+XGB,lr_none,,0.645036081347037,0.1629450933222327,0.1183557433601581,0.5073529411764706
SR-ATAD5,999,morgan,RF+XGB,lr_l2,0.1,0.6521430133391647,0.1410118429942997,0.0,0.5
SR-ATAD5,999,morgan,RF+XGB,lr_l2,1.0,0.652525694292587,0.1443832798382866,0.0,0.5
SR-ATAD5,999,morgan,RF+XGB,lr_l2,10.0,0.6494751804067352,0.1612642196575689,0.0,0.5
SR-ATAD5,999,morgan,XGB+GCN,averaging,,0.6593046140389239,0.1132341865047207,0.0,0.5
SR-ATAD5,999,morgan,XGB+GCN,voting,,0.5347419636999782,0.0570280251574743,0.0789894740236837,0.5347419636999782
SR-ATAD5,999,morgan,XGB+GCN,lr_none,,0.6582331073693418,0.1266499147516637,0.0,0.5
SR-ATAD5,999,morgan,XGB+GCN,lr_l2,0.1,0.652624097966324,0.1261731205441429,0.0,0.5
SR-ATAD5,999,morgan,XGB+GCN,lr_l2,1.0,0.6527443691231138,0.126185168054948,0.0,0.5
SR-ATAD5,999,morgan,XGB+GCN,lr_l2,10.0,0.6571506669582331,0.1265184203754098,0.0,0.5
SR-ATAD5,999,morgan,RF+XGB+GCN,averaging,,0.6709599825060136,0.1471952211292646,0.0,0.5
SR-ATAD5,999,morgan,RF+XGB+GCN,voting,,0.5347419636999782,0.0570280251574743,0.0,0.5
SR-ATAD5,999,morgan,RF+XGB+GCN,lr_none,,0.6521211458561119,0.1661257599034615,0.1183557433601581,0.5073529411764706
SR-ATAD5,999,morgan,RF+XGB+GCN,lr_l2,0.1,0.65736934178876,0.1411557422517703,0.0,0.5
SR-ATAD5,999,morgan,RF+XGB+GCN,lr_l2,1.0,0.6601027771703477,0.1453648147370932,0.0,0.5
SR-ATAD5,999,morgan,RF+XGB+GCN,lr_l2,10.0,0.659829433632189,0.1611893461819151,0.0,0.5
SR-ATAD5,999,maccs,RF_only,single,,0.6758692324513449,0.1563832246879477,0.1183557433601581,0.5073529411764706
SR-ATAD5,999,maccs,XGB_only,single,,0.6832440411108682,0.1670535075417609,0.1734461739140478,0.5891045265689919
SR-ATAD5,999,Graph,GCN_only,single,,0.6421933085501859,0.0763199699095312,0.0035007139087331,0.5013229827246883
SR-ATAD5,999,maccs,RF+GCN,averaging,,0.6906953859610758,0.1211022304059802,0.0,0.5
SR-ATAD5,999,maccs,RF+GCN,voting,,0.5073529411764706,0.0621227259481287,0.1183557433601581,0.5073529411764706
SR-ATAD5,999,maccs,RF+GCN,lr_none,,0.6814891755958888,0.1587668847100294,0.1183557433601581,0.5073529411764706
SR-ATAD5,999,maccs,RF+GCN,lr_l2,0.1,0.6817297179094687,0.1588301832639987,0.0,0.5
SR-ATAD5,999,maccs,RF+GCN,lr_l2,1.0,0.6816969166848895,0.1589153985749837,0.0,0.5
SR-ATAD5,999,maccs,RF+GCN,lr_l2,10.0,0.681521976820468,0.1588342226246554,0.1183557433601581,0.5073529411764706
SR-ATAD5,999,maccs,RF+XGB,averaging,,0.6967909468620161,0.1657140566419676,0.1321933056982467,0.5326754865514979
SR-ATAD5,999,maccs,RF+XGB,voting,,0.589416138202493,0.0951068856417301,0.1734461739140478,0.5891045265689919
SR-ATAD5,999,maccs,RF+XGB,lr_none,,0.6922534441285809,0.166493423279647,0.1183557433601581,0.5073529411764706
SR-ATAD5,999,maccs,RF+XGB,lr_l2,0.1,0.6939919090312705,0.1666461808884594,0.0,0.5
SR-ATAD5,999,maccs,RF+XGB,lr_l2,1.0,0.6964738683577519,0.1657812187060151,0.0,0.5
SR-ATAD5,999,maccs,RF+XGB,lr_l2,10.0,0.6956538377432757,0.1698043047949679,0.1183557433601581,0.5073529411764706
SR-ATAD5,999,maccs,XGB+GCN,averaging,,0.6969385523726219,0.1669288160719977,0.1183557433601581,0.5073529411764706
SR-ATAD5,999,maccs,XGB+GCN,voting,,0.5891045265689919,0.083464728778985,0.1734461739140478,0.5891045265689919
SR-ATAD5,999,maccs,XGB+GCN,lr_none,,0.695134485020774,0.1688611808377496,0.0,0.5
SR-ATAD5,999,maccs,XGB+GCN,lr_l2,0.1,0.6910452656899191,0.1678114095407504,0.0,0.5
SR-ATAD5,999,maccs,XGB+GCN,lr_l2,1.0,0.6916247539908156,0.1677473338339971,0.0,0.5
SR-ATAD5,999,maccs,XGB+GCN,lr_l2,10.0,0.6932210802536629,0.1680448948179345,0.0,0.5
SR-ATAD5,999,maccs,RF+XGB+GCN,averaging,,0.704307894161382,0.167681006002774,0.1183557433601581,0.5073529411764706
SR-ATAD5,999,maccs,RF+XGB+GCN,voting,,0.589416138202493,0.0951068856417301,0.1183557433601581,0.5073529411764706
SR-ATAD5,999,maccs,RF+XGB+GCN,lr_none,,0.6987972884321015,0.1670276651715758,0.1183557433601581,0.5073529411764706
SR-ATAD5,999,maccs,RF+XGB+GCN,lr_l2,0.1,0.6983162038049421,0.167208398869028,0.0,0.5
SR-ATAD5,999,maccs,RF+XGB+GCN,lr_l2,1.0,0.7016947299365842,0.1662724285547197,0.0,0.5
SR-ATAD5,999,maccs,RF+XGB+GCN,lr_l2,10.0,0.7018478023179532,0.170507600782295,0.1183557433601581,0.5073529411764706
SR-ATAD5,999,atompair,RF_only,single,,0.7337633938333697,0.1809433825702676,0.1183557433601581,0.5073529411764706
SR-ATAD5,999,atompair,XGB_only,single,,0.7023070194620599,0.1708077693625449,0.1701986630161846,0.5634922370435163
SR-ATAD5,999,Graph,GCN_only,single,,0.6421933085501859,0.0763199699095312,0.0035007139087331,0.5013229827246883
SR-ATAD5,999,atompair,RF+GCN,averaging,,0.7268150010933743,0.1360561143024206,0.0,0.5
SR-ATAD5,999,atompair,RF+GCN,voting,,0.5073529411764706,0.0621227259481287,0.1183557433601581,0.5073529411764706
SR-ATAD5,999,atompair,RF+GCN,lr_none,,0.7332331073693419,0.183596185047756,0.1183557433601581,0.5073529411764706
SR-ATAD5,999,atompair,RF+GCN,lr_l2,0.1,0.7304231357970699,0.1724708843731938,0.0,0.5
SR-ATAD5,999,atompair,RF+GCN,lr_l2,1.0,0.730149792258911,0.174862748456242,0.0,0.5
SR-ATAD5,999,atompair,RF+GCN,lr_l2,10.0,0.7333096435600263,0.1849355490299332,0.1183557433601581,0.5073529411764706
SR-ATAD5,999,atompair,RF+XGB,averaging,,0.7192543188279029,0.1711547718388639,0.0783268359566272,0.5128471462934616
SR-ATAD5,999,atompair,RF+XGB,voting,,0.5636398425541219,0.0915243643793662,0.1701986630161846,0.5634922370435163
SR-ATAD5,999,atompair,RF+XGB,lr_none,,0.7200743494423791,0.1711100275981882,0.1183557433601581,0.5073529411764706
SR-ATAD5,999,atompair,RF+XGB,lr_l2,0.1,0.7128143450688825,0.1722634097025908,0.0,0.5
SR-ATAD5,999,atompair,RF+XGB,lr_l2,1.0,0.7130658211239888,0.1716634264973667,0.0,0.5
SR-ATAD5,999,atompair,RF+XGB,lr_l2,10.0,0.7174393177345288,0.1690053817076208,0.0,0.5
SR-ATAD5,999,atompair,XGB+GCN,averaging,,0.7052809971572271,0.1613204524869058,0.1183557433601581,0.5073529411764706
SR-ATAD5,999,atompair,XGB+GCN,voting,,0.5634922370435163,0.0807930448245172,0.1701986630161846,0.5634922370435163
SR-ATAD5,999,atompair,XGB+GCN,lr_none,,0.7026568991909031,0.1709418711840846,0.0,0.5
SR-ATAD5,999,atompair,XGB+GCN,lr_l2,0.1,0.7031051825934834,0.1711098252150983,0.0,0.5
SR-ATAD5,999,atompair,XGB+GCN,lr_l2,1.0,0.7030942488519571,0.1711027888414524,0.0,0.5
SR-ATAD5,999,atompair,XGB+GCN,lr_l2,10.0,0.7026350317078504,0.1709443748623609,0.0,0.5
SR-ATAD5,999,atompair,RF+XGB+GCN,averaging,,0.7184561556964792,0.1625251348569948,0.1183557433601581,0.5073529411764706
SR-ATAD5,999,atompair,RF+XGB+GCN,voting,,0.5636398425541219,0.0915243643793662,0.1183557433601581,0.5073529411764706
SR-ATAD5,999,atompair,RF+XGB+GCN,lr_none,,0.719134047671113,0.171721914045508,0.1183557433601581,0.5073529411764706
SR-ATAD5,999,atompair,RF+XGB+GCN,lr_l2,0.1,0.7131970260223048,0.1717308425078627,0.0,0.5
SR-ATAD5,999,atompair,RF+XGB+GCN,lr_l2,1.0,0.7134703695604635,0.1721061074773946,0.0,0.5
SR-ATAD5,999,atompair,RF+XGB+GCN,lr_l2,10.0,0.7172425103870546,0.1721441636754618,0.0,0.5
SR-HSE,42,morgan,RF_only,single,,0.6139772585085085,0.2042586096319374,0.1303719364090422,0.5092592592592593
SR-HSE,42,morgan,XGB_only,single,,0.5939963400900901,0.189141821539048,0.1714112822943285,0.5567755255255256
SR-HSE,42,Graph,GCN_only,single,,0.6088197572572572,0.1467412858568896,-0.0368976430538401,0.4919763513513513
SR-HSE,42,morgan,RF+GCN,averaging,,0.6439095345345346,0.1754712115700334,0.0,0.5
SR-HSE,42,morgan,RF+GCN,voting,,0.5092592592592593,0.1005618621717692,0.1303719364090422,0.5092592592592593
SR-HSE,42,morgan,RF+GCN,lr_none,,0.6421186811811812,0.1800614099866473,0.0755743290482257,0.5113551051051051
SR-HSE,42,morgan,RF+GCN,lr_l2,0.1,0.6450904029029029,0.1687248636379041,0.0,0.5
SR-HSE,42,morgan,RF+GCN,lr_l2,1.0,0.6450982232232233,0.1687283609483612,0.0,0.5
SR-HSE,42,morgan,RF+GCN,lr_l2,10.0,0.6448479729729729,0.1684986185732374,0.0921511697229265,0.5046296296296297
SR-HSE,42,morgan,RF+XGB,averaging,,0.6194319319319319,0.2047098745525976,0.176444197984494,0.5265108858858859
SR-HSE,42,morgan,RF+XGB,voting,,0.5570101351351351,0.1306233994572487,0.1714112822943285,0.5567755255255256
SR-HSE,42,morgan,RF+XGB,lr_none,,0.6265484234234235,0.2072954726162962,0.1845168524256728,0.5185185185185185
SR-HSE,42,morgan,RF+XGB,lr_l2,0.1,0.6017814689689691,0.1969380431930144,0.0,0.5
SR-HSE,42,morgan,RF+XGB,lr_l2,1.0,0.6046593468468469,0.1964343297267886,0.0,0.5
SR-HSE,42,morgan,RF+XGB,lr_l2,10.0,0.6167495620620621,0.2036108099701066,0.0921511697229265,0.5046296296296297
SR-HSE,42,morgan,XGB+GCN,averaging,,0.60815503003003,0.19182498813766,0.0921511697229265,0.5046296296296297
SR-HSE,42,morgan,XGB+GCN,voting,,0.5567755255255256,0.1182777204449031,0.1714112822943285,0.5567755255255256
SR-HSE,42,morgan,XGB+GCN,lr_none,,0.6205893393393394,0.1389299362708072,0.0,0.5
SR-HSE,42,morgan,XGB+GCN,lr_l2,0.1,0.596948511011011,0.1907546109287467,0.0,0.5
SR-HSE,42,morgan,XGB+GCN,lr_l2,1.0,0.5998967717717718,0.1946266239537231,0.0,0.5
SR-HSE,42,morgan,XGB+GCN,lr_l2,10.0,0.6133164414414415,0.1842866703920009,0.0,0.5
SR-HSE,42,morgan,RF+XGB+GCN,averaging,,0.6259462587587588,0.2044533599597258,0.0921511697229265,0.5046296296296297
SR-HSE,42,morgan,RF+XGB+GCN,voting,,0.5570101351351351,0.1306233994572487,0.1303719364090422,0.5092592592592593
SR-HSE,42,morgan,RF+XGB+GCN,lr_none,,0.6372935435435436,0.1730798198166008,0.1597342850071355,0.5138888888888888
SR-HSE,42,morgan,RF+XGB+GCN,lr_l2,0.1,0.603001438938939,0.1986490695274442,0.0,0.5
SR-HSE,42,morgan,RF+XGB+GCN,lr_l2,1.0,0.6080299049049048,0.1989811942511711,0.0,0.5
SR-HSE,42,morgan,RF+XGB+GCN,lr_l2,10.0,0.6290352852852853,0.1968755005436004,0.0921511697229265,0.5046296296296297
SR-HSE,42,maccs,RF_only,single,,0.6360383821321322,0.1918317999198772,0.1438979465067106,0.517673923923924
SR-HSE,42,maccs,XGB_only,single,,0.6151151151151151,0.1607486660343745,0.0885315205250781,0.530248998998999
SR-HSE,42,Graph,GCN_only,single,,0.6088197572572572,0.1467412858568896,-0.0368976430538401,0.4919763513513513
SR-HSE,42,maccs,RF+GCN,averaging,,0.6542870995995996,0.1693209093541257,0.0,0.5
SR-HSE,42,maccs,RF+GCN,voting,,0.5176739239239239,0.105186714061843,0.1438979465067106,0.517673923923924
SR-HSE,42,maccs,RF+GCN,lr_none,,0.65381006006006,0.1787043100565243,0.1328772202208698,0.5210366616616616
SR-HSE,42,maccs,RF+GCN,lr_l2,0.1,0.6485000625625625,0.1899300802456844,0.0,0.5
SR-HSE,42,maccs,RF+GCN,lr_l2,1.0,0.6487581331331331,0.1900161985484544,0.0,0.5
SR-HSE,42,maccs,RF+GCN,lr_l2,10.0,0.6525509884884885,0.1856406881937427,0.1300909816974038,0.5172516266266266
SR-HSE,42,maccs,RF+XGB,averaging,,0.6413053678678678,0.1747107886038142,0.1721890009179208,0.5374436936936937
SR-HSE,42,maccs,RF+XGB,voting,,0.5307651401401401,0.1121168252876199,0.0885315205250781,0.530248998998999
SR-HSE,42,maccs,RF+XGB,lr_none,,0.6388967092092093,0.1919577134503755,0.1328772202208698,0.5210366616616616
SR-HSE,42,maccs,RF+XGB,lr_l2,0.1,0.6354323073073074,0.1697170710486454,0.0,0.5
SR-HSE,42,maccs,RF+XGB,lr_l2,1.0,0.6413522897897898,0.1746914710838429,0.0,0.5
SR-HSE,42,maccs,RF+XGB,lr_l2,10.0,0.6461539664664664,0.1884380064845866,0.1428209083390712,0.521458958958959
SR-HSE,42,maccs,XGB+GCN,averaging,,0.6312953578578577,0.1654478172337521,0.10276605560258,0.512621996996997
SR-HSE,42,maccs,XGB+GCN,voting,,0.530248998998999,0.0951415166456446,0.0885315205250781,0.530248998998999
SR-HSE,42,maccs,XGB+GCN,lr_none,,0.6343843843843844,0.1358038226698747,0.0,0.5
SR-HSE,42,maccs,XGB+GCN,lr_l2,0.1,0.6196352602602602,0.1623281081697176,0.0,0.5
SR-HSE,42,maccs,XGB+GCN,lr_l2,1.0,0.6232717092092093,0.163653310420959,0.0,0.5
SR-HSE,42,maccs,XGB+GCN,lr_l2,10.0,0.6330080080080079,0.1630941714309226,0.0,0.5
SR-HSE,42,maccs,RF+XGB+GCN,averaging,,0.6465606231231231,0.1738625836382807,0.1438979465067106,0.517673923923924
SR-HSE,42,maccs,RF+XGB+GCN,voting,,0.5307651401401401,0.1121168252876199,0.1438979465067106,0.517673923923924
SR-HSE,42,maccs,RF+XGB+GCN,lr_none,,0.6541306931931932,0.1793381437378926,0.1328772202208698,0.5210366616616616
SR-HSE,42,maccs,RF+XGB+GCN,lr_l2,0.1,0.6371684184184184,0.1697443218028503,0.0,0.5
SR-HSE,42,maccs,RF+XGB+GCN,lr_l2,1.0,0.6447697697697697,0.1751410668598979,0.0,0.5
SR-HSE,42,maccs,RF+XGB+GCN,lr_l2,10.0,0.6536771146146146,0.186611945701447,0.154405395282327,0.5218812562562563
SR-HSE,42,atompair,RF_only,single,,0.6371801488988988,0.1691460877803864,-0.0084056810220237,0.4995777027027027
SR-HSE,42,atompair,XGB_only,single,,0.5912865990990992,0.1602291444029338,0.1257253022575294,0.5273398398398399
SR-HSE,42,Graph,GCN_only,single,,0.6088197572572572,0.1467412858568896,-0.0368976430538401,0.4919763513513513
SR-HSE,42,atompair,RF+GCN,averaging,,0.6516672922922923,0.1478737572350919,0.0,0.5
SR-HSE,42,atompair,RF+GCN,voting,,0.4995777027027027,0.0835913312693498,-0.0084056810220237,0.4995777027027027
SR-HSE,42,atompair,RF+GCN,lr_none,,0.6545529904904905,0.1513972417983305,0.0592399508345141,0.5042073323323323
SR-HSE,42,atompair,RF+GCN,lr_l2,0.1,0.6525666291291291,0.1480950661183946,0.0,0.5
SR-HSE,42,atompair,RF+GCN,lr_l2,1.0,0.6526291916916916,0.1480782272969664,0.0,0.5
SR-HSE,42,atompair,RF+GCN,lr_l2,10.0,0.6528090590590591,0.1484933702100991,0.0,0.5
SR-HSE,42,atompair,RF+XGB,averaging,,0.6110016266266267,0.1670563297628168,0.1341799070426556,0.5134665915915916
SR-HSE,42,atompair,RF+XGB,voting,,0.5273124687187187,0.102052516913198,0.1257253022575294,0.5273398398398399
SR-HSE,42,atompair,RF+XGB,lr_none,,0.6171562187187187,0.1701003413687605,0.0592399508345141,0.5042073323323323
SR-HSE,42,atompair,RF+XGB,lr_l2,0.1,0.5985985985985987,0.1644576802075051,0.0,0.5
SR-HSE,42,atompair,RF+XGB,lr_l2,1.0,0.5995995995995996,0.16466762112757,0.0,0.5
SR-HSE,42,atompair,RF+XGB,lr_l2,10.0,0.6088744994994996,0.1651347383941899,0.0592399508345141,0.5042073323323323
SR-HSE,42,atompair,XGB+GCN,averaging,,0.6160066316316317,0.1557260711256353,0.0592399508345141,0.5042073323323323
SR-HSE,42,atompair,XGB+GCN,voting,,0.5273398398398399,0.102052516913198,0.1257253022575294,0.5273398398398399
SR-HSE,42,atompair,XGB+GCN,lr_none,,0.6214104729729729,0.1345177124135296,-0.0084056810220237,0.4995777027027027
SR-HSE,42,atompair,XGB+GCN,lr_l2,0.1,0.6030405405405406,0.1607863643906055,0.0,0.5
SR-HSE,42,atompair,XGB+GCN,lr_l2,1.0,0.6080455455455456,0.1607199264403443,0.0,0.5
SR-HSE,42,atompair,XGB+GCN,lr_l2,10.0,0.618579517017017,0.1537818523630973,0.0,0.5
SR-HSE,42,atompair,RF+XGB+GCN,averaging,,0.6312562562562563,0.159792219754085,0.0592399508345141,0.5042073323323323
SR-HSE,42,atompair,RF+XGB+GCN,voting,,0.5273124687187187,0.102052516913198,-0.0084056810220237,0.4995777027027027
SR-HSE,42,atompair,RF+XGB+GCN,lr_none,,0.6368086836836836,0.1431352801500459,0.0435311902834761,0.503785035035035
SR-HSE,42,atompair,RF+XGB+GCN,lr_l2,0.1,0.6092107732732733,0.1648148903031,0.0,0.5
SR-HSE,42,atompair,RF+XGB+GCN,lr_l2,1.0,0.6152558808808809,0.1652231337276555,0.0,0.5
SR-HSE,42,atompair,RF+XGB+GCN,lr_l2,10.0,0.6311311311311311,0.1553672434795751,0.0592399508345141,0.5042073323323323
SR-HSE,1,morgan,RF_only,single,,0.590043168168168,0.1944849811639727,0.0921511697229265,0.5046296296296297
SR-HSE,1,morgan,XGB_only,single,,0.5939963400900901,0.189141821539048,0.1714112822943285,0.5567755255255256
SR-HSE,1,Graph,GCN_only,single,,0.5845845845845846,0.1096843121773152,-0.0368976430538401,0.4919763513513513
SR-HSE,1,morgan,RF+GCN,averaging,,0.6141297547547547,0.1529256794314171,0.0,0.5
SR-HSE,1,morgan,RF+GCN,voting,,0.5046296296296297,0.0920765967205595,0.0921511697229265,0.5046296296296297
SR-HSE,1,morgan,RF+GCN,lr_none,,0.6109547047047047,0.1590479831161227,0.0921511697229265,0.5046296296296297
SR-HSE,1,morgan,RF+GCN,lr_l2,0.1,0.6111423923923923,0.1580090807333,0.0,0.5
SR-HSE,1,morgan,RF+GCN,lr_l2,1.0,0.6111189314314314,0.1588024349375021,0.0,0.5
SR-HSE,1,morgan,RF+GCN,lr_l2,10.0,0.6117836586586587,0.1558753784392862,0.0,0.5
SR-HSE,1,morgan,RF+XGB,averaging,,0.6087298235735736,0.2010301787078617,0.154405395282327,0.5218812562562563
SR-HSE,1,morgan,RF+XGB,voting,,0.5568928303303303,0.1244505599510759,0.1714112822943285,0.5567755255255256
SR-HSE,1,morgan,RF+XGB,lr_none,,0.604686717967968,0.200351690860885,0.0921511697229265,0.5046296296296297
SR-HSE,1,morgan,RF+XGB,lr_l2,0.1,0.5981567505005005,0.1959370678592046,0.0,0.5
SR-HSE,1,morgan,RF+XGB,lr_l2,1.0,0.5981880317817818,0.1961050589954454,0.0,0.5
SR-HSE,1,morgan,RF+XGB,lr_l2,10.0,0.6017384572072072,0.1982814405268916,0.0,0.5
SR-HSE,1,morgan,XGB+GCN,averaging,,0.5988957707707707,0.1881970514477416,0.1303719364090422,0.5092592592592593
SR-HSE,1,morgan,XGB+GCN,voting,,0.5567755255255256,0.1182777204449031,0.1714112822943285,0.5567755255255256
SR-HSE,1,morgan,XGB+GCN,lr_none,,0.6040415415415415,0.1373319248073519,0.0,0.5
SR-HSE,1,morgan,XGB+GCN,lr_l2,0.1,0.5941097347347348,0.1889171634446351,0.0,0.5
SR-HSE,1,morgan,XGB+GCN,lr_l2,1.0,0.5948135635635636,0.189685704998782,0.0,0.5
SR-HSE,1,morgan,XGB+GCN,lr_l2,10.0,0.6004832957957957,0.1868663897689378,0.0,0.5
SR-HSE,1,morgan,RF+XGB+GCN,averaging,,0.6098911411411412,0.1984298966824444,0.0921511697229265,0.5046296296296297
SR-HSE,1,morgan,RF+XGB+GCN,voting,,0.5568928303303303,0.1244505599510759,0.0921511697229265,0.5046296296296297
SR-HSE,1,morgan,RF+XGB+GCN,lr_none,,0.6122997997997998,0.1646340375018202,0.0921511697229265,0.5046296296296297
SR-HSE,1,morgan,RF+XGB+GCN,lr_l2,0.1,0.5975584959959961,0.1970372616884236,0.0,0.5
SR-HSE,1,morgan,RF+XGB+GCN,lr_l2,1.0,0.5985438563563563,0.1956805526656337,0.0,0.5
SR-HSE,1,morgan,RF+XGB+GCN,lr_l2,10.0,0.6056759884884885,0.1925998260709573,0.0,0.5
SR-HSE,1,maccs,RF_only,single,,0.6239872685185184,0.1934627517526598,0.154405395282327,0.5218812562562563
SR-HSE,1,maccs,XGB_only,single,,0.6151151151151151,0.1607486660343745,0.0885315205250781,0.530248998998999
SR-HSE,1,Graph,GCN_only,single,,0.5845845845845846,0.1096843121773152,-0.0368976430538401,0.4919763513513513
SR-HSE,1,maccs,RF+GCN,averaging,,0.6314908658658659,0.1676313098937202,0.0,0.5
SR-HSE,1,maccs,RF+GCN,voting,,0.5218812562562563,0.1086565474142873,0.154405395282327,0.5218812562562563
SR-HSE,1,maccs,RF+GCN,lr_none,,0.6318036786786786,0.1733291542879553,0.1546357610139056,0.5256662912912913
SR-HSE,1,maccs,RF+GCN,lr_l2,0.1,0.6273773773773774,0.1898417586936114,0.0,0.5
SR-HSE,1,maccs,RF+GCN,lr_l2,1.0,0.627486861861862,0.1898064759767528,0.0,0.5
SR-HSE,1,maccs,RF+GCN,lr_l2,10.0,0.6312327952952952,0.1844160941520349,0.154405395282327,0.5218812562562563
SR-HSE,1,maccs,RF+XGB,averaging,,0.6380521146146146,0.1727293617266566,0.1788323507075302,0.537865990990991
SR-HSE,1,maccs,RF+XGB,voting,,0.5308746246246246,0.1144316401024347,0.0885315205250781,0.530248998998999
SR-HSE,1,maccs,RF+XGB,lr_none,,0.6364724099099098,0.1899589655800482,0.1546357610139056,0.5256662912912913
SR-HSE,1,maccs,RF+XGB,lr_l2,0.1,0.6324605855855856,0.1729910004006786,0.0,0.5
SR-HSE,1,maccs,RF+XGB,lr_l2,1.0,0.6360501126126126,0.1712274517106311,0.0,0.5
SR-HSE,1,maccs,RF+XGB,lr_l2,10.0,0.6415556181181181,0.1858389331613741,0.1300909816974038,0.5172516266266266
SR-HSE,1,maccs,XGB+GCN,averaging,,0.6291682307307308,0.1535660705609176,0.1300909816974038,0.5172516266266266
SR-HSE,1,maccs,XGB+GCN,voting,,0.530248998998999,0.0951415166456446,0.0885315205250781,0.530248998998999
SR-HSE,1,maccs,XGB+GCN,lr_none,,0.6287537537537538,0.1394468504816801,0.0,0.5
SR-HSE,1,maccs,XGB+GCN,lr_l2,0.1,0.6150916541541542,0.1608427134072586,0.0,0.5
SR-HSE,1,maccs,XGB+GCN,lr_l2,1.0,0.6186264389389389,0.1612816190926511,0.0,0.5
SR-HSE,1,maccs,XGB+GCN,lr_l2,10.0,0.6298094969969971,0.1521447833199236,0.0,0.5
SR-HSE,1,maccs,RF+XGB+GCN,averaging,,0.6402418043043043,0.1704542178553741,0.154405395282327,0.5218812562562563
SR-HSE,1,maccs,RF+XGB+GCN,voting,,0.5308746246246246,0.1144316401024347,0.154405395282327,0.5218812562562563
SR-HSE,1,maccs,RF+XGB+GCN,lr_none,,0.636644456956957,0.1721700966356168,0.1546357610139056,0.5256662912912913
SR-HSE,1,maccs,RF+XGB+GCN,lr_l2,0.1,0.6328594219219219,0.1727744036103343,0.0,0.5
SR-HSE,1,maccs,RF+XGB+GCN,lr_l2,1.0,0.6369025275275275,0.1696799865977075,0.0,0.5
SR-HSE,1,maccs,RF+XGB+GCN,lr_l2,10.0,0.6413366491491491,0.181584519220036,0.154405395282327,0.5218812562562563
SR-HSE,1,atompair,RF_only,single,,0.6497317630130129,0.1688092705106549,-0.0084056810220237,0.4995777027027027
SR-HSE,1,atompair,XGB_only,single,,0.5912865990990992,0.1602291444029338,0.1257253022575294,0.5273398398398399
SR-HSE,1,Graph,GCN_only,single,,0.5845845845845846,0.1096843121773152,-0.0368976430538401,0.4919763513513513
SR-HSE,1,atompair,RF+GCN,averaging,,0.647678928928929,0.1357921959749372,0.0,0.5
SR-HSE,1,atompair,RF+GCN,voting,,0.4995777027027027,0.0835913312693498,-0.0084056810220237,0.4995777027027027
SR-HSE,1,atompair,RF+GCN,lr_none,,0.656445508008008,0.1505869039016503,0.1016327376453058,0.5088369619619619
SR-HSE,1,atompair,RF+GCN,lr_l2,0.1,0.6563673048048049,0.1487938069699497,0.0,0.5
SR-HSE,1,atompair,RF+GCN,lr_l2,1.0,0.6564142267267268,0.1499042335047842,0.0,0.5
SR-HSE,1,atompair,RF+GCN,lr_l2,10.0,0.6563907657657657,0.1499021029953972,-0.0084056810220237,0.4995777027027027
SR-HSE,1,atompair,RF+XGB,averaging,,0.6261886886886887,0.1669492996080323,0.1613360224513522,0.5180962212212212
SR-HSE,1,atompair,RF+XGB,voting,,0.5273124687187187,0.102052516913198,0.1257253022575294,0.5273398398398399
SR-HSE,1,atompair,RF+XGB,lr_none,,0.6393346471471472,0.1728986877431158,0.1016327376453058,0.5088369619619619
SR-HSE,1,atompair,RF+XGB,lr_l2,0.1,0.6076701701701701,0.1608146740257222,0.0,0.5
SR-HSE,1,atompair,RF+XGB,lr_l2,1.0,0.6119948073073073,0.1620504330577655,0.0,0.5
SR-HSE,1,atompair,RF+XGB,lr_l2,10.0,0.6272522522522522,0.1666903382980337,0.0592399508345141,0.5042073323323323
SR-HSE,1,atompair,XGB+GCN,averaging,,0.6017189064064064,0.1506856999400806,0.0592399508345141,0.5042073323323323
SR-HSE,1,atompair,XGB+GCN,voting,,0.5273398398398399,0.102052516913198,0.1257253022575294,0.5273398398398399
SR-HSE,1,atompair,XGB+GCN,lr_none,,0.6051598473473473,0.1275591893685474,-0.0084056810220237,0.4995777027027027
SR-HSE,1,atompair,XGB+GCN,lr_l2,0.1,0.5955017517517517,0.1602868410473884,0.0,0.5
SR-HSE,1,atompair,XGB+GCN,lr_l2,1.0,0.5991616616616616,0.1594516087024721,0.0,0.5
SR-HSE,1,atompair,XGB+GCN,lr_l2,10.0,0.6022819694694695,0.1491863920882247,0.0,0.5
SR-HSE,1,atompair,RF+XGB+GCN,averaging,,0.6298329579579579,0.1598452546507321,-0.0084056810220237,0.4995777027027027
SR-HSE,1,atompair,RF+XGB+GCN,voting,,0.5273124687187187,0.102052516913198,-0.0084056810220237,0.4995777027027027
SR-HSE,1,atompair,RF+XGB+GCN,lr_none,,0.6395770770770771,0.1474905301994323,0.0435311902834761,0.503785035035035
SR-HSE,1,atompair,RF+XGB+GCN,lr_l2,0.1,0.6091403903903904,0.1601203358936865,0.0,0.5
SR-HSE,1,atompair,RF+XGB+GCN,lr_l2,1.0,0.6145676926926927,0.1606688245107305,0.0,0.5
SR-HSE,1,atompair,RF+XGB+GCN,lr_l2,10.0,0.6292777152152152,0.1577009421952432,0.0592399508345141,0.5042073323323323
SR-HSE,7,morgan,RF_only,single,,0.5911380130130129,0.1916903705428672,0.1303719364090422,0.5092592592592593
SR-HSE,7,morgan,XGB_only,single,,0.5939963400900901,0.189141821539048,0.1714112822943285,0.5567755255255256
SR-HSE,7,Graph,GCN_only,single,,0.6065362237237238,0.1238770587623311,-0.0368976430538401,0.4919763513513513
SR-HSE,7,morgan,RF+GCN,averaging,,0.6373091841841841,0.1671615961302061,0.0,0.5
SR-HSE,7,morgan,RF+GCN,voting,,0.5092592592592593,0.1005618621717692,0.1303719364090422,0.5092592592592593
SR-HSE,7,morgan,RF+GCN,lr_none,,0.6360501126126126,0.1690053457562516,0.1016327376453058,0.5088369619619619
SR-HSE,7,morgan,RF+GCN,lr_l2,0.1,0.6386229979979978,0.1631235413105861,0.0,0.5
SR-HSE,7,morgan,RF+GCN,lr_l2,1.0,0.6386386386386387,0.1631048453312457,0.0,0.5
SR-HSE,7,morgan,RF+GCN,lr_l2,10.0,0.6382867242242243,0.1626435221800392,0.0921511697229265,0.5046296296296297
SR-HSE,7,morgan,RF+XGB,averaging,,0.6102704266766766,0.1963901297194243,0.1428209083390712,0.521458958958959
SR-HSE,7,morgan,RF+XGB,voting,,0.5570101351351351,0.1306233994572487,0.1714112822943285,0.5567755255255256
SR-HSE,7,morgan,RF+XGB,lr_none,,0.6127416478978979,0.1985231332849774,0.1016327376453058,0.5088369619619619
SR-HSE,7,morgan,RF+XGB,lr_l2,0.1,0.5996973536036037,0.1930148254696587,0.0,0.5
SR-HSE,7,morgan,RF+XGB,lr_l2,1.0,0.6012848786286287,0.1936865439798369,0.0,0.5
SR-HSE,7,morgan,RF+XGB,lr_l2,10.0,0.6080494557057057,0.1952134475411642,0.0921511697229265,0.5046296296296297
SR-HSE,7,morgan,XGB+GCN,averaging,,0.6104933058058059,0.1951436044448536,0.1303719364090422,0.5092592592592593
SR-HSE,7,morgan,XGB+GCN,voting,,0.5567755255255256,0.1182777204449031,0.1714112822943285,0.5567755255255256
SR-HSE,7,morgan,XGB+GCN,lr_none,,0.6203234484484484,0.1557160816183625,0.0,0.5
SR-HSE,7,morgan,XGB+GCN,lr_l2,0.1,0.5994431931931933,0.1941160831341727,0.0,0.5
SR-HSE,7,morgan,XGB+GCN,lr_l2,1.0,0.6028997747747747,0.194165671516504,0.0,0.5
SR-HSE,7,morgan,XGB+GCN,lr_l2,10.0,0.6149196071071071,0.190583020837246,0.0,0.5
SR-HSE,7,morgan,RF+XGB+GCN,averaging,,0.6215355980980981,0.1983964410577572,0.1303719364090422,0.5092592592592593
SR-HSE,7,morgan,RF+XGB+GCN,voting,,0.5570101351351351,0.1306233994572487,0.1303719364090422,0.5092592592592593
SR-HSE,7,morgan,RF+XGB+GCN,lr_none,,0.6308417792792793,0.1719612756319049,0.1303719364090422,0.5092592592592593
SR-HSE,7,morgan,RF+XGB+GCN,lr_l2,0.1,0.6040493618618619,0.1944533343953595,0.0,0.5
SR-HSE,7,morgan,RF+XGB+GCN,lr_l2,1.0,0.6092107732732732,0.1956063488645646,0.0,0.5
SR-HSE,7,morgan,RF+XGB+GCN,lr_l2,10.0,0.6248826951951952,0.197900242179978,0.0921511697229265,0.5046296296296297
SR-HSE,7,maccs,RF_only,single,,0.6612589151651651,0.2099043968990253,0.1613360224513522,0.5180962212212212
SR-HSE,7,maccs,XGB_only,single,,0.6151151151151151,0.1607486660343745,0.0885315205250781,0.530248998998999
SR-HSE,7,Graph,GCN_only,single,,0.6065362237237238,0.1238770587623311,-0.0368976430538401,0.4919763513513513
SR-HSE,7,maccs,RF+GCN,averaging,,0.6604964339339339,0.1727490078631238,0.0,0.5
SR-HSE,7,maccs,RF+GCN,voting,,0.5180962212212211,0.1101249856667813,0.1613360224513522,0.5180962212212212
SR-HSE,7,maccs,RF+GCN,lr_none,,0.6658846346346347,0.1824049436352219,0.1300909816974038,0.5172516266266266
SR-HSE,7,maccs,RF+GCN,lr_l2,0.1,0.6709834834834836,0.1962345310478887,0.0,0.5
SR-HSE,7,maccs,RF+GCN,lr_l2,1.0,0.6712337337337337,0.1963674579212669,0.0,0.5
SR-HSE,7,maccs,RF+GCN,lr_l2,10.0,0.6701623498498499,0.193555182348437,0.1016327376453058,0.5088369619619619
SR-HSE,7,maccs,RF+XGB,averaging,,0.6415477977977978,0.1836357154440793,0.1549732638514656,0.5328140640640641
SR-HSE,7,maccs,RF+XGB,voting,,0.5308042417417418,0.1170550968925581,0.0885315205250781,0.530248998998999
SR-HSE,7,maccs,RF+XGB,lr_none,,0.6556947572572572,0.2022053932702973,0.1300909816974038,0.5172516266266266
SR-HSE,7,maccs,RF+XGB,lr_l2,0.1,0.6340168293293293,0.1752934569900043,0.0,0.5
SR-HSE,7,maccs,RF+XGB,lr_l2,1.0,0.63842748998999,0.1791631042212626,0.0,0.5
SR-HSE,7,maccs,RF+XGB,lr_l2,10.0,0.6493681181181181,0.1919234545298667,0.1016327376453058,0.5088369619619619
SR-HSE,7,maccs,XGB+GCN,averaging,,0.6325075075075075,0.1591318447725876,0.154405395282327,0.5218812562562563
SR-HSE,7,maccs,XGB+GCN,voting,,0.530248998998999,0.0951415166456446,0.0885315205250781,0.530248998998999
SR-HSE,7,maccs,XGB+GCN,lr_none,,0.6290509259259259,0.1505603057048827,0.0,0.5
SR-HSE,7,maccs,XGB+GCN,lr_l2,0.1,0.6232013263263263,0.1633187255302196,0.0,0.5
SR-HSE,7,maccs,XGB+GCN,lr_l2,1.0,0.6284018393393394,0.1631668398664702,0.0,0.5
SR-HSE,7,maccs,XGB+GCN,lr_l2,10.0,0.6316472722722722,0.1569387474254468,0.0,0.5
SR-HSE,7,maccs,RF+XGB+GCN,averaging,,0.6493681181181181,0.1825561252896745,0.1681865275616481,0.5223035535535536
SR-HSE,7,maccs,RF+XGB+GCN,voting,,0.5308042417417418,0.1170550968925581,0.1613360224513522,0.5180962212212212
SR-HSE,7,maccs,RF+XGB+GCN,lr_none,,0.658079954954955,0.1801725463978,0.1300909816974038,0.5172516266266266
SR-HSE,7,maccs,RF+XGB+GCN,lr_l2,0.1,0.6389279904904904,0.1760542881611057,0.0,0.5
SR-HSE,7,maccs,RF+XGB+GCN,lr_l2,1.0,0.6452311686686687,0.1805603407181402,0.0,0.5
SR-HSE,7,maccs,RF+XGB+GCN,lr_l2,10.0,0.6557494994994996,0.1852689105938191,0.1016327376453058,0.5088369619619619
SR-HSE,7,atompair,RF_only,single,,0.6037248185685685,0.1652058739096746,0.0592399508345141,0.5042073323323323
SR-HSE,7,atompair,XGB_only,single,,0.5912865990990992,0.1602291444029338,0.1257253022575294,0.5273398398398399
SR-HSE,7,Graph,GCN_only,single,,0.6065362237237238,0.1238770587623311,-0.0368976430538401,0.4919763513513513
SR-HSE,7,atompair,RF+GCN,averaging,,0.6314204829829829,0.141709276197106,0.0,0.5
SR-HSE,7,atompair,RF+GCN,voting,,0.5042073323323324,0.0874469670909299,0.0592399508345141,0.5042073323323323
SR-HSE,7,atompair,RF+GCN,lr_none,,0.6339699074074074,0.1457832203529956,0.0592399508345141,0.5042073323323323
SR-HSE,7,atompair,RF+GCN,lr_l2,0.1,0.6302005130130129,0.141919408981237,0.0,0.5
SR-HSE,7,atompair,RF+GCN,lr_l2,1.0,0.6306462712712713,0.1420782778592917,0.0,0.5
SR-HSE,7,atompair,RF+GCN,lr_l2,10.0,0.6329298048048049,0.1410058588162681,-0.0084056810220237,0.4995777027027027
SR-HSE,7,atompair,RF+XGB,averaging,,0.5922093968968969,0.1628522433994358,0.1613360224513522,0.5180962212212212
SR-HSE,7,atompair,RF+XGB,voting,,0.5273593906406407,0.1032708404999426,0.1257253022575294,0.5273398398398399
SR-HSE,7,atompair,RF+XGB,lr_none,,0.5939611486486487,0.1653603107181006,0.0592399508345141,0.5042073323323323
SR-HSE,7,atompair,RF+XGB,lr_l2,0.1,0.5936405155155154,0.1626347020440771,0.0,0.5
SR-HSE,7,atompair,RF+XGB,lr_l2,1.0,0.5941331956956957,0.1630546920262436,0.0,0.5
SR-HSE,7,atompair,RF+XGB,lr_l2,10.0,0.5922563188188188,0.1622967818394719,0.0592399508345141,0.5042073323323323
SR-HSE,7,atompair,XGB+GCN,averaging,,0.6119635260260261,0.1576359643351037,0.0592399508345141,0.5042073323323323
SR-HSE,7,atompair,XGB+GCN,voting,,0.5273398398398399,0.102052516913198,0.1257253022575294,0.5273398398398399
SR-HSE,7,atompair,XGB+GCN,lr_none,,0.6172969844844846,0.1355981050893074,-0.0084056810220237,0.4995777027027027
SR-HSE,7,atompair,XGB+GCN,lr_l2,0.1,0.6045498623623624,0.1608626400025383,0.0,0.5
SR-HSE,7,atompair,XGB+GCN,lr_l2,1.0,0.6073104354354354,0.162315331548068,0.0,0.5
SR-HSE,7,atompair,XGB+GCN,lr_l2,10.0,0.6143800050050049,0.1528299224200099,0.0,0.5
SR-HSE,7,atompair,RF+XGB+GCN,averaging,,0.6180946571571572,0.1643530462540491,0.0592399508345141,0.5042073323323323
SR-HSE,7,atompair,RF+XGB+GCN,voting,,0.5273593906406407,0.1032708404999426,0.0592399508345141,0.5042073323323323
SR-HSE,7,atompair,RF+XGB+GCN,lr_none,,0.6233733733733733,0.1507287929990814,0.0592399508345141,0.5042073323323323
SR-HSE,7,atompair,RF+XGB+GCN,lr_l2,0.1,0.6068646771771772,0.1644429665917725,0.0,0.5
SR-HSE,7,atompair,RF+XGB+GCN,lr_l2,1.0,0.6108452202202203,0.1649736710032502,0.0,0.5
SR-HSE,7,atompair,RF+XGB+GCN,lr_l2,10.0,0.6195805180180181,0.1557054625676456,0.0921511697229265,0.5046296296296297
SR-HSE,123,morgan,RF_only,single,,0.5832042980480481,0.1907393228680211,0.1303719364090422,0.5092592592592593
SR-HSE,123,morgan,XGB_only,single,,0.5939963400900901,0.189141821539048,0.1714112822943285,0.5567755255255256
SR-HSE,123,Graph,GCN_only,single,,0.6122685185185185,0.1371435580421399,-0.0368976430538401,0.4919763513513513
SR-HSE,123,morgan,RF+GCN,averaging,,0.6300128253253252,0.1627999265954487,0.0,0.5
SR-HSE,123,morgan,RF+GCN,voting,,0.5092592592592593,0.1005618621717692,0.1303719364090422,0.5092592592592593
SR-HSE,123,morgan,RF+GCN,lr_none,,0.6294888638638638,0.1627745428114671,0.1303719364090422,0.5092592592592593
SR-HSE,123,morgan,RF+GCN,lr_l2,0.1,0.6321634134134134,0.1561278864973498,0.0,0.5
SR-HSE,123,morgan,RF+GCN,lr_l2,1.0,0.6323980230230231,0.1567544980329748,0.0,0.5
SR-HSE,123,morgan,RF+GCN,lr_l2,10.0,0.6304742242242242,0.1626894017112418,0.0921511697229265,0.5046296296296297
SR-HSE,123,morgan,RF+XGB,averaging,,0.6101335710710711,0.1982079189422549,0.154405395282327,0.5218812562562563
SR-HSE,123,morgan,RF+XGB,voting,,0.5570101351351351,0.1306233994572487,0.1714112822943285,0.5567755255255256
SR-HSE,123,morgan,RF+XGB,lr_none,,0.6134337462462462,0.2005212201389176,0.1597342850071355,0.5138888888888888
SR-HSE,123,morgan,RF+XGB,lr_l2,0.1,0.599146021021021,0.1965679522536489,0.0,0.5
SR-HSE,123,morgan,RF+XGB,lr_l2,1.0,0.6005380380380381,0.1939330067814219,0.0,0.5
SR-HSE,123,morgan,RF+XGB,lr_l2,10.0,0.6083192567567567,0.1968779372154436,0.0921511697229265,0.5046296296296297
SR-HSE,123,morgan,XGB+GCN,averaging,,0.6110407282282282,0.1913782503856435,0.1597342850071355,0.5138888888888888
SR-HSE,123,morgan,XGB+GCN,voting,,0.5567755255255256,0.1182777204449031,0.1714112822943285,0.5567755255255256
SR-HSE,123,morgan,XGB+GCN,lr_none,,0.620823948948949,0.146376487344298,0.0,0.5
SR-HSE,123,morgan,XGB+GCN,lr_l2,0.1,0.5998107482482482,0.1942818036072042,0.0,0.5
SR-HSE,123,morgan,XGB+GCN,lr_l2,1.0,0.604393455955956,0.1937350954164093,0.0,0.5
SR-HSE,123,morgan,XGB+GCN,lr_l2,10.0,0.6165462337337336,0.1871197823014097,0.0,0.5
SR-HSE,123,morgan,RF+XGB+GCN,averaging,,0.6220595595595596,0.198884962860858,0.1303719364090422,0.5092592592592593
SR-HSE,123,morgan,RF+XGB+GCN,voting,,0.5570101351351351,0.1306233994572487,0.1303719364090422,0.5092592592592593
SR-HSE,123,morgan,RF+XGB+GCN,lr_none,,0.6317020145145146,0.1716232255928896,0.1303719364090422,0.5092592592592593
SR-HSE,123,morgan,RF+XGB+GCN,lr_l2,0.1,0.6038616741741742,0.1978579181088211,0.0,0.5
SR-HSE,123,morgan,RF+XGB+GCN,lr_l2,1.0,0.6097112737737738,0.1953944553651123,0.0,0.5
SR-HSE,123,morgan,RF+XGB+GCN,lr_l2,10.0,0.6248826951951951,0.1926594956994128,0.0921511697229265,0.5046296296296297
SR-HSE,123,maccs,RF_only,single,,0.6321946946946947,0.1963948006137649,0.1438979465067106,0.517673923923924
SR-HSE,123,maccs,XGB_only,single,,0.6151151151151151,0.1607486660343745,0.0885315205250781,0.530248998998999
SR-HSE,123,Graph,GCN_only,single,,0.6122685185185185,0.1371435580421399,-0.0368976430538401,0.4919763513513513
SR-HSE,123,maccs,RF+GCN,averaging,,0.6437453078078078,0.1685810053704363,0.0,0.5
SR-HSE,123,maccs,RF+GCN,voting,,0.5176739239239239,0.105186714061843,0.1438979465067106,0.517673923923924
SR-HSE,123,maccs,RF+GCN,lr_none,,0.6460523023023024,0.1790980081823644,0.1187564012321543,0.5168293293293293
SR-HSE,123,maccs,RF+GCN,lr_l2,0.1,0.6468812562562563,0.1853677845676039,0.0,0.5
SR-HSE,123,maccs,RF+GCN,lr_l2,1.0,0.6468421546546546,0.1853382673853587,0.0,0.5
SR-HSE,123,maccs,RF+GCN,lr_l2,10.0,0.6466544669669669,0.1841014277042234,0.1613360224513522,0.5180962212212212
SR-HSE,123,maccs,RF+XGB,averaging,,0.6286990115115114,0.1777900487189096,0.1549732638514656,0.5328140640640641
SR-HSE,123,maccs,RF+XGB,voting,,0.5307651401401401,0.1121168252876199,0.0885315205250781,0.530248998998999
SR-HSE,123,maccs,RF+XGB,lr_none,,0.6323119994994995,0.1912805979839593,0.1328772202208698,0.5210366616616616
SR-HSE,123,maccs,RF+XGB,lr_l2,0.1,0.6248592342342343,0.1730995313952663,0.0,0.5
SR-HSE,123,maccs,RF+XGB,lr_l2,1.0,0.6267908533533534,0.174587486548335,0.0,0.5
SR-HSE,123,maccs,RF+XGB,lr_l2,10.0,0.6322963588588588,0.186607462961993,0.1162958018361519,0.5130442942942943
SR-HSE,123,maccs,XGB+GCN,averaging,,0.6324293043043043,0.1634425670333088,0.154405395282327,0.5218812562562563
SR-HSE,123,maccs,XGB+GCN,voting,,0.530248998998999,0.0951415166456446,0.0885315205250781,0.530248998998999
SR-HSE,123,maccs,XGB+GCN,lr_none,,0.6259697197197198,0.1436383726813148,0.0,0.5
SR-HSE,123,maccs,XGB+GCN,lr_l2,0.1,0.6243274524524525,0.1623429282391713,0.0,0.5
SR-HSE,123,maccs,XGB+GCN,lr_l2,1.0,0.6293480980980981,0.1633103903808702,0.0,0.5
SR-HSE,123,maccs,XGB+GCN,lr_l2,10.0,0.6304507632632632,0.1603545574280521,0.0,0.5
SR-HSE,123,maccs,RF+XGB+GCN,averaging,,0.641234984984985,0.1777326578926291,0.1681865275616481,0.5223035535535536
SR-HSE,123,maccs,RF+XGB+GCN,voting,,0.5307651401401401,0.1121168252876199,0.1438979465067106,0.517673923923924
SR-HSE,123,maccs,RF+XGB+GCN,lr_none,,0.6426973848848848,0.1767472075780617,0.154405395282327,0.5218812562562563
SR-HSE,123,maccs,RF+XGB+GCN,lr_l2,0.1,0.633180055055055,0.1732531984171227,0.0,0.5
SR-HSE,123,maccs,RF+XGB+GCN,lr_l2,1.0,0.6389514514514514,0.1785039466207218,0.0,0.5
SR-HSE,123,maccs,RF+XGB+GCN,lr_l2,10.0,0.6422985485485486,0.179505527746907,0.0838429616596384,0.5084146646646647
SR-HSE,123,atompair,RF_only,single,,0.6236431744244244,0.1555545050872163,0.0592399508345141,0.5042073323323323
SR-HSE,123,atompair,XGB_only,single,,0.5912865990990992,0.1602291444029338,0.1257253022575294,0.5273398398398399
SR-HSE,123,Graph,GCN_only,single,,0.6122685185185185,0.1371435580421399,-0.0368976430538401,0.4919763513513513
SR-HSE,123,atompair,RF+GCN,averaging,,0.6283549174174174,0.1372155324132237,0.0,0.5
SR-HSE,123,atompair,RF+GCN,voting,,0.5042073323323324,0.0874469670909299,0.0592399508345141,0.5042073323323323
SR-HSE,123,atompair,RF+GCN,lr_none,,0.6341497747747749,0.1393229049751958,0.1016327376453058,0.5088369619619619
SR-HSE,123,atompair,RF+GCN,lr_l2,0.1,0.627072384884885,0.1377518796276176,0.0,0.5
SR-HSE,123,atompair,RF+GCN,lr_l2,1.0,0.6277996746746748,0.1377000521637087,0.0,0.5
SR-HSE,123,atompair,RF+GCN,lr_l2,10.0,0.6319444444444445,0.1356099756375057,-0.0084056810220237,0.4995777027027027
SR-HSE,123,atompair,RF+XGB,averaging,,0.6157720220220221,0.164305437847075,0.1341799070426556,0.5134665915915916
SR-HSE,123,atompair,RF+XGB,voting,,0.5273593906406407,0.1032708404999426,0.1257253022575294,0.5273398398398399
SR-HSE,123,atompair,RF+XGB,lr_none,,0.6235767017017018,0.1672410963373332,0.1016327376453058,0.5088369619619619
SR-HSE,123,atompair,RF+XGB,lr_l2,0.1,0.6028528528528528,0.1648865605281751,0.0,0.5
SR-HSE,123,atompair,RF+XGB,lr_l2,1.0,0.6072009509509511,0.1617886695875354,0.0,0.5
SR-HSE,123,atompair,RF+XGB,lr_l2,10.0,0.6172031406406406,0.1646282264426401,0.0592399508345141,0.5042073323323323
SR-HSE,123,atompair,XGB+GCN,averaging,,0.6110720095095096,0.1574503499208775,0.0592399508345141,0.5042073323323323
SR-HSE,123,atompair,XGB+GCN,voting,,0.5273398398398399,0.102052516913198,0.1257253022575294,0.5273398398398399
SR-HSE,123,atompair,XGB+GCN,lr_none,,0.6165931556556558,0.1346894909586815,-0.0084056810220237,0.4995777027027027
SR-HSE,123,atompair,XGB+GCN,lr_l2,0.1,0.6052458708708709,0.1610219144238485,0.0,0.5
SR-HSE,123,atompair,XGB+GCN,lr_l2,1.0,0.6077952952952953,0.1622268933343466,0.0,0.5
SR-HSE,123,atompair,XGB+GCN,lr_l2,10.0,0.6136136136136136,0.1518654053146098,0.0,0.5
SR-HSE,123,atompair,RF+XGB+GCN,averaging,,0.6277683933933934,0.1579899365786697,0.0592399508345141,0.5042073323323323
SR-HSE,123,atompair,RF+XGB+GCN,voting,,0.5273593906406407,0.1032708404999426,0.0592399508345141,0.5042073323323323
SR-HSE,123,atompair,RF+XGB+GCN,lr_none,,0.6308261386386387,0.1465669629445531,0.0435311902834761,0.503785035035035
SR-HSE,123,atompair,RF+XGB+GCN,lr_l2,0.1,0.6126595345345345,0.1647229664178815,0.0,0.5
SR-HSE,123,atompair,RF+XGB+GCN,lr_l2,1.0,0.6172266016016017,0.165250938422766,0.0,0.5
SR-HSE,123,atompair,RF+XGB+GCN,lr_l2,10.0,0.6269159784784784,0.1494845074472328,0.0592399508345141,0.5042073323323323
SR-HSE,999,morgan,RF_only,single,,0.5931126438938938,0.182530156191848,0.1016327376453058,0.5088369619619619
SR-HSE,999,morgan,XGB_only,single,,0.5939963400900901,0.189141821539048,0.1714112822943285,0.5567755255255256
SR-HSE,999,Graph,GCN_only,single,,0.6195414164164164,0.1486915326301169,-0.0368976430538401,0.4919763513513513
SR-HSE,999,morgan,RF+GCN,averaging,,0.6269003378378378,0.1621031568228104,0.0,0.5
SR-HSE,999,morgan,RF+GCN,voting,,0.5088369619619619,0.0943890226655964,0.1016327376453058,0.5088369619619619
SR-HSE,999,morgan,RF+GCN,lr_none,,0.6259071571571572,0.1613273364275662,0.0712555812209516,0.5079923673673674
SR-HSE,999,morgan,RF+GCN,lr_l2,0.1,0.6257038288288288,0.1612675392797524,0.0,0.5
SR-HSE,999,morgan,RF+GCN,lr_l2,1.0,0.6259618993993994,0.1613415205565594,0.0,0.5
SR-HSE,999,morgan,RF+GCN,lr_l2,10.0,0.6265797047047047,0.1618822536831167,0.0921511697229265,0.5046296296296297
SR-HSE,999,morgan,RF+XGB,averaging,,0.6107826576576576,0.1925486584587586,0.1428209083390712,0.521458958958959
SR-HSE,999,morgan,RF+XGB,voting,,0.5569514827327328,0.1244505599510759,0.1714112822943285,0.5567755255255256
SR-HSE,999,morgan,RF+XGB,lr_none,,0.6058245745745746,0.1925306327193504,0.0921511697229265,0.5046296296296297
SR-HSE,999,morgan,RF+XGB,lr_l2,0.1,0.5982310435435436,0.1931602715867514,0.0,0.5
SR-HSE,999,morgan,RF+XGB,lr_l2,1.0,0.5982545045045045,0.1932063079539289,0.0,0.5
SR-HSE,999,morgan,RF+XGB,lr_l2,10.0,0.6027277277277278,0.1907979885259118,0.0,0.5
SR-HSE,999,morgan,XGB+GCN,averaging,,0.6014530155155156,0.1914015568675479,0.0,0.5
SR-HSE,999,morgan,XGB+GCN,voting,,0.5567755255255256,0.1182777204449031,0.1714112822943285,0.5567755255255256
SR-HSE,999,morgan,XGB+GCN,lr_none,,0.6113691816816818,0.1385862772102095,0.0,0.5
SR-HSE,999,morgan,XGB+GCN,lr_l2,0.1,0.5936326951951951,0.1897631811533382,0.0,0.5
SR-HSE,999,morgan,XGB+GCN,lr_l2,1.0,0.5947197197197197,0.195177152340269,0.0,0.5
SR-HSE,999,morgan,XGB+GCN,lr_l2,10.0,0.6040728228228228,0.1881840373483003,0.0,0.5
SR-HSE,999,morgan,RF+XGB+GCN,averaging,,0.6140906531531533,0.1942205789864701,0.0921511697229265,0.5046296296296297
SR-HSE,999,morgan,RF+XGB+GCN,voting,,0.5569514827327328,0.1244505599510759,0.1016327376453058,0.5088369619619619
SR-HSE,999,morgan,RF+XGB+GCN,lr_none,,0.6194397522522521,0.158484889044136,0.0921511697229265,0.5046296296296297
SR-HSE,999,morgan,RF+XGB+GCN,lr_l2,0.1,0.5978556681681682,0.196492341314899,0.0,0.5
SR-HSE,999,morgan,RF+XGB+GCN,lr_l2,1.0,0.5992555055055055,0.1922916447012263,0.0,0.5
SR-HSE,999,morgan,RF+XGB+GCN,lr_l2,10.0,0.6110876501501502,0.189482439595616,0.0,0.5
SR-HSE,999,maccs,RF_only,single,,0.642161692942943,0.1922817252467358,0.1438979465067106,0.517673923923924
SR-HSE,999,maccs,XGB_only,single,,0.6151151151151151,0.1607486660343745,0.0885315205250781,0.530248998998999
SR-HSE,999,Graph,GCN_only,single,,0.6195414164164164,0.1486915326301169,-0.0368976430538401,0.4919763513513513
SR-HSE,999,maccs,RF+GCN,averaging,,0.6644222347347347,0.176098753495718,0.0,0.5
SR-HSE,999,maccs,RF+GCN,voting,,0.5176739239239239,0.105186714061843,0.1438979465067106,0.517673923923924
SR-HSE,999,maccs,RF+GCN,lr_none,,0.6566957582582582,0.1799187783506087,0.1647875117683352,0.5260885885885885
SR-HSE,999,maccs,RF+GCN,lr_l2,0.1,0.6458567942942943,0.1914805797726807,0.0,0.5
SR-HSE,999,maccs,RF+GCN,lr_l2,1.0,0.6462087087087087,0.1912588653396371,0.0,0.5
SR-HSE,999,maccs,RF+GCN,lr_l2,10.0,0.6517767767767767,0.1853175448518379,0.1438979465067106,0.517673923923924
SR-HSE,999,maccs,RF+XGB,averaging,,0.6381146771771772,0.1753072184195706,0.1788323507075302,0.537865990990991
SR-HSE,999,maccs,RF+XGB,voting,,0.5307651401401401,0.1121168252876199,0.0885315205250781,0.530248998998999
SR-HSE,999,maccs,RF+XGB,lr_none,,0.6435419794794794,0.1906160618404632,0.1328772202208698,0.5210366616616616
SR-HSE,999,maccs,RF+XGB,lr_l2,0.1,0.6318271396396397,0.174987788198914,0.0,0.5
SR-HSE,999,maccs,RF+XGB,lr_l2,1.0,0.6371527777777778,0.1746344874967586,0.0,0.5
SR-HSE,999,maccs,RF+XGB,lr_l2,10.0,0.6454579579579578,0.183382444404131,0.1438979465067106,0.517673923923924
SR-HSE,999,maccs,XGB+GCN,averaging,,0.6258445945945946,0.1641874537716428,0.0335060162766213,0.5033627377377378
SR-HSE,999,maccs,XGB+GCN,voting,,0.530248998998999,0.0951415166456446,0.0885315205250781,0.530248998998999
SR-HSE,999,maccs,XGB+GCN,lr_none,,0.633860422922923,0.1435769300679703,0.0,0.5
SR-HSE,999,maccs,XGB+GCN,lr_l2,0.1,0.6150369119119119,0.1612799577195423,0.0,0.5
SR-HSE,999,maccs,XGB+GCN,lr_l2,1.0,0.6176332582582582,0.1622636915882177,0.0,0.5
SR-HSE,999,maccs,XGB+GCN,lr_l2,10.0,0.6273069944944945,0.1642948641098096,0.0,0.5
SR-HSE,999,maccs,RF+XGB+GCN,averaging,,0.6436201826826827,0.1789974527634552,0.1438979465067106,0.517673923923924
SR-HSE,999,maccs,RF+XGB+GCN,voting,,0.5307651401401401,0.1121168252876199,0.1438979465067106,0.517673923923924
SR-HSE,999,maccs,RF+XGB+GCN,lr_none,,0.6586039164164164,0.180739705161407,0.1428209083390712,0.521458958958959
SR-HSE,999,maccs,RF+XGB+GCN,lr_l2,0.1,0.6310451076076077,0.1754254825611484,0.0,0.5
SR-HSE,999,maccs,RF+XGB+GCN,lr_l2,1.0,0.6372309809809811,0.1793177989651894,0.0,0.5
SR-HSE,999,maccs,RF+XGB+GCN,lr_l2,10.0,0.652152152152152,0.1831895377908557,0.1438979465067106,0.517673923923924
SR-HSE,999,atompair,RF_only,single,,0.6132265077577578,0.1546397557512324,-0.0084056810220237,0.4995777027027027
SR-HSE,999,atompair,XGB_only,single,,0.5912865990990992,0.1602291444029338,0.1257253022575294,0.5273398398398399
SR-HSE,999,Graph,GCN_only,single,,0.6195414164164164,0.1486915326301169,-0.0368976430538401,0.4919763513513513
SR-HSE,999,atompair,RF+GCN,averaging,,0.6471862487487487,0.1491406170065876,0.0,0.5
SR-HSE,999,atompair,RF+GCN,voting,,0.4995777027027027,0.0835913312693498,-0.0084056810220237,0.4995777027027027
SR-HSE,999,atompair,RF+GCN,lr_none,,0.6368477852852853,0.1443009199857341,0.0335060162766213,0.5033627377377378
SR-HSE,999,atompair,RF+GCN,lr_l2,0.1,0.6432839089089089,0.1469892910730529,0.0,0.5
SR-HSE,999,atompair,RF+GCN,lr_l2,1.0,0.6434246746746747,0.1471181556242201,0.0,0.5
SR-HSE,999,atompair,RF+GCN,lr_l2,10.0,0.6424862362362364,0.1461020308604874,0.0,0.5
SR-HSE,999,atompair,RF+XGB,averaging,,0.6018674924924925,0.1616447940757994,0.1162958018361519,0.5130442942942943
SR-HSE,999,atompair,RF+XGB,voting,,0.5273124687187187,0.102052516913198,0.1257253022575294,0.5273398398398399
SR-HSE,999,atompair,RF+XGB,lr_none,,0.6055430430430431,0.164111634918424,0.0592399508345141,0.5042073323323323
SR-HSE,999,atompair,RF+XGB,lr_l2,0.1,0.5984421921921921,0.1622602404923562,0.0,0.5
SR-HSE,999,atompair,RF+XGB,lr_l2,1.0,0.5992789664664664,0.1625661986309175,0.0,0.5
SR-HSE,999,atompair,RF+XGB,lr_l2,10.0,0.6007179054054054,0.1608575392953795,0.0592399508345141,0.5042073323323323
SR-HSE,999,atompair,XGB+GCN,averaging,,0.6130036286286287,0.1547232116814459,0.0921511697229265,0.5046296296296297
SR-HSE,999,atompair,XGB+GCN,voting,,0.5273398398398399,0.102052516913198,0.1257253022575294,0.5273398398398399
SR-HSE,999,atompair,XGB+GCN,lr_none,,0.6194319319319319,0.1333472490815865,-0.0084056810220237,0.4995777027027027
SR-HSE,999,atompair,XGB+GCN,lr_l2,0.1,0.5952202202202201,0.160462682507395,0.0,0.5
SR-HSE,999,atompair,XGB+GCN,lr_l2,1.0,0.5989270520520521,0.1600962097820907,0.0,0.5
SR-HSE,999,atompair,XGB+GCN,lr_l2,10.0,0.6133555430430431,0.1547869042702813,0.0,0.5
SR-HSE,999,atompair,RF+XGB+GCN,averaging,,0.6174455705705706,0.1554383452208574,0.0592399508345141,0.5042073323323323
SR-HSE,999,atompair,RF+XGB+GCN,voting,,0.5273124687187187,0.102052516913198,-0.0084056810220237,0.4995777027027027
SR-HSE,999,atompair,RF+XGB+GCN,lr_none,,0.6254848598598599,0.1435443407361595,0.0435311902834761,0.503785035035035
SR-HSE,999,atompair,RF+XGB+GCN,lr_l2,0.1,0.6015703203203204,0.1622021548153998,0.0,0.5
SR-HSE,999,atompair,RF+XGB+GCN,lr_l2,1.0,0.6056681681681682,0.1636509781940056,0.0,0.5
SR-HSE,999,atompair,RF+XGB+GCN,lr_l2,10.0,0.6173282657657657,0.1578155335368091,0.0592399508345141,0.5042073323323323
SR-MMP,42,morgan,RF_only,single,,0.7132540760869566,0.424987396223707,0.178614235497259,0.530072463768116
SR-MMP,42,morgan,XGB_only,single,,0.6957676630434784,0.413950671152225,0.2557500448308245,0.6065217391304347
SR-MMP,42,Graph,GCN_only,single,,0.7223641304347826,0.393681605570202,0.2471332645888085,0.6165760869565218
SR-MMP,42,morgan,RF+GCN,averaging,,0.7444565217391305,0.4449980130273732,0.2734082984025774,0.5735507246376812
SR-MMP,42,morgan,RF+GCN,voting,,0.6216870471014493,0.314880451909044,0.2685671892477559,0.6192028985507246
SR-MMP,42,morgan,RF+GCN,lr_none,,0.745901268115942,0.4516521412061922,0.2829011969397972,0.5980072463768116
SR-MMP,42,morgan,RF+GCN,lr_l2,0.1,0.7389085144927536,0.4274124202555501,0.1006050061385163,0.5169384057971015
SR-MMP,42,morgan,RF+GCN,lr_l2,1.0,0.7434057971014494,0.441606744772821,0.2674959107467114,0.5892210144927537
SR-MMP,42,morgan,RF+GCN,lr_l2,10.0,0.7454891304347825,0.4504637185997359,0.2810184075014462,0.5964673913043478
SR-MMP,42,morgan,RF+XGB,averaging,,0.7169451992753624,0.4243210901638365,0.2293192447560631,0.5660326086956522
SR-MMP,42,morgan,RF+XGB,voting,,0.6086050724637682,0.306147552790021,0.2557500448308245,0.6065217391304347
SR-MMP,42,morgan,RF+XGB,lr_none,,0.7190240036231884,0.4308221250605581,0.2259924814835999,0.5690217391304347
SR-MMP,42,morgan,RF+XGB,lr_l2,0.1,0.7151834239130435,0.4220373786360054,0.1117274196620857,0.5114130434782609
SR-MMP,42,morgan,RF+XGB,lr_l2,1.0,0.719698822463768,0.4289093249692524,0.2515116626779605,0.5692934782608696
SR-MMP,42,morgan,RF+XGB,lr_l2,10.0,0.7197894021739131,0.4308580125152142,0.2302372770795074,0.5685688405797101
SR-MMP,42,morgan,XGB+GCN,averaging,,0.7440307971014493,0.4413832238478047,0.3035592609393546,0.6149456521739131
SR-MMP,42,morgan,XGB+GCN,voting,,0.6570606884057971,0.3405327822719362,0.2926791358739578,0.6498188405797102
SR-MMP,42,morgan,XGB+GCN,lr_none,,0.7417300724637681,0.4304499798847908,0.2823954208345031,0.602536231884058
SR-MMP,42,morgan,XGB+GCN,lr_l2,0.1,0.744116847826087,0.4383593981710639,0.1836089903290485,0.538768115942029
SR-MMP,42,morgan,XGB+GCN,lr_l2,1.0,0.7424365942028986,0.432213116882899,0.2546434747153787,0.5845108695652174
SR-MMP,42,morgan,XGB+GCN,lr_l2,10.0,0.7418614130434782,0.4307631982422256,0.2831042060895335,0.6015398550724638
SR-MMP,42,morgan,RF+XGB+GCN,averaging,,0.7500905797101449,0.4559116262016431,0.2349159591661023,0.5681159420289855
SR-MMP,42,morgan,RF+XGB+GCN,voting,,0.6577287137681159,0.3524061835087098,0.2532376492029567,0.5759057971014493
SR-MMP,42,morgan,RF+XGB+GCN,lr_none,,0.7462001811594203,0.4520718140976311,0.2829011969397972,0.5980072463768116
SR-MMP,42,morgan,RF+XGB+GCN,lr_l2,0.1,0.7493795289855072,0.4473848424236153,0.201891110771909,0.5460144927536232
SR-MMP,42,morgan,RF+XGB+GCN,lr_l2,1.0,0.7483786231884058,0.4468085516914926,0.2645571263736179,0.5886775362318841
SR-MMP,42,morgan,RF+XGB+GCN,lr_l2,10.0,0.7471195652173913,0.4508458858947605,0.2829011969397972,0.5980072463768116
SR-MMP,42,maccs,RF_only,single,,0.7397486413043478,0.4640647328163814,0.1983434667932019,0.5388586956521739
SR-MMP,42,maccs,XGB_only,single,,0.7493953804347827,0.4835941704924043,0.3372485877744955,0.6290760869565217
SR-MMP,42,Graph,GCN_only,single,,0.7223641304347826,0.393681605570202,0.2471332645888085,0.6165760869565218
SR-MMP,42,maccs,RF+GCN,averaging,,0.7567278079710145,0.4508124714825581,0.2513393569931327,0.5743659420289855
SR-MMP,42,maccs,RF+GCN,voting,,0.6220199275362319,0.3154105554163999,0.2685671892477559,0.6192028985507246
SR-MMP,42,maccs,RF+GCN,lr_none,,0.7662658514492754,0.4708870763223189,0.2685452053183621,0.5917572463768116
SR-MMP,42,maccs,RF+GCN,lr_l2,0.1,0.7552151268115942,0.4479568142609588,0.1711681942553513,0.536141304347826
SR-MMP,42,maccs,RF+GCN,lr_l2,1.0,0.7626154891304349,0.4627322594513248,0.2625584380237881,0.5871376811594202
SR-MMP,42,maccs,RF+GCN,lr_l2,10.0,0.7658265398550725,0.4699966300278583,0.27141147816688,0.5923007246376811
SR-MMP,42,maccs,RF+XGB,averaging,,0.7560733695652174,0.4873438655368042,0.2816724579428132,0.5827898550724638
SR-MMP,42,maccs,RF+XGB,voting,,0.6318750000000001,0.3395913154533844,0.3414943138429966,0.631159420289855
SR-MMP,42,maccs,RF+XGB,lr_none,,0.7509782608695652,0.4797971188237804,0.2868513733283379,0.5848731884057972
SR-MMP,42,maccs,RF+XGB,lr_l2,0.1,0.7564039855072463,0.4870257546096128,0.2385669670519631,0.5467391304347826
SR-MMP,42,maccs,RF+XGB,lr_l2,1.0,0.7549818840579711,0.4863409174495847,0.2892715135476207,0.5838768115942029
SR-MMP,42,maccs,RF+XGB,lr_l2,10.0,0.7521557971014494,0.4813239547268435,0.2957293774121391,0.5875
SR-MMP,42,maccs,XGB+GCN,averaging,,0.7619384057971014,0.4883372066114609,0.3490187447062759,0.6251811594202898
SR-MMP,42,maccs,XGB+GCN,voting,,0.6699003623188405,0.3695551397960618,0.3282317849904336,0.6623188405797101
SR-MMP,42,maccs,XGB+GCN,lr_none,,0.7599139492753624,0.4829943177143476,0.3298723700115177,0.6153079710144927
SR-MMP,42,maccs,XGB+GCN,lr_l2,0.1,0.7617119565217391,0.4878636321158058,0.27363185253571,0.5679347826086957
SR-MMP,42,maccs,XGB+GCN,lr_l2,1.0,0.7603396739130435,0.484226644826872,0.3254806931500759,0.6106884057971015
SR-MMP,42,maccs,XGB+GCN,lr_l2,10.0,0.7599909420289854,0.4834611662420395,0.3298723700115177,0.6153079710144927
SR-MMP,42,maccs,RF+XGB+GCN,averaging,,0.7709827898550725,0.4926549557192536,0.2997932283008854,0.5921195652173913
SR-MMP,42,maccs,RF+XGB+GCN,voting,,0.6702853260869565,0.3725959276929875,0.2995466401755081,0.5880434782608696
SR-MMP,42,maccs,RF+XGB+GCN,lr_none,,0.7697644927536231,0.4793538094477187,0.2933852938078733,0.6011775362318841
SR-MMP,42,maccs,RF+XGB+GCN,lr_l2,0.1,0.7689990942028986,0.4900170618693932,0.2709977033874264,0.5704710144927536
SR-MMP,42,maccs,RF+XGB+GCN,lr_l2,1.0,0.7700362318840579,0.485389502718873,0.303740766132734,0.6018115942028985
SR-MMP,42,maccs,RF+XGB+GCN,lr_l2,10.0,0.7700135869565218,0.4806685933865202,0.2980659561103224,0.6032608695652174
SR-MMP,42,atompair,RF_only,single,,0.7266281702898552,0.4208083624232554,0.1285369173834303,0.5206521739130435
SR-MMP,42,atompair,XGB_only,single,,0.6987545289855072,0.3962184483917332,0.2526233740340924,0.6118659420289855
SR-MMP,42,Graph,GCN_only,single,,0.7223641304347826,0.393681605570202,0.2471332645888085,0.6165760869565218
SR-MMP,42,atompair,RF+GCN,averaging,,0.7424456521739129,0.4384798860437756,0.251219308210183,0.5718297101449276
SR-MMP,42,atompair,RF+GCN,voting,,0.6184171195652174,0.3009632537947533,0.2644874677134263,0.6171195652173913
SR-MMP,42,atompair,RF+GCN,lr_none,,0.746856884057971,0.45332569386649,0.3053581351589226,0.6033514492753623
SR-MMP,42,atompair,RF+GCN,lr_l2,0.1,0.7391847826086957,0.431771675972031,0.1318086978820134,0.5221920289855072
SR-MMP,42,atompair,RF+GCN,lr_l2,1.0,0.7448505434782609,0.444979719219893,0.2810459317578674,0.5903985507246376
SR-MMP,42,atompair,RF+GCN,lr_l2,10.0,0.7467527173913044,0.4533256507824433,0.302308172442992,0.6028079710144927
SR-MMP,42,atompair,RF+XGB,averaging,,0.7227128623188406,0.4176348689462654,0.2053287771756472,0.5642210144927536
SR-MMP,42,atompair,RF+XGB,voting,,0.613070652173913,0.294100868599791,0.2526233740340924,0.6118659420289855
SR-MMP,42,atompair,RF+XGB,lr_none,,0.7294338768115942,0.4258895280737893,0.230775466198678,0.565036231884058
SR-MMP,42,atompair,RF+XGB,lr_l2,0.1,0.720036231884058,0.4160643296158527,0.1325173110092026,0.5196557971014493
SR-MMP,42,atompair,RF+XGB,lr_l2,1.0,0.7293297101449275,0.4233697251540665,0.1968749439804911,0.5550724637681159
SR-MMP,42,atompair,RF+XGB,lr_l2,10.0,0.73174365942029,0.4293252126150794,0.2179302025864025,0.5618659420289855
SR-MMP,42,atompair,XGB+GCN,averaging,,0.7405298913043479,0.4288476110906927,0.2571140193573452,0.5990942028985508
SR-MMP,42,atompair,XGB+GCN,voting,,0.653328804347826,0.338001443771701,0.2782525776143248,0.6443840579710145
SR-MMP,42,atompair,XGB+GCN,lr_none,,0.741634963768116,0.4291715998856053,0.2643182819787597,0.5932065217391305
SR-MMP,42,atompair,XGB+GCN,lr_l2,0.1,0.7412001811594203,0.428806805072246,0.2164416258768049,0.5542572463768116
SR-MMP,42,atompair,XGB+GCN,lr_l2,1.0,0.7415172101449277,0.4289240625918981,0.255963131028824,0.5870471014492753
SR-MMP,42,atompair,XGB+GCN,lr_l2,10.0,0.7415806159420288,0.4291742467781466,0.2670205588977754,0.59375
SR-MMP,42,atompair,RF+XGB+GCN,averaging,,0.7481521739130436,0.4423763589062097,0.2410772571675415,0.576268115942029
SR-MMP,42,atompair,RF+XGB+GCN,voting,,0.6532653985507246,0.3390856350981704,0.2616109794223447,0.5846014492753623
SR-MMP,42,atompair,RF+XGB+GCN,lr_none,,0.7447146739130435,0.4537047010152616,0.2975970607333233,0.6007246376811594
SR-MMP,42,atompair,RF+XGB+GCN,lr_l2,0.1,0.7473052536231884,0.4406711776684705,0.2265175274366675,0.5594202898550724
SR-MMP,42,atompair,RF+XGB+GCN,lr_l2,1.0,0.7497056159420289,0.446435649113344,0.2697338042652226,0.5872282608695653
SR-MMP,42,atompair,RF+XGB+GCN,lr_l2,10.0,0.7472599637681159,0.4529613077867452,0.302308172442992,0.6028079710144927
SR-MMP,1,morgan,RF_only,single,,0.7286752717391305,0.4525895016462853,0.178614235497259,0.530072463768116
SR-MMP,1,morgan,XGB_only,single,,0.6957676630434784,0.413950671152225,0.2557500448308245,0.6065217391304347
SR-MMP,1,Graph,GCN_only,single,,0.7524003623188407,0.4412801263380331,0.266261795807143,0.6022644927536231
SR-MMP,1,morgan,RF+GCN,averaging,,0.7626336050724638,0.4836982765929817,0.2565587239107377,0.5673007246376811
SR-MMP,1,morgan,RF+GCN,voting,,0.6033740942028986,0.3242714052481205,0.2992966799648873,0.6022644927536231
SR-MMP,1,morgan,RF+GCN,lr_none,,0.7624796195652174,0.4827197530661307,0.3493196490314859,0.6226449275362319
SR-MMP,1,morgan,RF+GCN,lr_l2,0.1,0.7614107789855074,0.468071193104514,0.1903658308262685,0.5433876811594203
SR-MMP,1,morgan,RF+GCN,lr_l2,1.0,0.7619542572463769,0.4733664508493005,0.3383755378582765,0.6128623188405797
SR-MMP,1,morgan,RF+GCN,lr_l2,10.0,0.7623980978260869,0.4804902518253057,0.3449019045446426,0.6205615942028986
SR-MMP,1,morgan,RF+XGB,averaging,,0.7242549818840579,0.4351338649678116,0.2384416838478681,0.568659420289855
SR-MMP,1,morgan,RF+XGB,voting,,0.608768115942029,0.3086872353297035,0.2557500448308245,0.6065217391304347
SR-MMP,1,morgan,RF+XGB,lr_none,,0.7319316123188406,0.4506339013014311,0.2707518896022805,0.5836956521739131
SR-MMP,1,morgan,RF+XGB,lr_l2,0.1,0.7205185688405796,0.430878904444659,0.0975964470881386,0.5093297101449276
SR-MMP,1,morgan,RF+XGB,lr_l2,1.0,0.7286435688405797,0.4413028924454021,0.2570926492130265,0.571376811594203
SR-MMP,1,morgan,RF+XGB,lr_l2,10.0,0.7317776268115941,0.4494211415575161,0.2724493232933339,0.5826992753623188
SR-MMP,1,morgan,XGB+GCN,averaging,,0.7496467391304348,0.4701069975601072,0.3021332545658352,0.6002717391304347
SR-MMP,1,morgan,XGB+GCN,voting,,0.6424773550724638,0.3405021846095261,0.306464214817641,0.6384963768115942
SR-MMP,1,morgan,XGB+GCN,lr_none,,0.757848731884058,0.4631669870782573,0.3284010985134077,0.616304347826087
SR-MMP,1,morgan,XGB+GCN,lr_l2,0.1,0.7559103260869565,0.4720137683817649,0.2164416258768049,0.5542572463768116
SR-MMP,1,morgan,XGB+GCN,lr_l2,1.0,0.7576630434782609,0.4654655215921671,0.3269312740791472,0.6122282608695653
SR-MMP,1,morgan,XGB+GCN,lr_l2,10.0,0.7578079710144927,0.4633068045968699,0.3239119082363614,0.6142210144927536
SR-MMP,1,morgan,RF+XGB+GCN,averaging,,0.7570606884057971,0.4805279434236348,0.2419772336352666,0.5666666666666667
SR-MMP,1,morgan,RF+XGB+GCN,voting,,0.6427536231884058,0.3547345621483552,0.2494174955016352,0.5702898550724638
SR-MMP,1,morgan,RF+XGB+GCN,lr_none,,0.7628894927536232,0.4827376603030101,0.3388103148007619,0.6194746376811594
SR-MMP,1,morgan,RF+XGB+GCN,lr_l2,0.1,0.7612998188405797,0.4784178023078445,0.2164416258768049,0.5542572463768116
SR-MMP,1,morgan,RF+XGB+GCN,lr_l2,1.0,0.7635190217391303,0.47675838980109,0.3409290402881319,0.6159420289855072
SR-MMP,1,morgan,RF+XGB+GCN,lr_l2,10.0,0.7635009057971014,0.4819132966313677,0.3298723700115177,0.6153079710144927
SR-MMP,1,maccs,RF_only,single,,0.7271014492753622,0.4506422473627459,0.1908341913588905,0.5367753623188406
SR-MMP,1,maccs,XGB_only,single,,0.7493953804347827,0.4835941704924043,0.3372485877744955,0.6290760869565217
SR-MMP,1,Graph,GCN_only,single,,0.7524003623188407,0.4412801263380331,0.266261795807143,0.6022644927536231
SR-MMP,1,maccs,RF+GCN,averaging,,0.7718795289855072,0.4855848222759896,0.2465449917527143,0.5646739130434782
SR-MMP,1,maccs,RF+GCN,voting,,0.6050317028985508,0.3176168146303614,0.3039748407902967,0.6043478260869566
SR-MMP,1,maccs,RF+GCN,lr_none,,0.7703713768115943,0.4907516168618252,0.2951649903948729,0.6027173913043478
SR-MMP,1,maccs,RF+GCN,lr_l2,0.1,0.7713813405797101,0.4815584934065311,0.2183842328022927,0.5491847826086956
SR-MMP,1,maccs,RF+GCN,lr_l2,1.0,0.7715307971014492,0.4882744620264134,0.3022251036367344,0.5977355072463768
SR-MMP,1,maccs,RF+GCN,lr_l2,10.0,0.7703940217391303,0.4904649293594177,0.3086192660915408,0.6064311594202898
SR-MMP,1,maccs,RF+XGB,averaging,,0.7514673913043477,0.4839465928089114,0.284053879306893,0.5817934782608696
SR-MMP,1,maccs,RF+XGB,voting,,0.6298120471014493,0.3372126436781609,0.3372485877744955,0.6290760869565217
SR-MMP,1,maccs,RF+XGB,lr_none,,0.7433423913043479,0.4737918358421696,0.2868513733283379,0.5848731884057972
SR-MMP,1,maccs,RF+XGB,lr_l2,0.1,0.7523913043478261,0.4846634585247906,0.231727232364367,0.5446557971014493
SR-MMP,1,maccs,RF+XGB,lr_l2,1.0,0.7492028985507246,0.4818631119194411,0.2773805394560712,0.5781702898550725
SR-MMP,1,maccs,RF+XGB,lr_l2,10.0,0.7448686594202899,0.4762853566882278,0.2906095490591607,0.5854166666666667
SR-MMP,1,maccs,XGB+GCN,averaging,,0.7798052536231883,0.5146517561549472,0.3053110181842976,0.6008152173913044
SR-MMP,1,maccs,XGB+GCN,voting,,0.6604846014492753,0.3752560083594566,0.3647175528059632,0.6572463768115941
SR-MMP,1,maccs,XGB+GCN,lr_none,,0.7791032608695652,0.5080349643203041,0.325802490821432,0.6182971014492753
SR-MMP,1,maccs,XGB+GCN,lr_l2,0.1,0.7800498188405798,0.5138803626584206,0.2982581023659177,0.5808876811594202
SR-MMP,1,maccs,XGB+GCN,lr_l2,1.0,0.7796195652173914,0.510616642805682,0.3223576027449553,0.6126811594202899
SR-MMP,1,maccs,XGB+GCN,lr_l2,10.0,0.7792210144927536,0.5083355358959193,0.3241893675451963,0.6167572463768116
SR-MMP,1,maccs,RF+XGB+GCN,averaging,,0.7796195652173914,0.5106876347861962,0.2949387752393096,0.5818840579710145
SR-MMP,1,maccs,RF+XGB+GCN,voting,,0.6603011775362319,0.3743215644508748,0.2831728804883838,0.5761775362318841
SR-MMP,1,maccs,RF+XGB+GCN,lr_none,,0.7774048913043479,0.5030604510857163,0.3178099235204055,0.6105978260869566
SR-MMP,1,maccs,RF+XGB+GCN,lr_l2,0.1,0.7812001811594202,0.5108096997087618,0.3072443122754539,0.5819746376811594
SR-MMP,1,maccs,RF+XGB+GCN,lr_l2,1.0,0.7799320652173913,0.5067501142812263,0.3192791296495303,0.6096014492753623
SR-MMP,1,maccs,RF+XGB+GCN,lr_l2,10.0,0.7778985507246376,0.5039114715725972,0.3253582345622497,0.6132246376811594
SR-MMP,1,atompair,RF_only,single,,0.7151924818840579,0.4127207401475922,0.1474105437537619,0.5248188405797102
SR-MMP,1,atompair,XGB_only,single,,0.6987545289855072,0.3962184483917332,0.2526233740340924,0.6118659420289855
SR-MMP,1,Graph,GCN_only,single,,0.7524003623188407,0.4412801263380331,0.266261795807143,0.6022644927536231
SR-MMP,1,atompair,RF+GCN,averaging,,0.7586141304347825,0.4725673425677786,0.2313101260101868,0.5574275362318841
SR-MMP,1,atompair,RF+GCN,voting,,0.6057880434782609,0.3137465384469481,0.3027133014367171,0.6053442028985507
SR-MMP,1,atompair,RF+GCN,lr_none,,0.7565172101449276,0.4763654223887816,0.2959040381809107,0.5991847826086957
SR-MMP,1,atompair,RF+GCN,lr_l2,0.1,0.7592980072463769,0.4677622606671963,0.2084905824764429,0.5440217391304348
SR-MMP,1,atompair,RF+GCN,lr_l2,1.0,0.758623188405797,0.4729212111187576,0.287686234320889,0.5940217391304348
SR-MMP,1,atompair,RF+GCN,lr_l2,10.0,0.7570878623188406,0.4759936097377085,0.2959040381809107,0.5991847826086957
SR-MMP,1,atompair,RF+XGB,averaging,,0.7206340579710144,0.4137737103120099,0.2057577909085723,0.5632246376811594
SR-MMP,1,atompair,RF+XGB,voting,,0.6132903079710145,0.2957623494800219,0.2526233740340924,0.6118659420289855
SR-MMP,1,atompair,RF+XGB,lr_none,,0.7235733695652173,0.4197452465320342,0.2133739465071848,0.558786231884058
SR-MMP,1,atompair,RF+XGB,lr_l2,0.1,0.7176992753623188,0.4120582249670177,0.1352871947411081,0.5211956521739131
SR-MMP,1,atompair,RF+XGB,lr_l2,1.0,0.7255932971014493,0.4174824331495602,0.178094110508668,0.5498188405797102
SR-MMP,1,atompair,RF+XGB,lr_l2,10.0,0.7264266304347825,0.4208608584203139,0.2170350066580589,0.5593297101449275
SR-MMP,1,atompair,XGB+GCN,averaging,,0.7550679347826088,0.4529607565188875,0.2538574550893848,0.5855072463768116
SR-MMP,1,atompair,XGB+GCN,voting,,0.6536662137681158,0.346959023083973,0.3095310893544796,0.6484601449275362
SR-MMP,1,atompair,XGB+GCN,lr_none,,0.7642300724637681,0.4625215830721535,0.2843596185027574,0.6040760869565217
SR-MMP,1,atompair,XGB+GCN,lr_l2,0.1,0.7593750000000001,0.4585363454590017,0.2269204358107404,0.5568840579710145
SR-MMP,1,atompair,XGB+GCN,lr_l2,1.0,0.7634692028985509,0.4627237148179643,0.2649717462274961,0.5922101449275362
SR-MMP,1,atompair,XGB+GCN,lr_l2,10.0,0.7642527173913044,0.4625786247786481,0.2777800238318129,0.6004528985507247
SR-MMP,1,atompair,RF+XGB+GCN,averaging,,0.7579166666666668,0.4595242495325671,0.2456899794897949,0.5697463768115942
SR-MMP,1,atompair,RF+XGB+GCN,voting,,0.6534873188405796,0.3481823832394879,0.2476311177064558,0.56875
SR-MMP,1,atompair,RF+XGB+GCN,lr_none,,0.7560280797101451,0.4762722235128601,0.2959040381809107,0.5991847826086957
SR-MMP,1,atompair,RF+XGB+GCN,lr_l2,0.1,0.762096920289855,0.4637272290394794,0.2330185976392857,0.5589673913043478
SR-MMP,1,atompair,RF+XGB+GCN,lr_l2,1.0,0.7662182971014494,0.4754307714137115,0.2863033279490163,0.595018115942029
SR-MMP,1,atompair,RF+XGB+GCN,lr_l2,10.0,0.7597146739130435,0.4766924733370904,0.3084475646054284,0.6038949275362319
SR-MMP,7,morgan,RF_only,single,,0.7249252717391304,0.4449265683506388,0.1769324194861621,0.5269927536231884
SR-MMP,7,morgan,XGB_only,single,,0.6957676630434784,0.413950671152225,0.2557500448308245,0.6065217391304347
SR-MMP,7,Graph,GCN_only,single,,0.7437047101449274,0.424335326484376,0.221928038167914,0.5884057971014492
SR-MMP,7,morgan,RF+GCN,averaging,,0.7648301630434783,0.4671634653091704,0.2039195883972587,0.5475543478260869
SR-MMP,7,morgan,RF+GCN,voting,,0.596202445652174,0.3020892613133992,0.2632523039199597,0.5951992753623189
SR-MMP,7,morgan,RF+GCN,lr_none,,0.764861865942029,0.467161570985212,0.287686234320889,0.5940217391304348
SR-MMP,7,morgan,RF+GCN,lr_l2,0.1,0.7595674818840579,0.4517698274819657,0.1252776527234235,0.5191123188405797
SR-MMP,7,morgan,RF+GCN,lr_l2,1.0,0.7628555253623189,0.4593152237441156,0.2707518896022805,0.5836956521739131
SR-MMP,7,morgan,RF+GCN,lr_l2,10.0,0.7645040760869567,0.4659873104627719,0.2908716993382317,0.5945652173913044
SR-MMP,7,morgan,RF+XGB,averaging,,0.7214017210144927,0.4347823055324158,0.2384416838478681,0.568659420289855
SR-MMP,7,morgan,RF+XGB,voting,,0.6085688405797102,0.3073404861036973,0.2557500448308245,0.6065217391304347
SR-MMP,7,morgan,RF+XGB,lr_none,,0.7299298007246376,0.4480422000573003,0.231452759806546,0.567572463768116
SR-MMP,7,morgan,RF+XGB,lr_l2,0.1,0.7172622282608696,0.430157271744192,0.0818411859754389,0.5072463768115942
SR-MMP,7,morgan,RF+XGB,lr_l2,1.0,0.7257721920289856,0.4404655231207012,0.2304569883902388,0.5625
SR-MMP,7,morgan,RF+XGB,lr_l2,10.0,0.7293817934782607,0.4466212909033665,0.2349159591661023,0.5681159420289855
SR-MMP,7,morgan,XGB+GCN,averaging,,0.7507065217391304,0.4543855632394302,0.2685452053183621,0.5917572463768116
SR-MMP,7,morgan,XGB+GCN,voting,,0.641784420289855,0.3248267154301637,0.2999830118208558,0.6393115942028985
SR-MMP,7,morgan,XGB+GCN,lr_none,,0.7555661231884057,0.4513443715241245,0.2810184075014462,0.5964673913043478
SR-MMP,7,morgan,XGB+GCN,lr_l2,0.1,0.7548958333333333,0.4545185761327137,0.1610985433535153,0.529981884057971
SR-MMP,7,morgan,XGB+GCN,lr_l2,1.0,0.7556838768115942,0.453359483051817,0.2796487576394769,0.5913949275362319
SR-MMP,7,morgan,XGB+GCN,lr_l2,10.0,0.7556023550724638,0.4515885728215155,0.279135651735908,0.5949275362318841
SR-MMP,7,morgan,RF+XGB+GCN,averaging,,0.758546195652174,0.4682848938582575,0.2515116626779605,0.5692934782608696
SR-MMP,7,morgan,RF+XGB+GCN,voting,,0.6427830615942028,0.340026853833427,0.2214544515471993,0.5624094202898551
SR-MMP,7,morgan,RF+XGB+GCN,lr_none,,0.7654891304347826,0.4683852541302654,0.2973559242693429,0.5981884057971014
SR-MMP,7,morgan,RF+XGB+GCN,lr_l2,0.1,0.7612273550724638,0.4652714842197282,0.1660831232785452,0.5330615942028986
SR-MMP,7,morgan,RF+XGB+GCN,lr_l2,1.0,0.7633695652173913,0.4640474464416993,0.2728792664061858,0.5877717391304348
SR-MMP,7,morgan,RF+XGB+GCN,lr_l2,10.0,0.7653623188405797,0.4680187754652884,0.292540569127947,0.5961050724637681
SR-MMP,7,maccs,RF_only,single,,0.730901268115942,0.4502623715984661,0.2070209854467521,0.542481884057971
SR-MMP,7,maccs,XGB_only,single,,0.7493953804347827,0.4835941704924043,0.3372485877744955,0.6290760869565217
SR-MMP,7,Graph,GCN_only,single,,0.7437047101449274,0.424335326484376,0.221928038167914,0.5884057971014492
SR-MMP,7,maccs,RF+GCN,averaging,,0.7682336956521739,0.4730458311984216,0.2373992457446758,0.5595108695652175
SR-MMP,7,maccs,RF+GCN,voting,,0.6017844202898551,0.303588626739262,0.274616975485846,0.6009057971014493
SR-MMP,7,maccs,RF+GCN,lr_none,,0.7711231884057972,0.4813439086239597,0.27141147816688,0.5923007246376811
SR-MMP,7,maccs,RF+GCN,lr_l2,0.1,0.7676358695652175,0.4715935642561299,0.1610985433535153,0.529981884057971
SR-MMP,7,maccs,RF+GCN,lr_l2,1.0,0.7706567028985507,0.4785564816179832,0.2399524954148679,0.573731884057971
SR-MMP,7,maccs,RF+GCN,lr_l2,10.0,0.771213768115942,0.4810564572318484,0.2567203984217947,0.5860507246376812
SR-MMP,7,maccs,RF+XGB,averaging,,0.7536684782608697,0.4838352057957058,0.2931763183986979,0.5844202898550724
SR-MMP,7,maccs,RF+XGB,voting,,0.6316077898550725,0.3410787430770264,0.3389016598841789,0.6306159420289855
SR-MMP,7,maccs,RF+XGB,lr_none,,0.7444157608695652,0.4702526098680644,0.2868513733283379,0.5848731884057972
SR-MMP,7,maccs,RF+XGB,lr_l2,0.1,0.7539538043478261,0.4834731362042753,0.2247274302295184,0.542572463768116
SR-MMP,7,maccs,RF+XGB,lr_l2,1.0,0.7510733695652172,0.4804084915598339,0.2919562743287823,0.5828804347826086
SR-MMP,7,maccs,RF+XGB,lr_l2,10.0,0.7460416666666666,0.4725555914315236,0.2816724579428132,0.5827898550724638
SR-MMP,7,maccs,XGB+GCN,averaging,,0.7737228260869565,0.5052992822316846,0.3409290402881319,0.6159420289855072
SR-MMP,7,maccs,XGB+GCN,voting,,0.6575271739130434,0.3597751859364435,0.3453669353364065,0.6543478260869565
SR-MMP,7,maccs,XGB+GCN,lr_none,,0.7730163043478262,0.5025853029809162,0.3390872106588759,0.6169384057971015
SR-MMP,7,maccs,XGB+GCN,lr_l2,0.1,0.7740036231884058,0.5055350126822894,0.2417107254404749,0.5544384057971015
SR-MMP,7,maccs,XGB+GCN,lr_l2,1.0,0.7733016304347826,0.5040959406764248,0.34292440589185,0.6149456521739131
SR-MMP,7,maccs,XGB+GCN,lr_l2,10.0,0.7730706521739131,0.5029046834408695,0.3390872106588759,0.6169384057971015
SR-MMP,7,maccs,RF+XGB+GCN,averaging,,0.7779800724637682,0.5060172429299573,0.2827030153609848,0.5802536231884058
SR-MMP,7,maccs,RF+XGB+GCN,voting,,0.6582291666666666,0.3651049065631119,0.2801149498060423,0.5771739130434782
SR-MMP,7,maccs,RF+XGB+GCN,lr_none,,0.7750769927536231,0.491101681193098,0.2772532163105463,0.5933876811594203
SR-MMP,7,maccs,RF+XGB+GCN,lr_l2,0.1,0.7776403985507246,0.5055504621467948,0.2500590977425697,0.5596014492753624
SR-MMP,7,maccs,RF+XGB+GCN,lr_l2,1.0,0.7777445652173913,0.5011414553805879,0.2796487576394769,0.5913949275362319
SR-MMP,7,maccs,RF+XGB+GCN,lr_l2,10.0,0.7759510869565218,0.4936480617470298,0.2772532163105463,0.5933876811594203
SR-MMP,7,atompair,RF_only,single,,0.6948754528985508,0.3892990776147454,0.1381537471734767,0.5227355072463769
SR-MMP,7,atompair,XGB_only,single,,0.6987545289855072,0.3962184483917332,0.2526233740340924,0.6118659420289855
SR-MMP,7,Graph,GCN_only,single,,0.7437047101449274,0.424335326484376,0.221928038167914,0.5884057971014492
SR-MMP,7,atompair,RF+GCN,averaging,,0.7507110507246376,0.449424569080652,0.2105147737871837,0.5496376811594202
SR-MMP,7,atompair,RF+GCN,voting,,0.5950317028985508,0.2905971704463084,0.2606918858410386,0.5946557971014492
SR-MMP,7,atompair,RF+GCN,lr_none,,0.7442119565217391,0.4480652981846063,0.2765487189776917,0.5908514492753623
SR-MMP,7,atompair,RF+GCN,lr_l2,0.1,0.7510009057971014,0.4465759556199656,0.1148076242844705,0.5170289855072464
SR-MMP,7,atompair,RF+GCN,lr_l2,1.0,0.749153079710145,0.4482239439959755,0.260217361076934,0.5769927536231884
SR-MMP,7,atompair,RF+GCN,lr_l2,10.0,0.7453713768115943,0.4493135099066835,0.2778566291081006,0.5898550724637681
SR-MMP,7,atompair,RF+XGB,averaging,,0.7116394927536231,0.4075507199637906,0.1772780229538741,0.5548007246376812
SR-MMP,7,atompair,RF+XGB,voting,,0.6132903079710145,0.2957623494800219,0.2526233740340924,0.6118659420289855
SR-MMP,7,atompair,RF+XGB,lr_none,,0.6984646739130436,0.3936775836128674,0.1841703929412848,0.5519021739130435
SR-MMP,7,atompair,RF+XGB,lr_l2,0.1,0.7103623188405798,0.4066450401951523,0.1424959083110031,0.5217391304347826
SR-MMP,7,atompair,RF+XGB,lr_l2,1.0,0.7143432971014494,0.4082667508438249,0.1809171667152126,0.5513586956521739
SR-MMP,7,atompair,RF+XGB,lr_l2,10.0,0.7051992753623189,0.3998740881871153,0.1748493782898061,0.5492753623188406
SR-MMP,7,atompair,XGB+GCN,averaging,,0.7531204710144928,0.4393361818450167,0.2585466794697144,0.5931159420289855
SR-MMP,7,atompair,XGB+GCN,voting,,0.6457993659420291,0.3286508798690265,0.2908836153597432,0.6414855072463769
SR-MMP,7,atompair,XGB+GCN,lr_none,,0.7570652173913043,0.4447272672638529,0.2628284724542458,0.5961956521739131
SR-MMP,7,atompair,XGB+GCN,lr_l2,0.1,0.7549139492753623,0.442129988433321,0.1903658308262685,0.5433876811594203
SR-MMP,7,atompair,XGB+GCN,lr_l2,1.0,0.7566893115942029,0.4440818681483672,0.2772532163105463,0.5933876811594203
SR-MMP,7,atompair,XGB+GCN,lr_l2,10.0,0.7569565217391303,0.4443989455367101,0.2684565308413685,0.5962862318840579
SR-MMP,7,atompair,RF+XGB+GCN,averaging,,0.7524365942028985,0.441914893663361,0.231452759806546,0.567572463768116
SR-MMP,7,atompair,RF+XGB+GCN,voting,,0.6462545289855073,0.3318466992680789,0.230775466198678,0.565036231884058
SR-MMP,7,atompair,RF+XGB+GCN,lr_none,,0.7366983695652174,0.4463110633992934,0.2810459317578674,0.5903985507246376
SR-MMP,7,atompair,RF+XGB+GCN,lr_l2,0.1,0.7554211956521739,0.4441442463683375,0.2280174143549268,0.5543478260869565
SR-MMP,7,atompair,RF+XGB+GCN,lr_l2,1.0,0.7556476449275363,0.4502016050837604,0.2525264179558921,0.5794384057971015
SR-MMP,7,atompair,RF+XGB+GCN,lr_l2,10.0,0.7434148550724636,0.4481102209083297,0.2825929368460373,0.5894021739130435
SR-MMP,123,morgan,RF_only,single,,0.7260235507246376,0.4521230730408024,0.1941506750737417,0.5296195652173913
SR-MMP,123,morgan,XGB_only,single,,0.6957676630434784,0.413950671152225,0.2557500448308245,0.6065217391304347
SR-MMP,123,Graph,GCN_only,single,,0.755330615942029,0.4334634978036858,0.2070422560253117,0.5707427536231884
SR-MMP,123,morgan,RF+GCN,averaging,,0.7735167572463766,0.4725333208102412,0.1737252907764704,0.5376811594202898
SR-MMP,123,morgan,RF+GCN,voting,,0.5780434782608697,0.2956321839080459,0.2637982757101182,0.577536231884058
SR-MMP,123,morgan,RF+GCN,lr_none,,0.7737386775362319,0.471609650413584,0.2628284724542458,0.5961956521739131
SR-MMP,123,morgan,RF+GCN,lr_l2,0.1,0.7738564311594204,0.4626599587687144,0.0922359931351923,0.5128623188405798
SR-MMP,123,morgan,RF+GCN,lr_l2,1.0,0.7742278079710144,0.4673485358497885,0.2810459317578674,0.5903985507246376
SR-MMP,123,morgan,RF+GCN,lr_l2,10.0,0.7738700181159421,0.4712616419312325,0.2705161638758863,0.5978260869565217
SR-MMP,123,morgan,RF+XGB,averaging,,0.7228147644927536,0.4351951879561133,0.251219308210183,0.5718297101449276
SR-MMP,123,morgan,RF+XGB,voting,,0.60875,0.3094109195402298,0.2557500448308245,0.6065217391304347
SR-MMP,123,morgan,RF+XGB,lr_none,,0.7290874094202898,0.45306903798383,0.2637954017429433,0.5800724637681159
SR-MMP,123,morgan,RF+XGB,lr_l2,0.1,0.7199433876811594,0.4318198220309144,0.0975964470881386,0.5093297101449276
SR-MMP,123,morgan,RF+XGB,lr_l2,1.0,0.7272033514492753,0.4430253384996241,0.2419772336352666,0.5666666666666667
SR-MMP,123,morgan,RF+XGB,lr_l2,10.0,0.7292504528985507,0.4513941482886552,0.2478776496959029,0.573822463768116
SR-MMP,123,morgan,XGB+GCN,averaging,,0.7507835144927536,0.4533449721851515,0.2302372770795074,0.5685688405797101
SR-MMP,123,morgan,XGB+GCN,voting,,0.6355434782608697,0.3229950365726228,0.3039593794371644,0.6339673913043479
SR-MMP,123,morgan,XGB+GCN,lr_none,,0.7614719202898551,0.450894914570929,0.2959329659254857,0.6052536231884058
SR-MMP,123,morgan,XGB+GCN,lr_l2,0.1,0.7559963768115942,0.4579098842159042,0.1276643061091094,0.5241847826086956
SR-MMP,123,morgan,XGB+GCN,lr_l2,1.0,0.7601585144927536,0.4541259166636676,0.2760700499328484,0.5883152173913043
SR-MMP,123,morgan,XGB+GCN,lr_l2,10.0,0.7614447463768115,0.4512200170792204,0.2987324634452182,0.6057971014492753
SR-MMP,123,morgan,RF+XGB+GCN,averaging,,0.7602989130434782,0.4663649647797017,0.2287434249272229,0.5584239130434783
SR-MMP,123,morgan,RF+XGB+GCN,voting,,0.636322463768116,0.3383821668035029,0.2037570178710413,0.5500905797101449
SR-MMP,123,morgan,RF+XGB+GCN,lr_none,,0.7736050724637682,0.4721252889206396,0.2866658918253603,0.6010869565217392
SR-MMP,123,morgan,RF+XGB+GCN,lr_l2,0.1,0.7648052536231884,0.466036094116815,0.188090699922122,0.5418478260869566
SR-MMP,123,morgan,RF+XGB+GCN,lr_l2,1.0,0.7707065217391305,0.4657542108723889,0.2810459317578674,0.5903985507246376
SR-MMP,123,morgan,RF+XGB+GCN,lr_l2,10.0,0.7737047101449276,0.4712943912524411,0.2922985336787054,0.6021739130434782
SR-MMP,123,maccs,RF_only,single,,0.7402445652173912,0.4616161239878541,0.2056700595120615,0.5409420289855073
SR-MMP,123,maccs,XGB_only,single,,0.7493953804347827,0.4835941704924043,0.3372485877744955,0.6290760869565217
SR-MMP,123,Graph,GCN_only,single,,0.755330615942029,0.4334634978036858,0.2070422560253117,0.5707427536231884
SR-MMP,123,maccs,RF+GCN,averaging,,0.7853555253623188,0.479854200036558,0.2134163907175495,0.5486413043478261
SR-MMP,123,maccs,RF+GCN,voting,,0.5854823369565217,0.2961308777429467,0.2811032448437246,0.5853260869565218
SR-MMP,123,maccs,RF+GCN,lr_none,,0.7839560688405798,0.4844004727074401,0.3116269852199135,0.6069746376811593
SR-MMP,123,maccs,RF+GCN,lr_l2,0.1,0.7853374094202898,0.4798450742506559,0.1772031776903983,0.5341485507246376
SR-MMP,123,maccs,RF+GCN,lr_l2,1.0,0.7849116847826086,0.4835662646404741,0.2908960727817365,0.5920289855072464
SR-MMP,123,maccs,RF+GCN,lr_l2,10.0,0.7840421195652173,0.4837341543409744,0.302308172442992,0.6028079710144927
SR-MMP,123,maccs,RF+XGB,averaging,,0.7587635869565218,0.4861974786369918,0.2944352132123488,0.5859601449275362
SR-MMP,123,maccs,RF+XGB,voting,,0.6300384963768116,0.339795142751205,0.3372485877744955,0.6290760869565217
SR-MMP,123,maccs,RF+XGB,lr_none,,0.7536548913043477,0.4801188145947254,0.3073900316747935,0.5891304347826087
SR-MMP,123,maccs,RF+XGB,lr_l2,0.1,0.7590534420289855,0.4867479390159455,0.2247274302295184,0.542572463768116
SR-MMP,123,maccs,RF+XGB,lr_l2,1.0,0.7575769927536231,0.4848231931548556,0.2827030153609848,0.5802536231884058
SR-MMP,123,maccs,RF+XGB,lr_l2,10.0,0.7548324275362318,0.4824493697578504,0.3084837312918556,0.5906702898550724
SR-MMP,123,maccs,XGB+GCN,averaging,,0.7789719202898551,0.5063239201597503,0.3096189538532874,0.5922101449275362
SR-MMP,123,maccs,XGB+GCN,voting,,0.648503170289855,0.358739128986831,0.3526439357918231,0.6464673913043478
SR-MMP,123,maccs,XGB+GCN,lr_none,,0.7786503623188405,0.495762208547796,0.3238532383752084,0.6116847826086956
SR-MMP,123,maccs,XGB+GCN,lr_l2,0.1,0.7785733695652174,0.5064876515060841,0.2825680703913923,0.5644021739130435
SR-MMP,123,maccs,XGB+GCN,lr_l2,1.0,0.7790760869565219,0.4998543775597434,0.3070312381903557,0.5998188405797101
SR-MMP,123,maccs,XGB+GCN,lr_l2,10.0,0.7787273550724639,0.4963993287204533,0.3192791296495303,0.6096014492753623
SR-MMP,123,maccs,RF+XGB+GCN,averaging,,0.7855117753623188,0.5069009909327734,0.2966136525428314,0.5778079710144928
SR-MMP,123,maccs,RF+XGB+GCN,voting,,0.6489945652173913,0.3612296772079256,0.27363185253571,0.5679347826086957
SR-MMP,123,maccs,RF+XGB+GCN,lr_none,,0.7877309782608695,0.4953984920846279,0.3162362522333746,0.6090579710144928
SR-MMP,123,maccs,RF+XGB+GCN,lr_l2,0.1,0.7848324275362317,0.5055521747347437,0.2655593553794648,0.561231884057971
SR-MMP,123,maccs,RF+XGB+GCN,lr_l2,1.0,0.7876766304347826,0.5006017783094614,0.3085324192782023,0.6013586956521739
SR-MMP,123,maccs,RF+XGB+GCN,lr_l2,10.0,0.7879257246376812,0.4969901738653303,0.3069845486265186,0.6048913043478261
SR-MMP,123,atompair,RF_only,single,,0.7341576086956523,0.4341508572086098,0.1252776527234235,0.5191123188405797
SR-MMP,123,atompair,XGB_only,single,,0.6987545289855072,0.3962184483917332,0.2526233740340924,0.6118659420289855
SR-MMP,123,Graph,GCN_only,single,,0.755330615942029,0.4334634978036858,0.2070422560253117,0.5707427536231884
SR-MMP,123,atompair,RF+GCN,averaging,,0.772463768115942,0.4692538384173346,0.1942201142784028,0.5398550724637681
SR-MMP,123,atompair,RF+GCN,voting,,0.5745471014492753,0.2815872467341627,0.2513393569931327,0.5743659420289855
SR-MMP,123,atompair,RF+GCN,lr_none,,0.7676766304347826,0.4723845923671687,0.302308172442992,0.6028079710144927
SR-MMP,123,atompair,RF+GCN,lr_l2,0.1,0.7719701086956522,0.4658288538192061,0.1121879235057132,0.5180253623188406
SR-MMP,123,atompair,RF+GCN,lr_l2,1.0,0.7718840579710146,0.4692451579023583,0.2792495138430447,0.5863224637681159
SR-MMP,123,atompair,RF+GCN,lr_l2,10.0,0.7686277173913042,0.4721798760626173,0.2942182912574257,0.5976449275362319
SR-MMP,123,atompair,RF+XGB,averaging,,0.7238496376811594,0.4191240435028391,0.2143064670351462,0.5658514492753624
SR-MMP,123,atompair,RF+XGB,voting,,0.6130298913043478,0.2939803930105654,0.2526233740340924,0.6118659420289855
SR-MMP,123,atompair,RF+XGB,lr_none,,0.7353713768115943,0.4363892805437853,0.2328451343436123,0.5665760869565217
SR-MMP,123,atompair,RF+XGB,lr_l2,0.1,0.7211503623188404,0.416586018977201,0.1403111926917013,0.5201992753623188
SR-MMP,123,atompair,RF+XGB,lr_l2,1.0,0.7337817028985507,0.4283121027239535,0.2077381819753431,0.5602355072463768
SR-MMP,123,atompair,RF+XGB,lr_l2,10.0,0.7382699275362319,0.4369395400499114,0.2384416838478681,0.568659420289855
SR-MMP,123,atompair,XGB+GCN,averaging,,0.7537681159420289,0.4390516212006494,0.2551414801925526,0.5774456521739131
SR-MMP,123,atompair,XGB+GCN,voting,,0.633288043478261,0.3281739811912225,0.2773575050775403,0.628804347826087
SR-MMP,123,atompair,XGB+GCN,lr_none,,0.7649547101449274,0.4482479651509641,0.2412973264057341,0.5883152173913043
SR-MMP,123,atompair,XGB+GCN,lr_l2,0.1,0.7548867753623187,0.4397340627844044,0.1998972590081426,0.5444746376811594
SR-MMP,123,atompair,XGB+GCN,lr_l2,1.0,0.7625407608695652,0.446691039392612,0.2432695397541285,0.5823369565217391
SR-MMP,123,atompair,XGB+GCN,lr_l2,10.0,0.7647146739130434,0.4481218369789491,0.2487245840081065,0.589945652173913
SR-MMP,123,atompair,RF+XGB+GCN,averaging,,0.7598188405797102,0.4512195333558941,0.2284811294600889,0.5609601449275362
SR-MMP,123,atompair,RF+XGB+GCN,voting,,0.6332223731884058,0.3277054021512149,0.2313101260101868,0.5574275362318841
SR-MMP,123,atompair,RF+XGB+GCN,lr_none,,0.7625679347826089,0.4709620259656242,0.3115774940845572,0.6044384057971014
SR-MMP,123,atompair,RF+XGB+GCN,lr_l2,0.1,0.7614356884057972,0.4489936379625772,0.1993743934225335,0.5470108695652174
SR-MMP,123,atompair,RF+XGB+GCN,lr_l2,1.0,0.7733922101449274,0.4670238611558343,0.2793074799053352,0.5888586956521739
SR-MMP,123,atompair,RF+XGB+GCN,lr_l2,10.0,0.76830615942029,0.4728679959453521,0.2942182912574257,0.5976449275362319
SR-MMP,999,morgan,RF_only,single,,0.7301245471014493,0.4501447731935627,0.1649740547146499,0.5289855072463768
SR-MMP,999,morgan,XGB_only,single,,0.6957676630434784,0.413950671152225,0.2557500448308245,0.6065217391304347
SR-MMP,999,Graph,GCN_only,single,,0.7586911231884057,0.4344727472860482,0.2504628767172713,0.5994565217391304
SR-MMP,999,morgan,RF+GCN,averaging,,0.7692232789855072,0.4772499386774468,0.2164416258768049,0.5542572463768116
SR-MMP,999,morgan,RF+GCN,voting,,0.6019361413043478,0.3084483417694822,0.280427575494875,0.6009963768115942
SR-MMP,999,morgan,RF+GCN,lr_none,,0.7693636775362319,0.4749931000189251,0.2977518813376985,0.6067934782608696
SR-MMP,999,morgan,RF+GCN,lr_l2,0.1,0.7680366847826087,0.4602924316186099,0.1809825696901381,0.5397644927536233
SR-MMP,999,morgan,RF+GCN,lr_l2,1.0,0.7692413949275362,0.4691679594307923,0.279135651735908,0.5949275362318841
SR-MMP,999,morgan,RF+GCN,lr_l2,10.0,0.7693591485507248,0.4744158808326685,0.2885473755538514,0.6026268115942028
SR-MMP,999,morgan,RF+XGB,averaging,,0.7222259963768116,0.4320101651258914,0.2293192447560631,0.5660326086956522
SR-MMP,999,morgan,RF+XGB,voting,,0.6077717391304348,0.3010083193697269,0.2537382076954148,0.6059782608695652
SR-MMP,999,morgan,RF+XGB,lr_none,,0.7316055253623188,0.4489069954717425,0.2328451343436123,0.5665760869565217
SR-MMP,999,morgan,RF+XGB,lr_l2,0.1,0.7184216485507248,0.4278397639774566,0.1115086158915356,0.5098731884057971
SR-MMP,999,morgan,RF+XGB,lr_l2,1.0,0.7265602355072465,0.4380114737393123,0.2343499700593521,0.5630434782608695
SR-MMP,999,morgan,RF+XGB,lr_l2,10.0,0.731166213768116,0.4470769557923058,0.2293192447560631,0.5660326086956522
SR-MMP,999,morgan,XGB+GCN,averaging,,0.7583288043478261,0.4684384867478524,0.3085324192782023,0.6013586956521739
SR-MMP,999,morgan,XGB+GCN,voting,,0.6507472826086956,0.3403469561515538,0.3136479792646431,0.6471014492753624
SR-MMP,999,morgan,XGB+GCN,lr_none,,0.766268115942029,0.4573082298665677,0.2913153046781709,0.6031702898550725
SR-MMP,999,morgan,XGB+GCN,lr_l2,0.1,0.764963768115942,0.4670865564243546,0.1850051960749985,0.5463768115942029
SR-MMP,999,morgan,XGB+GCN,lr_l2,1.0,0.7658152173913044,0.4593493930364333,0.286859825304936,0.597554347826087
SR-MMP,999,morgan,XGB+GCN,lr_l2,10.0,0.7661956521739132,0.4574016511004525,0.2866658918253603,0.6010869565217392
SR-MMP,999,morgan,RF+XGB+GCN,averaging,,0.763143115942029,0.4788066699664585,0.2498287352404328,0.5677536231884057
SR-MMP,999,morgan,RF+XGB+GCN,voting,,0.6504279891304348,0.3465613249231937,0.2284811294600889,0.5609601449275362
SR-MMP,999,morgan,RF+XGB+GCN,lr_none,,0.770036231884058,0.4754512146451868,0.2977518813376985,0.6067934782608696
SR-MMP,999,morgan,RF+XGB+GCN,lr_l2,0.1,0.769116847826087,0.4776653226575252,0.2164416258768049,0.5542572463768116
SR-MMP,999,morgan,RF+XGB+GCN,lr_l2,1.0,0.7705751811594203,0.4748306971774537,0.286859825304936,0.597554347826087
SR-MMP,999,morgan,RF+XGB+GCN,lr_l2,10.0,0.7704528985507246,0.4760969945266375,0.2969475007645792,0.6042572463768117
SR-MMP,999,maccs,RF_only,single,,0.7366009963768115,0.459996168563291,0.212825923926236,0.5430253623188406
SR-MMP,999,maccs,XGB_only,single,,0.7493953804347827,0.4835941704924043,0.3372485877744955,0.6290760869565217
SR-MMP,999,Graph,GCN_only,single,,0.7586911231884057,0.4344727472860482,0.2504628767172713,0.5994565217391304
SR-MMP,999,maccs,RF+GCN,averaging,,0.7835031702898552,0.4853839372881167,0.2610460917206545,0.5719202898550725
SR-MMP,999,maccs,RF+GCN,voting,,0.6032699275362319,0.3141727539656962,0.2858105781252123,0.6020833333333333
SR-MMP,999,maccs,RF+GCN,lr_none,,0.7846037137681159,0.4896957542563849,0.2959040381809107,0.5991847826086957
SR-MMP,999,maccs,RF+GCN,lr_l2,0.1,0.7818002717391305,0.4798451651768204,0.201891110771909,0.5460144927536232
SR-MMP,999,maccs,RF+GCN,lr_l2,1.0,0.7840783514492753,0.4855132235202212,0.2892125971095489,0.5930253623188406
SR-MMP,999,maccs,RF+GCN,lr_l2,10.0,0.7845810688405797,0.4892108358845454,0.2959040381809107,0.5991847826086957
SR-MMP,999,maccs,RF+XGB,averaging,,0.7549003623188406,0.4865221936901174,0.2906095490591607,0.5854166666666667
SR-MMP,999,maccs,RF+XGB,voting,,0.6301517210144928,0.3411215876436781,0.3372485877744955,0.6290760869565217
SR-MMP,999,maccs,RF+XGB,lr_none,,0.7502898550724637,0.4797313248147528,0.2931763183986979,0.5844202898550724
SR-MMP,999,maccs,RF+XGB,lr_l2,0.1,0.7550815217391305,0.4859458708979172,0.2385669670519631,0.5467391304347826
SR-MMP,999,maccs,RF+XGB,lr_l2,1.0,0.7538496376811594,0.4857095031955518,0.2827030153609848,0.5802536231884058
SR-MMP,999,maccs,RF+XGB,lr_l2,10.0,0.7513315217391304,0.4812637667241433,0.2892715135476207,0.5838768115942029
SR-MMP,999,maccs,XGB+GCN,averaging,,0.7828623188405797,0.51007597612065,0.2989514687642937,0.5971920289855073
SR-MMP,999,maccs,XGB+GCN,voting,,0.6603260869565217,0.3710444966910484,0.3534681703084305,0.6565217391304348
SR-MMP,999,maccs,XGB+GCN,lr_none,,0.7817481884057971,0.5013533495500513,0.3027133014367171,0.6053442028985507
SR-MMP,999,maccs,XGB+GCN,lr_l2,0.1,0.7830253623188406,0.5078937697766431,0.2765861882267846,0.5725543478260869
SR-MMP,999,maccs,XGB+GCN,lr_l2,1.0,0.7818659420289855,0.502165211332793,0.2845446440528193,0.5934782608695652
SR-MMP,999,maccs,XGB+GCN,lr_l2,10.0,0.7816440217391304,0.5012076708890167,0.3056483356955849,0.6058876811594203
SR-MMP,999,maccs,RF+XGB+GCN,averaging,,0.7873777173913044,0.5124156170824725,0.2960225687590285,0.5834239130434782
SR-MMP,999,maccs,RF+XGB+GCN,voting,,0.6603623188405797,0.3722043091008608,0.2821039182605102,0.5746376811594203
SR-MMP,999,maccs,RF+XGB+GCN,lr_none,,0.788106884057971,0.4972134341919341,0.2959040381809107,0.5991847826086957
SR-MMP,999,maccs,RF+XGB+GCN,lr_l2,0.1,0.7878668478260871,0.5102311746382334,0.2831728804883838,0.5761775362318841
SR-MMP,999,maccs,RF+XGB+GCN,lr_l2,1.0,0.7891168478260869,0.5057338721426352,0.3151110076164177,0.602445652173913
SR-MMP,999,maccs,RF+XGB+GCN,lr_l2,10.0,0.7885099637681159,0.498903130090612,0.2989979672407403,0.5997282608695652
SR-MMP,999,atompair,RF_only,single,,0.707013134057971,0.3930340235946455,0.1474105437537619,0.5248188405797102
SR-MMP,999,atompair,XGB_only,single,,0.6987545289855072,0.3962184483917332,0.2526233740340924,0.6118659420289855
SR-MMP,999,Graph,GCN_only,single,,0.7586911231884057,0.4344727472860482,0.2504628767172713,0.5994565217391304
SR-MMP,999,atompair,RF+GCN,averaging,,0.7663971920289855,0.462993964746185,0.2449522819523601,0.5631340579710145
SR-MMP,999,atompair,RF+GCN,voting,,0.6013428442028986,0.3066410043641281,0.2777800238318129,0.6004528985507247
SR-MMP,999,atompair,RF+GCN,lr_none,,0.7633673007246375,0.4627223051056544,0.2657141186422125,0.5912137681159421
SR-MMP,999,atompair,RF+GCN,lr_l2,0.1,0.7667232789855073,0.4584569217133956,0.2031268286951965,0.5434782608695652
SR-MMP,999,atompair,RF+GCN,lr_l2,1.0,0.7663609601449275,0.4628330261097892,0.2596203966232041,0.5865942028985507
SR-MMP,999,atompair,RF+GCN,lr_l2,10.0,0.7641689311594203,0.4635023870354577,0.2608573366567308,0.5891304347826087
SR-MMP,999,atompair,RF+XGB,averaging,,0.7180298913043479,0.4075435493838565,0.1801693595225612,0.5543478260869565
SR-MMP,999,atompair,RF+XGB,voting,,0.613509963768116,0.2974815504179728,0.2526233740340924,0.6118659420289855
SR-MMP,999,atompair,RF+XGB,lr_none,,0.7160507246376812,0.4036140716490303,0.1748493782898061,0.5492753623188406
SR-MMP,999,atompair,RF+XGB,lr_l2,0.1,0.7159782608695653,0.409445899018814,0.1424959083110031,0.5217391304347826
SR-MMP,999,atompair,RF+XGB,lr_l2,1.0,0.7223233695652174,0.4109241930989606,0.1687036937727564,0.5471920289855072
SR-MMP,999,atompair,RF+XGB,lr_l2,10.0,0.719633152173913,0.4085599434527376,0.1785982726544943,0.5488224637681159
SR-MMP,999,atompair,XGB+GCN,averaging,,0.7564130434782608,0.4508370492684211,0.248238957459796,0.5844202898550726
SR-MMP,999,atompair,XGB+GCN,voting,,0.648960597826087,0.338965235768476,0.2974039762263152,0.6436594202898551
SR-MMP,999,atompair,XGB+GCN,lr_none,,0.7658559782608697,0.4588085777081302,0.2606918858410386,0.5946557971014492
SR-MMP,999,atompair,XGB+GCN,lr_l2,0.1,0.7620788043478262,0.4555096196212912,0.2324618452656388,0.5615036231884057
SR-MMP,999,atompair,XGB+GCN,lr_l2,1.0,0.7652626811594203,0.4586227990515352,0.258791688605327,0.587590579710145
SR-MMP,999,atompair,XGB+GCN,lr_l2,10.0,0.7656929347826087,0.4582741933503841,0.2632523039199597,0.5951992753623189
SR-MMP,999,atompair,RF+XGB+GCN,averaging,,0.7586730072463768,0.4531083194582422,0.2250461941882259,0.5629528985507246
SR-MMP,999,atompair,RF+XGB+GCN,voting,,0.6487567934782609,0.3434306540458948,0.2384416838478681,0.568659420289855
SR-MMP,999,atompair,RF+XGB+GCN,lr_none,,0.7628577898550726,0.4625092219211028,0.2657141186422125,0.5912137681159421
SR-MMP,999,atompair,RF+XGB+GCN,lr_l2,0.1,0.7650226449275362,0.4611112611400607,0.2365312595946909,0.5620471014492754
SR-MMP,999,atompair,RF+XGB+GCN,lr_l2,1.0,0.7688994565217392,0.4629138211262719,0.2635738042766526,0.5861413043478261
SR-MMP,999,atompair,RF+XGB+GCN,lr_l2,10.0,0.7662001811594203,0.4640660849550961,0.2538574550893848,0.5855072463768116
SR-p53,42,morgan,RF_only,single,,0.6731281235545629,0.2314696697337635,0.1554200713709558,0.5165922090229126
SR-p53,42,morgan,XGB_only,single,,0.6110659852664118,0.2058234157712203,0.1118107163317418,0.5440653873489695
SR-p53,42,Graph,GCN_only,single,,0.6475192066876502,0.165327535425627,0.0125264153842567,0.5033252106812874
SR-p53,42,morgan,RF+GCN,averaging,,0.6938324251757089,0.2297376892191742,0.0,0.5
SR-p53,42,morgan,RF+GCN,voting,,0.5165922090229126,0.1332966298123092,0.1554200713709558,0.5165922090229126
SR-p53,42,morgan,RF+GCN,lr_none,,0.6965004907435611,0.2320333140249087,0.1279663116904885,0.5157630216265611
SR-p53,42,morgan,RF+GCN,lr_l2,0.1,0.6830924741372503,0.195002594429789,0.0,0.5
SR-p53,42,morgan,RF+GCN,lr_l2,1.0,0.6883214313917938,0.2237089885324941,0.0,0.5
SR-p53,42,morgan,RF+GCN,lr_l2,10.0,0.6953610631649012,0.2313737695083669,0.1554200713709558,0.5165922090229126
SR-p53,42,morgan,RF+XGB,averaging,,0.650359314538419,0.2308045365560861,0.1311970987030224,0.5234795410701594
SR-p53,42,morgan,RF+XGB,voting,,0.5449368802247267,0.1477436350078426,0.1118107163317418,0.5440653873489695
SR-p53,42,morgan,RF+XGB,lr_none,,0.684745208199366,0.2412522083522056,0.1403476908110821,0.5161776153247368
SR-p53,42,morgan,RF+XGB,lr_l2,0.1,0.6314008190340814,0.2222946898398741,0.0,0.5
SR-p53,42,morgan,RF+XGB,lr_l2,1.0,0.6494624383750184,0.2302114680299479,0.0,0.5
SR-p53,42,morgan,RF+XGB,lr_l2,10.0,0.6810448889340146,0.2402428407508802,0.1403476908110821,0.5161776153247368
SR-p53,42,morgan,XGB+GCN,averaging,,0.6542909037578547,0.2152278931204685,0.1175182531036991,0.5153484279283853
SR-p53,42,morgan,XGB+GCN,voting,,0.5440653873489695,0.1276091444300023,0.1118107163317418,0.5440653873489695
SR-p53,42,morgan,XGB+GCN,lr_none,,0.6658092756173779,0.1833761152596784,0.0,0.5
SR-p53,42,morgan,XGB+GCN,lr_l2,0.1,0.6525422772757528,0.2158677973183448,0.0,0.5
SR-p53,42,morgan,XGB+GCN,lr_l2,1.0,0.6632653061224489,0.2064542206053155,0.0,0.5
SR-p53,42,morgan,XGB+GCN,lr_l2,10.0,0.6657415868503288,0.1858891842658322,0.0,0.5
SR-p53,42,morgan,RF+XGB+GCN,averaging,,0.6738416759738722,0.2378743841202378,0.1353022754329952,0.5131908484786949
SR-p53,42,morgan,RF+XGB+GCN,voting,,0.5449368802247267,0.1477436350078426,0.1554200713709558,0.5165922090229126
SR-p53,42,morgan,RF+XGB+GCN,lr_none,,0.6950790266355298,0.2350003352772267,0.1734527162063739,0.5199935695671303
SR-p53,42,morgan,RF+XGB+GCN,lr_l2,0.1,0.664100134249388,0.2339046354071557,0.0,0.5
SR-p53,42,morgan,RF+XGB+GCN,lr_l2,1.0,0.6798208503965434,0.2350318121840413,0.0,0.5
SR-p53,42,morgan,RF+XGB+GCN,lr_l2,10.0,0.6917058697442493,0.2346764604861435,0.1353022754329952,0.5131908484786949
SR-p53,42,maccs,RF_only,single,,0.6516143770941213,0.2205576019805672,0.1072426654157902,0.5123616610823434
SR-p53,42,maccs,XGB_only,single,,0.6609413251204297,0.2249277553733861,0.162313691658033,0.5718600873185096
SR-p53,42,Graph,GCN_only,single,,0.6475192066876502,0.165327535425627,0.0125264153842567,0.5033252106812874
SR-p53,42,maccs,RF+GCN,averaging,,0.6837242359630419,0.2183566126241345,0.0,0.5
SR-p53,42,maccs,RF+GCN,voting,,0.5123616610823434,0.1212401336841356,0.1072426654157902,0.5123616610823434
SR-p53,42,maccs,RF+GCN,lr_none,,0.6810900147787141,0.1998365503621423,0.0,0.5
SR-p53,42,maccs,RF+GCN,lr_l2,0.1,0.6802551866517751,0.1951618470438357,0.0,0.5
SR-p53,42,maccs,RF+GCN,lr_l2,1.0,0.6804131271082231,0.1958139092348586,0.0,0.5
SR-p53,42,maccs,RF+GCN,lr_l2,10.0,0.6811915479292878,0.1996651166186316,0.0,0.5
SR-p53,42,maccs,RF+XGB,averaging,,0.6824550715808712,0.2358759412528232,0.1774330211281342,0.5482874741936575
SR-p53,42,maccs,RF+XGB,voting,,0.5725115917013571,0.1521226720019652,0.162313691658033,0.5718600873185096
SR-p53,42,maccs,RF+XGB,lr_none,,0.6782414458320642,0.2348082400204991,0.0,0.5
SR-p53,42,maccs,RF+XGB,lr_l2,0.1,0.6725499486693517,0.2321196971002261,0.0,0.5
SR-p53,42,maccs,RF+XGB,lr_l2,1.0,0.6743549824573278,0.2325116432843983,0.0,0.5
SR-p53,42,maccs,RF+XGB,lr_l2,10.0,0.6773896955133628,0.2337279622395958,0.0,0.5
SR-p53,42,maccs,XGB+GCN,averaging,,0.6822576460103111,0.2392231057531483,0.152519582131874,0.5272954953125529
SR-p53,42,maccs,XGB+GCN,voting,,0.5718600873185095,0.1441051792905949,0.162313691658033,0.5718600873185096
SR-p53,42,maccs,XGB+GCN,lr_none,,0.6839160208030144,0.2028118580213682,0.0481873551216426,0.5051443462957322
SR-p53,42,maccs,XGB+GCN,lr_l2,0.1,0.6808361819022799,0.2395796592461763,0.0,0.5
SR-p53,42,maccs,XGB+GCN,lr_l2,1.0,0.6832560553242856,0.2280266930523478,0.0,0.5
SR-p53,42,maccs,XGB+GCN,lr_l2,10.0,0.6838990986112521,0.204123313892864,0.0570196247334687,0.505558939993908
SR-p53,42,maccs,RF+XGB+GCN,averaging,,0.6956882255389718,0.2426819892639771,0.1467358562733619,0.5191643821707788
SR-p53,42,maccs,RF+XGB+GCN,voting,,0.5725115917013571,0.1521226720019652,0.1072426654157902,0.5123616610823434
SR-p53,42,maccs,RF+XGB+GCN,lr_none,,0.6910910301102199,0.2099346680846691,0.0481873551216426,0.5051443462957322
SR-p53,42,maccs,RF+XGB+GCN,lr_l2,0.1,0.6880337541318352,0.24409417248794,0.0,0.5
SR-p53,42,maccs,RF+XGB+GCN,lr_l2,1.0,0.6895962365045522,0.2349582039577308,0.0,0.5
SR-p53,42,maccs,RF+XGB+GCN,lr_l2,10.0,0.6908484786949606,0.2137003477324098,0.024733930912891,0.5021575794496903
SR-p53,42,atompair,RF_only,single,,0.6378622759219774,0.2487432488983748,0.0778980597733946,0.5034013605442177
SR-p53,42,atompair,XGB_only,single,,0.5954214189821865,0.2231185417697562,0.1599623093107892,0.5440569262530883
SR-p53,42,Graph,GCN_only,single,,0.6475192066876502,0.165327535425627,0.0125264153842567,0.5033252106812874
SR-p53,42,atompair,RF+GCN,averaging,,0.6642044877652554,0.2145144535921717,0.0,0.5
SR-p53,42,atompair,RF+GCN,voting,,0.5034013605442177,0.1147110728992262,0.0778980597733946,0.5034013605442177
SR-p53,42,atompair,RF+GCN,lr_none,,0.6610569600974717,0.2458424812210524,0.1403476908110821,0.5161776153247368
SR-p53,42,atompair,RF+GCN,lr_l2,0.1,0.6655131372615383,0.2047368077131104,0.0,0.5
SR-p53,42,atompair,RF+GCN,lr_l2,1.0,0.6644978057558014,0.2138483654772578,0.0,0.5
SR-p53,42,atompair,RF+GCN,lr_l2,10.0,0.6622302320596563,0.2372993665059706,0.1350233036072173,0.5102040816326531
SR-p53,42,atompair,RF+XGB,averaging,,0.6152260240746381,0.2343459594460346,0.1949568661654875,0.5293684638034318
SR-p53,42,atompair,RF+XGB,voting,,0.5441274353854311,0.1434454047694466,0.1599623093107892,0.5440569262530883
SR-p53,42,atompair,RF+XGB,lr_none,,0.6363449193939599,0.2511246475499569,0.1589447371185133,0.5195789758689545
SR-p53,42,atompair,RF+XGB,lr_l2,0.1,0.6064828916641284,0.2291456999330762,0.0,0.5
SR-p53,42,atompair,RF+XGB,lr_l2,1.0,0.6175048792319582,0.2359387763136514,0.0,0.5
SR-p53,42,atompair,RF+XGB,lr_l2,10.0,0.6374279396667456,0.2522329067184197,0.1353022754329952,0.5131908484786949
SR-p53,42,atompair,XGB+GCN,averaging,,0.6507287823918955,0.2403207950790826,0.1589447371185133,0.5195789758689545
SR-p53,42,atompair,XGB+GCN,voting,,0.5440569262530882,0.1392974041057664,0.1599623093107892,0.5440569262530883
SR-p53,42,atompair,XGB+GCN,lr_none,,0.66195947699146,0.1916267520946679,-0.009495037136558,0.4995854063018242
SR-p53,42,atompair,XGB+GCN,lr_l2,0.1,0.6450429259597703,0.2395057459405761,0.0,0.5
SR-p53,42,atompair,XGB+GCN,lr_l2,1.0,0.6590206563554111,0.235293834666957,0.0,0.5
SR-p53,42,atompair,XGB+GCN,lr_l2,10.0,0.661694362653851,0.1941432991674835,0.0,0.5
SR-p53,42,atompair,RF+XGB+GCN,averaging,,0.6525281754492842,0.2469098894474101,0.0778980597733946,0.5034013605442177
SR-p53,42,atompair,RF+XGB+GCN,voting,,0.5441274353854311,0.1434454047694466,0.0778980597733946,0.5034013605442177
SR-p53,42,atompair,RF+XGB+GCN,lr_none,,0.6599118917882245,0.2402053179348884,0.0961609500832319,0.5093748942363014
SR-p53,42,atompair,RF+XGB+GCN,lr_l2,0.1,0.6486135084216109,0.2431229265981064,0.0,0.5
SR-p53,42,atompair,RF+XGB+GCN,lr_l2,1.0,0.6625912388172516,0.2443640592884828,0.0,0.5
SR-p53,42,atompair,RF+XGB+GCN,lr_l2,10.0,0.6629973714195463,0.2458888646722279,0.1350233036072173,0.5102040816326531
SR-p53,1,morgan,RF_only,single,,0.6775645581615732,0.2385239465842089,0.1744436007827584,0.5170068027210885
SR-p53,1,morgan,XGB_only,single,,0.6110659852664118,0.2058234157712203,0.1118107163317418,0.5440653873489695
SR-p53,1,Graph,GCN_only,single,,0.6705785133290463,0.1672425537633083,0.0125264153842567,0.5033252106812874
SR-p53,1,morgan,RF+GCN,averaging,,0.6961930709265465,0.2273067102974955,0.0,0.5
SR-p53,1,morgan,RF+GCN,voting,,0.5170068027210885,0.138965564052672,0.1744436007827584,0.5170068027210885
SR-p53,1,morgan,RF+GCN,lr_none,,0.6909979580555274,0.2326215761729533,0.1270794259284981,0.5183351947744271
SR-p53,1,morgan,RF+GCN,lr_l2,0.1,0.6981729673627328,0.1998595567444036,0.0,0.5
SR-p53,1,morgan,RF+GCN,lr_l2,1.0,0.6970955878205346,0.2248444045105825,0.0,0.5
SR-p53,1,morgan,RF+GCN,lr_l2,10.0,0.6925604404282443,0.2320617628225098,0.1403476908110821,0.5161776153247368
SR-p53,1,morgan,RF+XGB,averaging,,0.6496937083291028,0.2334913279672765,0.1311970987030224,0.5234795410701594
SR-p53,1,morgan,RF+XGB,voting,,0.5449961078958947,0.1534125692482054,0.1118107163317418,0.5440653873489695
SR-p53,1,morgan,RF+XGB,lr_none,,0.6842375424464977,0.2487485005737085,0.1279663116904885,0.5157630216265611
SR-p53,1,morgan,RF+XGB,lr_l2,0.1,0.6332848230502814,0.2229239360850874,0.0,0.5
SR-p53,1,morgan,RF+XGB,lr_l2,1.0,0.6539242562696721,0.2361475635064817,0.0,0.5
SR-p53,1,morgan,RF+XGB,lr_l2,10.0,0.6832898997078102,0.2492207313781578,0.1279663116904885,0.5157630216265611
SR-p53,1,morgan,XGB+GCN,averaging,,0.6455534120779325,0.2062076693248305,0.0839315938714136,0.5089603005381257
SR-p53,1,morgan,XGB+GCN,voting,,0.5440653873489695,0.1276091444300023,0.1118107163317418,0.5440653873489695
SR-p53,1,morgan,XGB+GCN,lr_none,,0.6636601572635688,0.1863344826548526,-0.009495037136558,0.4995854063018242
SR-p53,1,morgan,XGB+GCN,lr_l2,0.1,0.6421069256890152,0.2075972233082514,0.0,0.5
SR-p53,1,morgan,XGB+GCN,lr_l2,1.0,0.65636105188344,0.2019360152362718,0.0,0.5
SR-p53,1,morgan,XGB+GCN,lr_l2,10.0,0.6626561072190071,0.18683077069998,0.0,0.5
SR-p53,1,morgan,RF+XGB+GCN,averaging,,0.669560361458016,0.237708179981019,0.1350233036072173,0.5102040816326531
SR-p53,1,morgan,RF+XGB+GCN,voting,,0.5449961078958947,0.1534125692482054,0.1744436007827584,0.5170068027210885
SR-p53,1,morgan,RF+XGB+GCN,lr_none,,0.6986101239832583,0.2374989174091274,0.1467358562733619,0.5191643821707788
SR-p53,1,morgan,RF+XGB+GCN,lr_l2,0.1,0.6579573786396814,0.2285421540519956,0.0,0.5
SR-p53,1,morgan,RF+XGB+GCN,lr_l2,1.0,0.6791721663789896,0.2350454457752537,0.0,0.5
SR-p53,1,morgan,RF+XGB+GCN,lr_l2,10.0,0.6963143466341761,0.2381249810610594,0.1196758326211847,0.5127762547805191
SR-p53,1,maccs,RF_only,single,,0.6467436062318792,0.2256045119665655,0.1279663116904885,0.5157630216265611
SR-p53,1,maccs,XGB_only,single,,0.6609413251204297,0.2249277553733861,0.162313691658033,0.5718600873185096
SR-p53,1,Graph,GCN_only,single,,0.6705785133290463,0.1672425537633083,0.0125264153842567,0.5033252106812874
SR-p53,1,maccs,RF+GCN,averaging,,0.6740955088503063,0.2065305052995398,0.0,0.5
SR-p53,1,maccs,RF+GCN,voting,,0.5157630216265611,0.1262104620118557,0.1279663116904885,0.5157630216265611
SR-p53,1,maccs,RF+GCN,lr_none,,0.6741067903114811,0.2060648229401273,0.0590830467643735,0.5077165194435983
SR-p53,1,maccs,RF+GCN,lr_l2,0.1,0.6769779221804808,0.2002977411328119,0.0,0.5
SR-p53,1,maccs,RF+GCN,lr_l2,1.0,0.6764589749664376,0.2006936302195008,0.0,0.5
SR-p53,1,maccs,RF+GCN,lr_l2,10.0,0.6742760122291038,0.2057048500104921,0.0340357249557164,0.5025721731478661
SR-p53,1,maccs,RF+XGB,averaging,,0.6774517435498245,0.2384988351328165,0.1850275860193643,0.5491166615900092
SR-p53,1,maccs,RF+XGB,voting,,0.5727400412901479,0.15594920261421,0.162313691658033,0.5718600873185096
SR-p53,1,maccs,RF+XGB,lr_none,,0.6793413882966122,0.2395516695453147,0.0483861387523252,0.5029867668460418
SR-p53,1,maccs,RF+XGB,lr_l2,0.1,0.6724822599023026,0.2330566688421455,0.0,0.5
SR-p53,1,maccs,RF+XGB,lr_l2,1.0,0.6754662063830508,0.2344657973211738,0.0,0.5
SR-p53,1,maccs,RF+XGB,lr_l2,10.0,0.6781060682979659,0.2388351319614035,-0.009495037136558,0.4995854063018242
SR-p53,1,maccs,XGB+GCN,averaging,,0.6852528739522343,0.2318667935607269,0.1175182531036991,0.5153484279283853
SR-p53,1,maccs,XGB+GCN,voting,,0.5718600873185095,0.1441051792905949,0.162313691658033,0.5718600873185096
SR-p53,1,maccs,XGB+GCN,lr_none,,0.6911361559549192,0.2012632761428896,0.0410326146252065,0.5047297525975564
SR-p53,1,maccs,XGB+GCN,lr_l2,0.1,0.6797588023600817,0.2392449615906824,0.0,0.5
SR-p53,1,maccs,XGB+GCN,lr_l2,1.0,0.6879547839036112,0.2230687608278875,0.0,0.5
SR-p53,1,maccs,XGB+GCN,lr_l2,10.0,0.6906228494714635,0.2025093401659357,0.0481873551216426,0.5051443462957322
SR-p53,1,maccs,RF+XGB+GCN,averaging,,0.6891054929434459,0.2387239577601137,0.1196758326211847,0.5127762547805191
SR-p53,1,maccs,RF+XGB+GCN,voting,,0.5727400412901479,0.15594920261421,0.1279663116904885,0.5157630216265611
SR-p53,1,maccs,RF+XGB+GCN,lr_none,,0.6981193804221523,0.2093538962558224,0.0741376400204984,0.5085457068399499
SR-p53,1,maccs,RF+XGB+GCN,lr_l2,0.1,0.6854164551392696,0.2410523641036611,0.0,0.5
SR-p53,1,maccs,RF+XGB+GCN,lr_l2,1.0,0.6931104116605182,0.2268039029848506,0.0,0.5
SR-p53,1,maccs,RF+XGB+GCN,lr_l2,10.0,0.6976624812445708,0.2103088360607607,0.0741376400204984,0.5085457068399499
SR-p53,1,atompair,RF_only,single,,0.6448370392933293,0.2357146651701487,0.0778980597733946,0.5034013605442177
SR-p53,1,atompair,XGB_only,single,,0.5954214189821865,0.2231185417697562,0.1599623093107892,0.5440569262530883
SR-p53,1,Graph,GCN_only,single,,0.6705785133290463,0.1672425537633083,0.0125264153842567,0.5033252106812874
SR-p53,1,atompair,RF+GCN,averaging,,0.6816456267415756,0.2100948025394077,0.0,0.5
SR-p53,1,atompair,RF+GCN,voting,,0.5034013605442177,0.1147110728992262,0.0778980597733946,0.5034013605442177
SR-p53,1,atompair,RF+GCN,lr_none,,0.6694842115950859,0.2178921133732519,0.1196758326211847,0.5127762547805191
SR-p53,1,atompair,RF+GCN,lr_l2,0.1,0.6865643438138108,0.2110582045411561,0.0,0.5
SR-p53,1,atompair,RF+GCN,lr_l2,1.0,0.6818994596180098,0.2102043853301242,0.0,0.5
SR-p53,1,atompair,RF+GCN,lr_l2,10.0,0.6725922541487573,0.2181876963346812,0.0483861387523252,0.5029867668460418
SR-p53,1,atompair,RF+XGB,averaging,,0.6209964914655747,0.235019858716569,0.1696253920540974,0.5255525095610384
SR-p53,1,atompair,RF+XGB,voting,,0.5441274353854311,0.1434454047694466,0.1599623093107892,0.5440569262530883
SR-p53,1,atompair,RF+XGB,lr_none,,0.6448172967362733,0.2387463942296863,0.1072426654157902,0.5123616610823434
SR-p53,1,atompair,RF+XGB,lr_l2,0.1,0.6126989767714714,0.2295620672105968,0.0,0.5
SR-p53,1,atompair,RF+XGB,lr_l2,1.0,0.622367188998319,0.2357979907960736,0.0,0.5
SR-p53,1,atompair,RF+XGB,lr_l2,10.0,0.6416302839543777,0.2411715868133787,0.1353022754329952,0.5131908484786949
SR-p53,1,atompair,XGB+GCN,averaging,,0.6436440247740888,0.2356705504069974,0.110205256535041,0.5068027210884354
SR-p53,1,atompair,XGB+GCN,voting,,0.5440569262530882,0.1392974041057664,0.1599623093107892,0.5440569262530883
SR-p53,1,atompair,XGB+GCN,lr_none,,0.662636364661951,0.1901105044475073,-0.009495037136558,0.4995854063018242
SR-p53,1,atompair,XGB+GCN,lr_l2,0.1,0.634703466793019,0.2354819393212496,0.0,0.5
SR-p53,1,atompair,XGB+GCN,lr_l2,1.0,0.6523815164540111,0.2221892780167176,0.0,0.5
SR-p53,1,atompair,XGB+GCN,lr_l2,10.0,0.6613051522433187,0.1932682343925991,-0.009495037136558,0.4995854063018242
SR-p53,1,atompair,RF+XGB+GCN,averaging,,0.6523702349928362,0.245744664708589,0.0778980597733946,0.5034013605442177
SR-p53,1,atompair,RF+XGB+GCN,voting,,0.5441274353854311,0.1434454047694466,0.0778980597733946,0.5034013605442177
SR-p53,1,atompair,RF+XGB+GCN,lr_none,,0.6682263286740899,0.2169674111142381,0.1122241492792743,0.5097894879344772
SR-p53,1,atompair,RF+XGB+GCN,lr_l2,0.1,0.6439204205728726,0.2394271985776869,0.0,0.5
SR-p53,1,atompair,RF+XGB+GCN,lr_l2,1.0,0.6650167529698446,0.2359363853245112,0.0,0.5
SR-p53,1,atompair,RF+XGB+GCN,lr_l2,10.0,0.6730209496734018,0.2248500764890402,0.1350233036072173,0.5102040816326531
SR-p53,7,morgan,RF_only,single,,0.6719520312270845,0.2316683796691822,0.1554200713709558,0.5165922090229126
SR-p53,7,morgan,XGB_only,single,,0.6110659852664118,0.2058234157712203,0.1118107163317418,0.5440653873489695
SR-p53,7,Graph,GCN_only,single,,0.6433676289753049,0.1617083987419082,0.0125264153842567,0.5033252106812874
SR-p53,7,morgan,RF+GCN,averaging,,0.668607077988741,0.2158154810393663,0.0,0.5
SR-p53,7,morgan,RF+GCN,voting,,0.5165922090229126,0.1332966298123092,0.1554200713709558,0.5165922090229126
SR-p53,7,morgan,RF+GCN,lr_none,,0.6688270664816506,0.2213862155200703,0.1175182531036991,0.5153484279283853
SR-p53,7,morgan,RF+GCN,lr_l2,0.1,0.6683814487652442,0.2061084856436597,0.0,0.5
SR-p53,7,morgan,RF+GCN,lr_l2,1.0,0.6686691260252028,0.2213309224502026,0.0,0.5
SR-p53,7,morgan,RF+GCN,lr_l2,10.0,0.668686048216965,0.2206365404450569,0.1554200713709558,0.5165922090229126
SR-p53,7,morgan,RF+XGB,averaging,,0.6551595762683182,0.2309281218531246,0.1290832234937876,0.5256371205198498
SR-p53,7,morgan,RF+XGB,voting,,0.5449368802247267,0.1477436350078426,0.1118107163317418,0.5440653873489695
SR-p53,7,morgan,RF+XGB,lr_none,,0.6866010085626291,0.2420305437570313,0.1403476908110821,0.5161776153247368
SR-p53,7,morgan,RF+XGB,lr_l2,0.1,0.6356652113581751,0.2211984829224096,0.0,0.5
SR-p53,7,morgan,RF+XGB,lr_l2,1.0,0.6567276993716226,0.2312834252395325,0.0,0.5
SR-p53,7,morgan,RF+XGB,lr_l2,10.0,0.6862456425356211,0.242145990148283,0.1554200713709558,0.5165922090229126
SR-p53,7,morgan,XGB+GCN,averaging,,0.6186471271759119,0.2026046971596996,0.0,0.5
SR-p53,7,morgan,XGB+GCN,voting,,0.5440653873489695,0.1276091444300023,0.1118107163317418,0.5440653873489695
SR-p53,7,morgan,XGB+GCN,lr_none,,0.6174738552137272,0.1784211668390693,0.0,0.5
SR-p53,7,morgan,XGB+GCN,lr_l2,0.1,0.6198880879051455,0.2063941973226145,0.0,0.5
SR-p53,7,morgan,XGB+GCN,lr_l2,1.0,0.618489186719464,0.2003909704139463,0.0,0.5
SR-p53,7,morgan,XGB+GCN,lr_l2,10.0,0.6175471847113638,0.1817683046688927,0.0,0.5
SR-p53,7,morgan,RF+XGB+GCN,averaging,,0.6557349307882356,0.2280385120753352,0.1350233036072173,0.5102040816326531
SR-p53,7,morgan,RF+XGB+GCN,voting,,0.5449368802247267,0.1477436350078426,0.1554200713709558,0.5165922090229126
SR-p53,7,morgan,RF+XGB+GCN,lr_none,,0.6815863990704076,0.2241841759054651,0.1403476908110821,0.5161776153247368
SR-p53,7,morgan,RF+XGB+GCN,lr_l2,0.1,0.6408151983844947,0.2216604586979948,0.0,0.5
SR-p53,7,morgan,RF+XGB+GCN,lr_l2,1.0,0.6542175742602182,0.225014731463662,0.0,0.5
SR-p53,7,morgan,RF+XGB+GCN,lr_l2,10.0,0.6763800047382136,0.2238118588463087,0.1554200713709558,0.5165922090229126
SR-p53,7,maccs,RF_only,single,,0.6531345539874325,0.2217401989031933,0.1362450344840988,0.518749788472603
SR-p53,7,maccs,XGB_only,single,,0.6609413251204297,0.2249277553733861,0.162313691658033,0.5718600873185096
SR-p53,7,Graph,GCN_only,single,,0.6433676289753049,0.1617083987419082,0.0125264153842567,0.5033252106812874
SR-p53,7,maccs,RF+GCN,averaging,,0.6516143770941213,0.1918257006136414,0.0,0.5
SR-p53,7,maccs,RF+GCN,voting,,0.518749788472603,0.1287026562287886,0.1362450344840988,0.518749788472603
SR-p53,7,maccs,RF+GCN,lr_none,,0.6524097201069483,0.2040589804876641,0.1196758326211847,0.5127762547805191
SR-p53,7,maccs,RF+GCN,lr_l2,0.1,0.6517948804729188,0.1949820672788447,0.0,0.5
SR-p53,7,maccs,RF+GCN,lr_l2,1.0,0.6518456470482058,0.1955240621765793,0.0,0.5
SR-p53,7,maccs,RF+GCN,lr_l2,10.0,0.652313827686962,0.2030704384397135,0.0483861387523252,0.5029867668460418
SR-p53,7,maccs,RF+XGB,averaging,,0.678399386288512,0.2342886625390352,0.1890222136332684,0.5495312552881849
SR-p53,7,maccs,RF+XGB,voting,,0.5760426890490857,0.1559064778206956,0.1693108622847174,0.5752614478627271
SR-p53,7,maccs,RF+XGB,lr_none,,0.67875475231552,0.2344984796493049,-0.009495037136558,0.4995854063018242
SR-p53,7,maccs,RF+XGB,lr_l2,0.1,0.6715458986247897,0.2304343819864817,0.0,0.5
SR-p53,7,maccs,RF+XGB,lr_l2,1.0,0.6744057490326146,0.2328240295099989,0.0,0.5
SR-p53,7,maccs,RF+XGB,lr_l2,10.0,0.677829672499182,0.2344101523153472,0.0,0.5
SR-p53,7,maccs,XGB+GCN,averaging,,0.6592321837524396,0.2192436555336399,0.0570196247334687,0.505558939993908
SR-p53,7,maccs,XGB+GCN,voting,,0.5718600873185095,0.1441051792905949,0.162313691658033,0.5718600873185096
SR-p53,7,maccs,XGB+GCN,lr_none,,0.6574779165397502,0.1968764753018052,0.0481873551216426,0.5051443462957322
SR-p53,7,maccs,XGB+GCN,lr_l2,0.1,0.6609131214674925,0.2254162643187137,0.0,0.5
SR-p53,7,maccs,XGB+GCN,lr_l2,1.0,0.6589783508760054,0.217356307450676,0.0,0.5
SR-p53,7,maccs,XGB+GCN,lr_l2,10.0,0.657951737909094,0.2023253944614171,0.0570196247334687,0.505558939993908
SR-p53,7,maccs,RF+XGB+GCN,averaging,,0.6773502103992509,0.2318193394599013,0.0684790400960827,0.5059735336920838
SR-p53,7,maccs,RF+XGB+GCN,voting,,0.5760426890490857,0.1559064778206956,0.1175182531036991,0.5153484279283853
SR-p53,7,maccs,RF+XGB+GCN,lr_none,,0.675483128574813,0.2082319237145449,0.0481873551216426,0.5051443462957322
SR-p53,7,maccs,RF+XGB+GCN,lr_l2,0.1,0.6728094222763732,0.2317677777237098,0.0,0.5
SR-p53,7,maccs,RF+XGB+GCN,lr_l2,1.0,0.6721607382588193,0.2205585670710511,0.0,0.5
SR-p53,7,maccs,RF+XGB+GCN,lr_l2,10.0,0.674845726018434,0.2103428761920902,0.0178782993837055,0.5017429857515145
SR-p53,7,atompair,RF_only,single,,0.6474910030347131,0.2465983550827773,0.0778980597733946,0.5034013605442177
SR-p53,7,atompair,XGB_only,single,,0.5954214189821865,0.2231185417697562,0.1599623093107892,0.5440569262530883
SR-p53,7,Graph,GCN_only,single,,0.6433676289753049,0.1617083987419082,0.0125264153842567,0.5033252106812874
SR-p53,7,atompair,RF+GCN,averaging,,0.6433366049570741,0.1872347283107444,0.0,0.5
SR-p53,7,atompair,RF+GCN,voting,,0.5034013605442177,0.1147110728992262,0.0778980597733946,0.5034013605442177
SR-p53,7,atompair,RF+GCN,lr_none,,0.6447749912568677,0.2165524325694314,0.0845295142814669,0.5063881273902595
SR-p53,7,atompair,RF+GCN,lr_l2,0.1,0.6433648086100112,0.1876376301633279,0.0,0.5
SR-p53,7,atompair,RF+GCN,lr_l2,1.0,0.6435227490664591,0.1942827720581261,0.0,0.5
SR-p53,7,atompair,RF+GCN,lr_l2,10.0,0.6441827145451879,0.2068033918390043,0.0778980597733946,0.5034013605442177
SR-p53,7,atompair,RF+XGB,averaging,,0.6248068049773806,0.233121243226384,0.1949568661654875,0.5293684638034318
SR-p53,7,atompair,RF+XGB,voting,,0.5441274353854311,0.1434454047694466,0.1599623093107892,0.5440569262530883
SR-p53,7,atompair,RF+XGB,lr_none,,0.6462246590178359,0.2505604135498624,0.0845295142814669,0.5063881273902595
SR-p53,7,atompair,RF+XGB,lr_l2,0.1,0.6157703545763248,0.2308421192417852,0.0,0.5
SR-p53,7,atompair,RF+XGB,lr_l2,1.0,0.6256416331043196,0.2338119919355404,0.0,0.5
SR-p53,7,atompair,RF+XGB,lr_l2,10.0,0.6467887320765785,0.2519593531531786,0.110205256535041,0.5068027210884354
SR-p53,7,atompair,XGB+GCN,averaging,,0.5915518777992126,0.2178720906166863,0.0,0.5
SR-p53,7,atompair,XGB+GCN,voting,,0.5440569262530882,0.1392974041057664,0.1599623093107892,0.5440569262530883
SR-p53,7,atompair,XGB+GCN,lr_none,,0.5911119008133934,0.1813269982057548,0.0,0.5
SR-p53,7,atompair,XGB+GCN,lr_l2,0.1,0.5913600929592401,0.2225805365335584,0.0,0.5
SR-p53,7,atompair,XGB+GCN,lr_l2,1.0,0.5915800814521497,0.2196329196775947,0.0,0.5
SR-p53,7,atompair,XGB+GCN,lr_l2,10.0,0.5914277817262892,0.1929495465904833,0.0,0.5
SR-p53,7,atompair,RF+XGB+GCN,averaging,,0.6195722069922497,0.2311084513332162,0.0,0.5
SR-p53,7,atompair,RF+XGB+GCN,voting,,0.5441274353854311,0.1434454047694466,0.0778980597733946,0.5034013605442177
SR-p53,7,atompair,RF+XGB+GCN,lr_none,,0.6406346950056971,0.2153556945236876,0.0845295142814669,0.5063881273902595
SR-p53,7,atompair,RF+XGB+GCN,lr_l2,0.1,0.6112690515675591,0.2295606318370401,0.0,0.5
SR-p53,7,atompair,RF+XGB+GCN,lr_l2,1.0,0.6211177671732042,0.2291425322859021,0.0,0.5
SR-p53,7,atompair,RF+XGB+GCN,lr_l2,10.0,0.6406346950056973,0.2195006692672301,0.0778980597733946,0.5034013605442177
SR-p53,123,morgan,RF_only,single,,0.6578530251238139,0.2200176860736485,0.1554200713709558,0.5165922090229126
SR-p53,123,morgan,XGB_only,single,,0.6110659852664118,0.2058234157712203,0.1118107163317418,0.5440653873489695
SR-p53,123,Graph,GCN_only,single,,0.6538763100596791,0.1656873259032414,0.0125264153842567,0.5033252106812874
SR-p53,123,morgan,RF+GCN,averaging,,0.6828668449137532,0.2262145502071563,0.0,0.5
SR-p53,123,morgan,RF+GCN,voting,,0.5165922090229126,0.1332966298123092,0.1554200713709558,0.5165922090229126
SR-p53,123,morgan,RF+GCN,lr_none,,0.6793695919495494,0.2276272097959663,0.1799754306297003,0.5259671032592141
SR-p53,123,morgan,RF+GCN,lr_l2,0.1,0.6822745682020734,0.1989131071821966,0.0,0.5
SR-p53,123,morgan,RF+GCN,lr_l2,1.0,0.6830529890231383,0.2232949657024373,0.0,0.5
SR-p53,123,morgan,RF+GCN,lr_l2,10.0,0.680824900441105,0.2263615691137942,0.1554200713709558,0.5165922090229126
SR-p53,123,morgan,RF+XGB,averaging,,0.6463882402048714,0.2287387107304204,0.1098746152741708,0.5196635868277659
SR-p53,123,morgan,RF+XGB,voting,,0.5449368802247267,0.1477436350078426,0.1118107163317418,0.5440653873489695
SR-p53,123,morgan,RF+XGB,lr_none,,0.6665312891325685,0.2262610041209863,0.1589447371185133,0.5195789758689545
SR-p53,123,morgan,RF+XGB,lr_l2,0.1,0.6316941370246274,0.2230256607182347,0.0,0.5
SR-p53,123,morgan,RF+XGB,lr_l2,1.0,0.6505454586478041,0.2301758892808049,0.0,0.5
SR-p53,123,morgan,RF+XGB,lr_l2,10.0,0.6728489073904853,0.2333026925412467,0.1403476908110821,0.5161776153247368
SR-p53,123,morgan,XGB+GCN,averaging,,0.6497331934432148,0.2101136917006799,0.0883006499340363,0.5115324736859918
SR-p53,123,morgan,XGB+GCN,voting,,0.5440653873489695,0.1276091444300023,0.1118107163317418,0.5440653873489695
SR-p53,123,morgan,XGB+GCN,lr_none,,0.668725533331077,0.1864486198742072,-0.009495037136558,0.4995854063018242
SR-p53,123,morgan,XGB+GCN,lr_l2,0.1,0.6473810087882582,0.2112317814384564,0.0,0.5
SR-p53,123,morgan,XGB+GCN,lr_l2,1.0,0.6616069313297458,0.2053776836648497,0.0,0.5
SR-p53,123,morgan,XGB+GCN,lr_l2,10.0,0.6677948127841518,0.1873585834941467,0.0,0.5
SR-p53,123,morgan,RF+XGB+GCN,averaging,,0.6661590009137983,0.2356042898302522,0.1353022754329952,0.5131908484786949
SR-p53,123,morgan,RF+XGB+GCN,voting,,0.5449368802247267,0.1477436350078426,0.1554200713709558,0.5165922090229126
SR-p53,123,morgan,RF+XGB+GCN,lr_none,,0.6864092237226567,0.2300160213352569,0.1467358562733619,0.5191643821707788
SR-p53,123,morgan,RF+XGB+GCN,lr_l2,0.1,0.6584594036619622,0.2310820794185498,0.0,0.5
SR-p53,123,morgan,RF+XGB+GCN,lr_l2,1.0,0.6774178991663001,0.2353575361021685,0.0,0.5
SR-p53,123,morgan,RF+XGB+GCN,lr_l2,10.0,0.6879604246341987,0.2329949323699952,0.1734527162063739,0.5199935695671303
SR-p53,123,maccs,RF_only,single,,0.6506498121636715,0.2202945312221,0.0741376400204984,0.5085457068399499
SR-p53,123,maccs,XGB_only,single,,0.6609413251204297,0.2249277553733861,0.162313691658033,0.5718600873185096
SR-p53,123,Graph,GCN_only,single,,0.6538763100596791,0.1656873259032414,0.0125264153842567,0.5033252106812874
SR-p53,123,maccs,RF+GCN,averaging,,0.6815581954174704,0.2078936269479924,0.0,0.5
SR-p53,123,maccs,RF+GCN,voting,,0.5085457068399499,0.1151765108957742,0.0741376400204984,0.5085457068399499
SR-p53,123,maccs,RF+GCN,lr_none,,0.6822407238185489,0.1993268549951486,0.0477354188766947,0.5068873320472468
SR-p53,123,maccs,RF+GCN,lr_l2,0.1,0.6821786757820874,0.1944424374281073,0.0,0.5
SR-p53,123,maccs,RF+GCN,lr_l2,1.0,0.6822068794350243,0.1943995048161509,0.0,0.5
SR-p53,123,maccs,RF+GCN,lr_l2,10.0,0.6822012387044372,0.1988313790237886,0.0845295142814669,0.5063881273902595
SR-p53,123,maccs,RF+XGB,averaging,,0.6765887117699485,0.2332200872220427,0.1890222136332684,0.5495312552881849
SR-p53,123,maccs,RF+XGB,voting,,0.5721957107884613,0.1472028469290788,0.162313691658033,0.5718600873185096
SR-p53,123,maccs,RF+XGB,lr_none,,0.675612865378324,0.2325850757984489,0.0,0.5
SR-p53,123,maccs,RF+XGB,lr_l2,0.1,0.6703669859320179,0.231126034991576,0.0,0.5
SR-p53,123,maccs,RF+XGB,lr_l2,1.0,0.6720479236470708,0.2313358933299564,0.0,0.5
SR-p53,123,maccs,RF+XGB,lr_l2,10.0,0.6748908518631334,0.2320807743650705,0.0,0.5
SR-p53,123,maccs,XGB+GCN,averaging,,0.6862343610744464,0.2351206018211672,0.1444943524938834,0.524308728466511
SR-p53,123,maccs,XGB+GCN,voting,,0.5718600873185095,0.1441051792905949,0.162313691658033,0.5718600873185096
SR-p53,123,maccs,XGB+GCN,lr_none,,0.6893536850892928,0.2022602343042712,0.0410326146252065,0.5047297525975564
SR-p53,123,maccs,XGB+GCN,lr_l2,0.1,0.682889407836103,0.2420791188857629,0.0,0.5
SR-p53,123,maccs,XGB+GCN,lr_l2,1.0,0.6881860538576957,0.2268978502818988,0.0,0.5
SR-p53,123,maccs,XGB+GCN,lr_l2,10.0,0.6891731817104952,0.2040987942016409,0.0481873551216426,0.5051443462957322
SR-p53,123,maccs,RF+XGB+GCN,averaging,,0.6940242100156813,0.2430444289596546,0.0839315938714136,0.5089603005381257
SR-p53,123,maccs,RF+XGB+GCN,voting,,0.5721957107884613,0.1472028469290788,0.0741376400204984,0.5085457068399499
SR-p53,123,maccs,RF+XGB+GCN,lr_none,,0.6954174704707754,0.2066339929733729,0.0410326146252065,0.5047297525975564
SR-p53,123,maccs,RF+XGB+GCN,lr_l2,0.1,0.687779921255401,0.2418935189626476,0.0,0.5
SR-p53,123,maccs,RF+XGB+GCN,lr_l2,1.0,0.6931442560440428,0.2333941734406579,0.0,0.5
SR-p53,123,maccs,RF+XGB+GCN,lr_l2,10.0,0.6954174704707754,0.2095779747583088,0.0481873551216426,0.5051443462957322
SR-p53,123,atompair,RF_only,single,,0.6365338838686387,0.2330931362764247,0.0778980597733946,0.5034013605442177
SR-p53,123,atompair,XGB_only,single,,0.5954214189821865,0.2231185417697562,0.1599623093107892,0.5440569262530883
SR-p53,123,Graph,GCN_only,single,,0.6538763100596791,0.1656873259032414,0.0125264153842567,0.5033252106812874
SR-p53,123,atompair,RF+GCN,averaging,,0.6705672318678715,0.2134736761322334,0.0,0.5
SR-p53,123,atompair,RF+GCN,voting,,0.5034013605442177,0.1147110728992262,0.0778980597733946,0.5034013605442177
SR-p53,123,atompair,RF+GCN,lr_none,,0.665603388950937,0.228120343882147,0.1072426654157902,0.5123616610823434
SR-p53,123,atompair,RF+GCN,lr_l2,0.1,0.6722425288523369,0.2120957643526392,0.0,0.5
SR-p53,123,atompair,RF+GCN,lr_l2,1.0,0.6709169571642919,0.212474329066904,0.0,0.5
SR-p53,123,atompair,RF+GCN,lr_l2,10.0,0.6672617637436401,0.2246902945157676,0.110205256535041,0.5068027210884354
SR-p53,123,atompair,RF+XGB,averaging,,0.613420990286662,0.2314568286339074,0.184733161735624,0.5289538701052561
SR-p53,123,atompair,RF+XGB,voting,,0.5441274353854311,0.1434454047694466,0.1599623093107892,0.5440569262530883
SR-p53,123,atompair,RF+XGB,lr_none,,0.6362039011292743,0.2345314826591768,0.1279663116904885,0.5157630216265611
SR-p53,123,atompair,RF+XGB,lr_l2,0.1,0.6066069877370518,0.228300411526801,0.0,0.5
SR-p53,123,atompair,RF+XGB,lr_l2,1.0,0.6164444218815222,0.2319704383370696,0.0,0.5
SR-p53,123,atompair,RF+XGB,lr_l2,10.0,0.6338799201272549,0.2402311707132843,0.1554200713709558,0.5165922090229126
SR-p53,123,atompair,XGB+GCN,averaging,,0.6463797791089901,0.2382316231386468,0.1734527162063739,0.5199935695671303
SR-p53,123,atompair,XGB+GCN,voting,,0.5440569262530882,0.1392974041057664,0.1599623093107892,0.5440569262530883
SR-p53,123,atompair,XGB+GCN,lr_none,,0.6650505973533692,0.1892324427135543,0.0079275892299146,0.5009137983551629
SR-p53,123,atompair,XGB+GCN,lr_l2,0.1,0.6385222414007063,0.2367143718475525,0.0,0.5
SR-p53,123,atompair,XGB+GCN,lr_l2,1.0,0.6584960684107806,0.2239496326331397,0.0,0.5
SR-p53,123,atompair,XGB+GCN,lr_l2,10.0,0.6647234349792985,0.1919086749757819,-0.009495037136558,0.4995854063018242
SR-p53,123,atompair,RF+XGB+GCN,averaging,,0.6498319062284946,0.2417011266597045,0.110205256535041,0.5068027210884354
SR-p53,123,atompair,RF+XGB+GCN,voting,,0.5441274353854311,0.1434454047694466,0.0778980597733946,0.5034013605442177
SR-p53,123,atompair,RF+XGB+GCN,lr_none,,0.6639450141582338,0.2161536062369899,0.1196758326211847,0.5127762547805191
SR-p53,123,atompair,RF+XGB+GCN,lr_l2,0.1,0.6442645051387056,0.2398530450539298,0.0,0.5
SR-p53,123,atompair,RF+XGB+GCN,lr_l2,1.0,0.6641650026511433,0.2401096534178102,0.0,0.5
SR-p53,123,atompair,RF+XGB+GCN,lr_l2,10.0,0.6674873929671371,0.2268407839626456,0.1350233036072173,0.5102040816326531
SR-p53,999,morgan,RF_only,single,,0.6750121275707629,0.2445273561493466,0.1554200713709558,0.5165922090229126
SR-p53,999,morgan,XGB_only,single,,0.6110659852664118,0.2058234157712203,0.1118107163317418,0.5440653873489695
SR-p53,999,Graph,GCN_only,single,,0.6414949064202795,0.1615226472653987,0.0125264153842567,0.5033252106812874
SR-p53,999,morgan,RF+GCN,averaging,,0.6924899312959014,0.2336996371570004,0.0,0.5
SR-p53,999,morgan,RF+GCN,voting,,0.5165922090229126,0.1332966298123092,0.1554200713709558,0.5165922090229126
SR-p53,999,morgan,RF+GCN,lr_none,,0.6850103225369749,0.2332367423096019,0.0936309697199273,0.5141046468338579
SR-p53,999,morgan,RF+GCN,lr_l2,0.1,0.6941765097415418,0.208729074715486,0.0,0.5
SR-p53,999,morgan,RF+GCN,lr_l2,1.0,0.6926873568664614,0.2317934670095432,0.0,0.5
SR-p53,999,morgan,RF+GCN,lr_l2,10.0,0.6865840863708668,0.2323640327009628,0.1279663116904885,0.5157630216265611
SR-p53,999,morgan,RF+XGB,averaging,,0.6502803443101951,0.2344092044364735,0.1460256885964125,0.5268809016143771
SR-p53,999,morgan,RF+XGB,voting,,0.5449368802247267,0.1477436350078426,0.1118107163317418,0.5440653873489695
SR-p53,999,morgan,RF+XGB,lr_none,,0.6846154713958552,0.2512756630657874,0.1279663116904885,0.5157630216265611
SR-p53,999,morgan,RF+XGB,lr_l2,0.1,0.6331494455161832,0.2243705143183534,0.0,0.5
SR-p53,999,morgan,RF+XGB,lr_l2,1.0,0.6526889362710258,0.2369080389837788,0.0,0.5
SR-p53,999,morgan,RF+XGB,lr_l2,10.0,0.6827653117631796,0.2498252719457098,0.1554200713709558,0.5165922090229126
SR-p53,999,morgan,XGB+GCN,averaging,,0.6345201430489277,0.2104948296317369,0.110205256535041,0.5068027210884354
SR-p53,999,morgan,XGB+GCN,voting,,0.5440653873489695,0.1276091444300023,0.1118107163317418,0.5440653873489695
SR-p53,999,morgan,XGB+GCN,lr_none,,0.6430207240441781,0.1821594903728028,0.0,0.5
SR-p53,999,morgan,XGB+GCN,lr_l2,0.1,0.6307916201306393,0.2108476351998844,0.0,0.5
SR-p53,999,morgan,XGB+GCN,lr_l2,1.0,0.6384968581130628,0.2044382186052522,0.0,0.5
SR-p53,999,morgan,XGB+GCN,lr_l2,10.0,0.6425299804830722,0.1846111042460615,0.0,0.5
SR-p53,999,morgan,RF+XGB+GCN,averaging,,0.6616576979050327,0.2355335679637439,0.1350233036072173,0.5102040816326531
SR-p53,999,morgan,RF+XGB+GCN,voting,,0.5449368802247267,0.1477436350078426,0.1554200713709558,0.5165922090229126
SR-p53,999,morgan,RF+XGB+GCN,lr_none,,0.6918638102006972,0.2388003977187305,0.1175182531036991,0.5153484279283853
SR-p53,999,morgan,RF+XGB+GCN,lr_l2,0.1,0.6485881251339672,0.2275741297865726,0.0,0.5
SR-p53,999,morgan,RF+XGB+GCN,lr_l2,1.0,0.6663113006396588,0.2328838813967348,0.0,0.5
SR-p53,999,morgan,RF+XGB+GCN,lr_l2,10.0,0.6880337541318351,0.2353635122009549,0.1554200713709558,0.5165922090229126
SR-p53,999,maccs,RF_only,single,,0.6401862569239968,0.2177730729718687,0.0969878862624636,0.5119470673841676
SR-p53,999,maccs,XGB_only,single,,0.6609413251204297,0.2249277553733861,0.162313691658033,0.5718600873185096
SR-p53,999,Graph,GCN_only,single,,0.6414949064202795,0.1615226472653987,0.0125264153842567,0.5033252106812874
SR-p53,999,maccs,RF+GCN,averaging,,0.6600049638429171,0.1910010462218319,0.0,0.5
SR-p53,999,maccs,RF+GCN,voting,,0.5119470673841676,0.1192964990874398,0.0969878862624636,0.5119470673841676
SR-p53,999,maccs,RF+GCN,lr_none,,0.6591419320630408,0.1939238769966617,0.0483861387523252,0.5029867668460418
SR-p53,999,maccs,RF+GCN,lr_l2,0.1,0.6611161877686398,0.1842977549563928,0.0,0.5
SR-p53,999,maccs,RF+GCN,lr_l2,1.0,0.6610992655768775,0.1845897573734982,0.0,0.5
SR-p53,999,maccs,RF+GCN,lr_l2,10.0,0.6594014056700623,0.1925757980060041,-0.009495037136558,0.4995854063018242
SR-p53,999,maccs,RF+XGB,averaging,,0.676052842364143,0.2311751845713502,0.1850275860193643,0.5491166615900092
SR-p53,999,maccs,RF+XGB,voting,,0.5755857898715042,0.1496092546190116,0.1693108622847174,0.5752614478627271
SR-p53,999,maccs,RF+XGB,lr_none,,0.6754831285748129,0.2317913918075554,0.0,0.5
SR-p53,999,maccs,RF+XGB,lr_l2,0.1,0.6694080617321556,0.2291102640098616,0.0,0.5
SR-p53,999,maccs,RF+XGB,lr_l2,1.0,0.6715233357024403,0.2295385736283668,0.0,0.5
SR-p53,999,maccs,RF+XGB,lr_l2,10.0,0.6745749709502374,0.2314469445220197,0.0,0.5
SR-p53,999,maccs,XGB+GCN,averaging,,0.6730124885775206,0.2278122622844656,0.0741376400204984,0.5085457068399499
SR-p53,999,maccs,XGB+GCN,voting,,0.5718600873185095,0.1441051792905949,0.162313691658033,0.5718600873185096
SR-p53,999,maccs,XGB+GCN,lr_none,,0.6732324770704301,0.1976927221935001,0.0481873551216426,0.5051443462957322
SR-p53,999,maccs,XGB+GCN,lr_l2,0.1,0.6704233932378922,0.2307468347992894,0.0,0.5
SR-p53,999,maccs,XGB+GCN,lr_l2,1.0,0.6732550399927798,0.2216458067989917,0.0,0.5
SR-p53,999,maccs,XGB+GCN,lr_l2,10.0,0.6734581062939272,0.2017150508181808,0.0570196247334687,0.505558939993908
SR-p53,999,maccs,RF+XGB+GCN,averaging,,0.6825227603479203,0.2313835921103101,0.0845295142814669,0.5063881273902595
SR-p53,999,maccs,RF+XGB+GCN,voting,,0.5755857898715042,0.1496092546190116,0.0741376400204984,0.5085457068399499
SR-p53,999,maccs,RF+XGB+GCN,lr_none,,0.6829176114890401,0.2024359882690627,0.0481873551216426,0.5051443462957322
SR-p53,999,maccs,RF+XGB+GCN,lr_l2,0.1,0.6779255649191683,0.2338476149571937,0.0,0.5
SR-p53,999,maccs,RF+XGB+GCN,lr_l2,1.0,0.6798039282047811,0.2224096415212059,0.0,0.5
SR-p53,999,maccs,RF+XGB+GCN,lr_l2,10.0,0.6822689274714862,0.2043916314386414,0.024733930912891,0.5021575794496903
SR-p53,999,atompair,RF_only,single,,0.6617648717861937,0.2585080807201407,0.0778980597733946,0.5034013605442177
SR-p53,999,atompair,XGB_only,single,,0.5954214189821865,0.2231185417697562,0.1599623093107892,0.5440569262530883
SR-p53,999,Graph,GCN_only,single,,0.6414949064202795,0.1615226472653987,0.0125264153842567,0.5033252106812874
SR-p53,999,atompair,RF+GCN,averaging,,0.6755790209947993,0.2041888008737295,0.0,0.5
SR-p53,999,atompair,RF+GCN,voting,,0.5034013605442177,0.1147110728992262,0.0778980597733946,0.5034013605442177
SR-p53,999,atompair,RF+GCN,lr_none,,0.6702936564343812,0.2340994392285308,0.1744436007827584,0.5170068027210885
SR-p53,999,atompair,RF+GCN,lr_l2,0.1,0.6751559662007424,0.2025950665391642,0.0,0.5
SR-p53,999,atompair,RF+GCN,lr_l2,1.0,0.6753703139630645,0.2096577848990997,0.0,0.5
SR-p53,999,atompair,RF+GCN,lr_l2,10.0,0.671839216615336,0.2215429385344029,0.110205256535041,0.5068027210884354
SR-p53,999,atompair,RF+XGB,averaging,,0.6315333762028859,0.2364244370313455,0.1799754306297003,0.5259671032592141
SR-p53,999,atompair,RF+XGB,voting,,0.5441274353854311,0.1434454047694466,0.1599623093107892,0.5440569262530883
SR-p53,999,atompair,RF+XGB,lr_none,,0.6622697171737684,0.2626770674269257,0.1554200713709558,0.5165922090229126
SR-p53,999,atompair,RF+XGB,lr_l2,0.1,0.6197950158504529,0.2300902210292547,0.0,0.5
SR-p53,999,atompair,RF+XGB,lr_l2,1.0,0.6321820602204398,0.2370060712518477,0.0,0.5
SR-p53,999,atompair,RF+XGB,lr_l2,10.0,0.6569223045768888,0.2551964116970248,0.1350233036072173,0.5102040816326531
SR-p53,999,atompair,XGB+GCN,averaging,,0.6223559075371442,0.2293006382892559,0.0,0.5
SR-p53,999,atompair,XGB+GCN,voting,,0.5440569262530882,0.1392974041057664,0.1599623093107892,0.5440569262530883
SR-p53,999,atompair,XGB+GCN,lr_none,,0.6328984330050428,0.1879877132451718,-0.009495037136558,0.4995854063018242
SR-p53,999,atompair,XGB+GCN,lr_l2,0.1,0.6145265734817974,0.2285899958522404,0.0,0.5
SR-p53,999,atompair,XGB+GCN,lr_l2,1.0,0.6255372795884522,0.2281884975877821,0.0,0.5
SR-p53,999,atompair,XGB+GCN,lr_l2,10.0,0.6316687537369838,0.1899958175040387,0.0,0.5
SR-p53,999,atompair,RF+XGB+GCN,averaging,,0.6465207973736758,0.2416992227547965,0.0778980597733946,0.5034013605442177
SR-p53,999,atompair,RF+XGB+GCN,voting,,0.5441274353854311,0.1434454047694466,0.0778980597733946,0.5034013605442177
SR-p53,999,atompair,RF+XGB+GCN,lr_none,,0.6703980099502487,0.2358000625919721,0.155969258462466,0.5136054421768708
SR-p53,999,atompair,RF+XGB+GCN,lr_l2,0.1,0.6335922428672962,0.2342033432097366,0.0,0.5
SR-p53,999,atompair,RF+XGB+GCN,lr_l2,1.0,0.6504805902460488,0.2337815039740138,0.0,0.5
SR-p53,999,atompair,RF+XGB+GCN,lr_l2,10.0,0.6675494410035988,0.2290301167320061,0.110205256535041,0.5068027210884354
NR-Aromatase,42,morgan,RF_only,single,,0.5933455028211085,0.1255481044412107,0.0,0.5
NR-Aromatase,42,morgan,XGB_only,single,,0.5989503816793893,0.1290581068157577,-0.0078214617517649,0.4986226352472618
NR-Aromatase,42,Graph,GCN_only,single,,0.5600481247925655,0.1111957153314448,-0.0284762810384212,0.4915200796548291
NR-Aromatase,42,morgan,RF+GCN,averaging,,0.5959301360769997,0.1227457289507915,0.0,0.5
NR-Aromatase,42,morgan,RF+GCN,voting,,0.5,0.0988822012037833,0.0,0.5
NR-Aromatase,42,morgan,RF+GCN,lr_none,,0.595689512114172,0.122580824652585,0.0,0.5
NR-Aromatase,42,morgan,RF+GCN,lr_l2,0.1,0.589532857616993,0.1210874402025286,0.0,0.5
NR-Aromatase,42,morgan,RF+GCN,lr_l2,1.0,0.5921133421838698,0.1216592303340913,0.0,0.5
NR-Aromatase,42,morgan,RF+GCN,lr_l2,10.0,0.5968760371722537,0.1230369625925829,0.0,0.5
NR-Aromatase,42,morgan,RF+XGB,averaging,,0.6137943909724527,0.1335348894376987,-0.0168461208387109,0.4985687022900763
NR-Aromatase,42,morgan,RF+XGB,voting,,0.4986226352472618,0.0986912522969945,-0.0078214617517649,0.4986226352472618
NR-Aromatase,42,morgan,RF+XGB,lr_none,,0.5632799535346831,0.1165407846725338,0.0,0.5
NR-Aromatase,42,morgan,RF+XGB,lr_l2,0.1,0.6148232658479921,0.134463793486397,0.0,0.5
NR-Aromatase,42,morgan,RF+XGB,lr_l2,1.0,0.6106579820776634,0.1340521606013292,0.0,0.5
NR-Aromatase,42,morgan,RF+XGB,lr_l2,10.0,0.5800821440424826,0.1219216116561572,0.0,0.5
NR-Aromatase,42,morgan,XGB+GCN,averaging,,0.5892383006969798,0.1202196691227268,0.0,0.5
NR-Aromatase,42,morgan,XGB+GCN,voting,,0.4986226352472618,0.0986912522969945,-0.0078214617517649,0.4986226352472618
NR-Aromatase,42,morgan,XGB+GCN,lr_none,,0.584840690341852,0.119689862487675,0.0,0.5
NR-Aromatase,42,morgan,XGB+GCN,lr_l2,0.1,0.5845004978426818,0.119647084735365,0.0,0.5
NR-Aromatase,42,morgan,XGB+GCN,lr_l2,1.0,0.58456687686691,0.1196788518663855,0.0,0.5
NR-Aromatase,42,morgan,XGB+GCN,lr_l2,10.0,0.5848655824759377,0.1196900472336476,0.0,0.5
NR-Aromatase,42,morgan,RF+XGB+GCN,averaging,,0.6062894125456356,0.1242215664889635,0.0,0.5
NR-Aromatase,42,morgan,RF+XGB+GCN,voting,,0.4986226352472618,0.0986912522969945,0.0,0.5
NR-Aromatase,42,morgan,RF+XGB+GCN,lr_none,,0.580667109193495,0.1181248410614358,0.0,0.5
NR-Aromatase,42,morgan,RF+XGB+GCN,lr_l2,0.1,0.6033521407235314,0.1248097298877817,0.0,0.5
NR-Aromatase,42,morgan,RF+XGB+GCN,lr_l2,1.0,0.6032110852970461,0.125120840707554,0.0,0.5
NR-Aromatase,42,morgan,RF+XGB+GCN,lr_l2,10.0,0.5966727514105543,0.1229544777744983,0.0,0.5
NR-Aromatase,42,maccs,RF_only,single,,0.6107492532359774,0.1313732012620816,0.0,0.5
NR-Aromatase,42,maccs,XGB_only,single,,0.6340856289412546,0.1419535425201558,0.0248987566051652,0.5079571855293727
NR-Aromatase,42,Graph,GCN_only,single,,0.5600481247925655,0.1111957153314448,-0.0284762810384212,0.4915200796548291
NR-Aromatase,42,maccs,RF+GCN,averaging,,0.5977016262860937,0.1235093404221708,0.0,0.5
NR-Aromatase,42,maccs,RF+GCN,voting,,0.5,0.0988822012037833,0.0,0.5
NR-Aromatase,42,maccs,RF+GCN,lr_none,,0.5984981745768337,0.1236150752392123,-0.0097177386479492,0.4995229007633587
NR-Aromatase,42,maccs,RF+GCN,lr_l2,0.1,0.5972286757384666,0.1233322647002673,0.0,0.5
NR-Aromatase,42,maccs,RF+GCN,lr_l2,1.0,0.5982907401261202,0.1235344547486852,0.0,0.5
NR-Aromatase,42,maccs,RF+GCN,lr_l2,10.0,0.5983903086624627,0.1237716472406558,0.0,0.5
NR-Aromatase,42,maccs,RF+XGB,averaging,,0.6462371390640557,0.1443242214088828,-0.027569080419352,0.4961832061068702
NR-Aromatase,42,maccs,RF+XGB,voting,,0.5079571855293727,0.1008377543425582,0.0248987566051652,0.5079571855293727
NR-Aromatase,42,maccs,RF+XGB,lr_none,,0.633957019581812,0.1396324392320836,-0.0097177386479492,0.4995229007633587
NR-Aromatase,42,maccs,RF+XGB,lr_l2,0.1,0.644054928642549,0.1440106681105676,0.0,0.5
NR-Aromatase,42,maccs,RF+XGB,lr_l2,1.0,0.646071191503485,0.1444286611883929,0.0,0.5
NR-Aromatase,42,maccs,RF+XGB,lr_l2,10.0,0.6406447062728178,0.1423373388465384,0.0,0.5
NR-Aromatase,42,maccs,XGB+GCN,averaging,,0.6150182542316628,0.1320468603925187,-0.0097177386479492,0.4995229007633587
NR-Aromatase,42,maccs,XGB+GCN,voting,,0.5079571855293727,0.1008377543425582,0.0248987566051652,0.5079571855293727
NR-Aromatase,42,maccs,XGB+GCN,lr_none,,0.6089777630268836,0.1275882578172553,0.0,0.5
NR-Aromatase,42,maccs,XGB+GCN,lr_l2,0.1,0.6200215731828742,0.1354002066991853,0.0,0.5
NR-Aromatase,42,maccs,XGB+GCN,lr_l2,1.0,0.6161384002655161,0.1329384476748479,0.0,0.5
NR-Aromatase,42,maccs,XGB+GCN,lr_l2,10.0,0.6098904746100233,0.1279692993243673,0.0,0.5
NR-Aromatase,42,maccs,RF+XGB+GCN,averaging,,0.6267507467640224,0.1353249983328903,0.0,0.5
NR-Aromatase,42,maccs,RF+XGB+GCN,voting,,0.5079571855293727,0.1008377543425582,0.0,0.5
NR-Aromatase,42,maccs,RF+XGB+GCN,lr_none,,0.6143544639893794,0.1280005394019617,-0.0137488751040903,0.4990458015267175
NR-Aromatase,42,maccs,RF+XGB+GCN,lr_l2,0.1,0.6296133421838699,0.1376048864930426,0.0,0.5
NR-Aromatase,42,maccs,RF+XGB+GCN,lr_l2,1.0,0.6263773647527381,0.1354619400694769,0.0,0.5
NR-Aromatase,42,maccs,RF+XGB+GCN,lr_l2,10.0,0.6188184533687354,0.1293308135194583,0.0,0.5
NR-Aromatase,42,atompair,RF_only,single,,0.6202373050116163,0.1768395974895512,0.0,0.5
NR-Aromatase,42,atompair,XGB_only,single,,0.6343760371722535,0.1820077381737621,0.1231576711983515,0.528103219382675
NR-Aromatase,42,Graph,GCN_only,single,,0.5600481247925655,0.1111957153314448,-0.0284762810384212,0.4915200796548291
NR-Aromatase,42,atompair,RF+GCN,averaging,,0.6018129770992366,0.1367233648422794,0.0,0.5
NR-Aromatase,42,atompair,RF+GCN,voting,,0.5,0.0988822012037833,0.0,0.5
NR-Aromatase,42,atompair,RF+GCN,lr_none,,0.6075879522071026,0.1493741166316972,0.0885581748091372,0.5043478260869565
NR-Aromatase,42,atompair,RF+GCN,lr_l2,0.1,0.5973323929638235,0.1350712710000853,0.0,0.5
NR-Aromatase,42,atompair,RF+GCN,lr_l2,1.0,0.5999958513109857,0.1360877177916454,0.0,0.5
NR-Aromatase,42,atompair,RF+GCN,lr_l2,10.0,0.6070320278791901,0.1460745526918215,0.0,0.5
NR-Aromatase,42,atompair,RF+XGB,averaging,,0.6491785595751742,0.1871312368170404,0.1252940966007533,0.508695652173913
NR-Aromatase,42,atompair,RF+XGB,voting,,0.5281032193826751,0.1172998820686584,0.1231576711983515,0.528103219382675
NR-Aromatase,42,atompair,RF+XGB,lr_none,,0.6293976103551279,0.1843635498220626,0.0885581748091372,0.5043478260869565
NR-Aromatase,42,atompair,RF+XGB,lr_l2,0.1,0.6485811483571191,0.1875626021370274,0.0,0.5
NR-Aromatase,42,atompair,RF+XGB,lr_l2,1.0,0.6501410554264853,0.1887546252459611,0.0,0.5
NR-Aromatase,42,atompair,RF+XGB,lr_l2,10.0,0.6423996017258546,0.1862196329564457,0.0885581748091372,0.5043478260869565
NR-Aromatase,42,atompair,XGB+GCN,averaging,,0.6183040159309658,0.161088352699924,0.0885581748091372,0.5043478260869565
NR-Aromatase,42,atompair,XGB+GCN,voting,,0.5281032193826751,0.1172998820686584,0.1231576711983515,0.528103219382675
NR-Aromatase,42,atompair,XGB+GCN,lr_none,,0.6173166279455692,0.1595663087402791,0.0,0.5
NR-Aromatase,42,atompair,XGB+GCN,lr_l2,0.1,0.6237387985396614,0.1739015446869559,0.0,0.5
NR-Aromatase,42,atompair,XGB+GCN,lr_l2,1.0,0.6220461334218387,0.1693455394857023,0.0,0.5
NR-Aromatase,42,atompair,XGB+GCN,lr_l2,10.0,0.6182791237968802,0.1610709335363123,0.0,0.5
NR-Aromatase,42,atompair,RF+XGB+GCN,averaging,,0.6318951211417192,0.1728448726730195,0.0,0.5
NR-Aromatase,42,atompair,RF+XGB+GCN,voting,,0.5281032193826751,0.1172998820686584,0.0,0.5
NR-Aromatase,42,atompair,RF+XGB+GCN,lr_none,,0.616395618984401,0.1655179028912007,0.0885581748091372,0.5043478260869565
NR-Aromatase,42,atompair,RF+XGB+GCN,lr_l2,0.1,0.6329156986392299,0.1790343724092262,0.0,0.5
NR-Aromatase,42,atompair,RF+XGB+GCN,lr_l2,1.0,0.6320527713242615,0.1755748661517827,0.0,0.5
NR-Aromatase,42,atompair,RF+XGB+GCN,lr_l2,10.0,0.6255144374377697,0.1683490734499987,0.0885581748091372,0.5043478260869565
NR-Aromatase,1,morgan,RF_only,single,,0.5821398937935611,0.1243331426680399,0.0,0.5
NR-Aromatase,1,morgan,XGB_only,single,,0.5989503816793893,0.1290581068157577,-0.0078214617517649,0.4986226352472618
NR-Aromatase,1,Graph,GCN_only,single,,0.5738051775638898,0.1147254131430683,-0.0284762810384212,0.4915200796548291
NR-Aromatase,1,morgan,RF+GCN,averaging,,0.5848323929638234,0.1202180432209669,0.0,0.5
NR-Aromatase,1,morgan,RF+GCN,voting,,0.5,0.0988822012037833,0.0,0.5
NR-Aromatase,1,morgan,RF+GCN,lr_none,,0.5823846664454033,0.1192997077373356,0.0,0.5
NR-Aromatase,1,morgan,RF+GCN,lr_l2,0.1,0.5882509127115831,0.1210894316866605,0.0,0.5
NR-Aromatase,1,morgan,RF+GCN,lr_l2,1.0,0.586583139727846,0.1205389417497737,0.0,0.5
NR-Aromatase,1,morgan,RF+GCN,lr_l2,10.0,0.5831646199800863,0.1196259986226048,0.0,0.5
NR-Aromatase,1,morgan,RF+XGB,averaging,,0.6152879190175904,0.1328376329014921,-0.0168461208387109,0.4985687022900763
NR-Aromatase,1,morgan,RF+XGB,voting,,0.4986226352472618,0.0986912522969945,-0.0078214617517649,0.4986226352472618
NR-Aromatase,1,morgan,RF+XGB,lr_none,,0.5576543312313309,0.1164038482326715,0.0,0.5
NR-Aromatase,1,morgan,RF+XGB,lr_l2,0.1,0.6159600066379023,0.1336585338399681,0.0,0.5
NR-Aromatase,1,morgan,RF+XGB,lr_l2,1.0,0.6106579820776634,0.1325377349283117,0.0,0.5
NR-Aromatase,1,morgan,RF+XGB,lr_l2,10.0,0.5759085628941254,0.1221142763564964,0.0,0.5
NR-Aromatase,1,morgan,XGB+GCN,averaging,,0.5887653501493527,0.1183317595196451,0.0,0.5
NR-Aromatase,1,morgan,XGB+GCN,voting,,0.4986226352472618,0.0986912522969945,-0.0078214617517649,0.4986226352472618
NR-Aromatase,1,morgan,XGB+GCN,lr_none,,0.5902090939263194,0.1192679016086868,0.0,0.5
NR-Aromatase,1,morgan,XGB+GCN,lr_l2,0.1,0.5904746100232326,0.1193959021842393,0.0,0.5
NR-Aromatase,1,morgan,XGB+GCN,lr_l2,1.0,0.590341851974776,0.1193403022956769,0.0,0.5
NR-Aromatase,1,morgan,XGB+GCN,lr_l2,10.0,0.5902339860604049,0.1192926233783849,0.0,0.5
NR-Aromatase,1,morgan,RF+XGB+GCN,averaging,,0.6093926319283107,0.1229728504052481,0.0,0.5
NR-Aromatase,1,morgan,RF+XGB+GCN,voting,,0.4986226352472618,0.0986912522969945,0.0,0.5
NR-Aromatase,1,morgan,RF+XGB+GCN,lr_none,,0.5686359110521075,0.1159901562070178,0.0,0.5
NR-Aromatase,1,morgan,RF+XGB+GCN,lr_l2,0.1,0.6124211749087288,0.124663114348091,0.0,0.5
NR-Aromatase,1,morgan,RF+XGB+GCN,lr_l2,1.0,0.6117407899103883,0.1250654635854964,0.0,0.5
NR-Aromatase,1,morgan,RF+XGB+GCN,lr_l2,10.0,0.5904995021573182,0.1213700253352813,0.0,0.5
NR-Aromatase,1,maccs,RF_only,single,,0.5726269498838367,0.1180517029715648,0.0,0.5
NR-Aromatase,1,maccs,XGB_only,single,,0.6340856289412546,0.1419535425201558,0.0248987566051652,0.5079571855293727
NR-Aromatase,1,Graph,GCN_only,single,,0.5738051775638898,0.1147254131430683,-0.0284762810384212,0.4915200796548291
NR-Aromatase,1,maccs,RF+GCN,averaging,,0.5628775307002987,0.112907891819447,0.0,0.5
NR-Aromatase,1,maccs,RF+GCN,voting,,0.5,0.0988822012037833,0.0,0.5
NR-Aromatase,1,maccs,RF+GCN,lr_none,,0.5608031861931629,0.1117790264859966,-0.0097177386479492,0.4995229007633587
NR-Aromatase,1,maccs,RF+GCN,lr_l2,0.1,0.563416860272154,0.1130149630467071,0.0,0.5
NR-Aromatase,1,maccs,RF+GCN,lr_l2,1.0,0.5619316296050447,0.1127409423002046,0.0,0.5
NR-Aromatase,1,maccs,RF+GCN,lr_l2,10.0,0.5608446730833057,0.1120417823544628,0.0,0.5
NR-Aromatase,1,maccs,RF+XGB,averaging,,0.6268627613674078,0.1383024129573902,-0.027569080419352,0.4961832061068702
NR-Aromatase,1,maccs,RF+XGB,voting,,0.5079571855293727,0.1008377543425582,0.0248987566051652,0.5079571855293727
NR-Aromatase,1,maccs,RF+XGB,lr_none,,0.6085836375705277,0.1303563296172061,0.0,0.5
NR-Aromatase,1,maccs,RF+XGB,lr_l2,0.1,0.6323971125124461,0.141022358419418,0.0,0.5
NR-Aromatase,1,maccs,RF+XGB,lr_l2,1.0,0.6307210421506804,0.1402527452058742,0.0,0.5
NR-Aromatase,1,maccs,RF+XGB,lr_l2,10.0,0.6193868237636907,0.1349844231591856,0.0,0.5
NR-Aromatase,1,maccs,XGB+GCN,averaging,,0.6191088615997346,0.1309903964369311,0.0,0.5
NR-Aromatase,1,maccs,XGB+GCN,voting,,0.5079571855293727,0.1008377543425582,0.0248987566051652,0.5079571855293727
NR-Aromatase,1,maccs,XGB+GCN,lr_none,,0.6191337537338201,0.1297373260809916,0.0,0.5
NR-Aromatase,1,maccs,XGB+GCN,lr_l2,0.1,0.6211832061068703,0.1356460400666185,0.0,0.5
NR-Aromatase,1,maccs,XGB+GCN,lr_l2,1.0,0.621058745436442,0.134914504969275,0.0,0.5
NR-Aromatase,1,maccs,XGB+GCN,lr_l2,10.0,0.6191669432459344,0.1299509152925292,0.0,0.5
NR-Aromatase,1,maccs,RF+XGB+GCN,averaging,,0.6141719216727515,0.1305181819945232,0.0,0.5
NR-Aromatase,1,maccs,RF+XGB+GCN,voting,,0.5079571855293727,0.1008377543425582,0.0,0.5
NR-Aromatase,1,maccs,RF+XGB+GCN,lr_none,,0.5951294390972454,0.1205949165533626,0.0,0.5
NR-Aromatase,1,maccs,RF+XGB+GCN,lr_l2,0.1,0.6203866578161301,0.1351764455872253,0.0,0.5
NR-Aromatase,1,maccs,RF+XGB+GCN,lr_l2,1.0,0.6183123133089944,0.1334226938522187,0.0,0.5
NR-Aromatase,1,maccs,RF+XGB+GCN,lr_l2,10.0,0.6054513773647527,0.1244088359878196,0.0,0.5
NR-Aromatase,1,atompair,RF_only,single,,0.6394747759707932,0.202679743355102,0.0,0.5
NR-Aromatase,1,atompair,XGB_only,single,,0.6343760371722535,0.1820077381737621,0.1231576711983515,0.528103219382675
NR-Aromatase,1,Graph,GCN_only,single,,0.5738051775638898,0.1147254131430683,-0.0284762810384212,0.4915200796548291
NR-Aromatase,1,atompair,RF+GCN,averaging,,0.6207185529372719,0.1481709555801455,0.0,0.5
NR-Aromatase,1,atompair,RF+GCN,voting,,0.5,0.0988822012037833,0.0,0.5
NR-Aromatase,1,atompair,RF+GCN,lr_none,,0.622477597079323,0.1816019269649434,0.0885581748091372,0.5043478260869565
NR-Aromatase,1,atompair,RF+GCN,lr_l2,0.1,0.6206438765350148,0.1481162321674995,0.0,0.5
NR-Aromatase,1,atompair,RF+GCN,lr_l2,1.0,0.6207268503153005,0.1481817583984871,0.0,0.5
NR-Aromatase,1,atompair,RF+GCN,lr_l2,10.0,0.6210836375705279,0.1616012453066108,0.0,0.5
NR-Aromatase,1,atompair,RF+XGB,averaging,,0.6455940922668437,0.1925885756639198,0.1252940966007533,0.508695652173913
NR-Aromatase,1,atompair,RF+XGB,voting,,0.5281032193826751,0.1172998820686584,0.1231576711983515,0.528103219382675
NR-Aromatase,1,atompair,RF+XGB,lr_none,,0.64043312313309,0.2081644922316302,0.1252940966007533,0.508695652173913
NR-Aromatase,1,atompair,RF+XGB,lr_l2,0.1,0.6436691005642217,0.1893987624163376,0.0,0.5
NR-Aromatase,1,atompair,RF+XGB,lr_l2,1.0,0.6449883836707601,0.1903933949417438,0.0,0.5
NR-Aromatase,1,atompair,RF+XGB,lr_l2,10.0,0.6424078991038831,0.1963571718215635,0.0885581748091372,0.5043478260869565
NR-Aromatase,1,atompair,XGB+GCN,averaging,,0.6247012943909724,0.1616770368632873,0.0,0.5
NR-Aromatase,1,atompair,XGB+GCN,voting,,0.5281032193826751,0.1172998820686584,0.1231576711983515,0.528103219382675
NR-Aromatase,1,atompair,XGB+GCN,lr_none,,0.6249087288416859,0.1641565903536818,0.0,0.5
NR-Aromatase,1,atompair,XGB+GCN,lr_l2,0.1,0.6248340524394291,0.173725608341596,0.0,0.5
NR-Aromatase,1,atompair,XGB+GCN,lr_l2,1.0,0.6249087288416861,0.170646600392426,0.0,0.5
NR-Aromatase,1,atompair,XGB+GCN,lr_l2,10.0,0.624908728841686,0.1653737132164928,0.0,0.5
NR-Aromatase,1,atompair,RF+XGB+GCN,averaging,,0.6347494191835379,0.1718440329941505,0.0,0.5
NR-Aromatase,1,atompair,RF+XGB+GCN,voting,,0.5281032193826751,0.1172998820686584,0.0,0.5
NR-Aromatase,1,atompair,RF+XGB+GCN,lr_none,,0.6258131430467971,0.1928025242587345,0.1252940966007533,0.508695652173913
NR-Aromatase,1,atompair,RF+XGB+GCN,lr_l2,0.1,0.6339611682708265,0.1808972093912627,0.0,0.5
NR-Aromatase,1,atompair,RF+XGB+GCN,lr_l2,1.0,0.6348157982077663,0.1810013302408773,0.0,0.5
NR-Aromatase,1,atompair,RF+XGB+GCN,lr_l2,10.0,0.6312894125456356,0.180390720606083,0.0885581748091372,0.5043478260869565
NR-Aromatase,7,morgan,RF_only,single,,0.5711541652837704,0.1247077424476803,0.0,0.5
NR-Aromatase,7,morgan,XGB_only,single,,0.5989503816793893,0.1290581068157577,-0.0078214617517649,0.4986226352472618
NR-Aromatase,7,Graph,GCN_only,single,,0.5295801526717557,0.1029156363573386,-0.0284762810384212,0.4915200796548291
NR-Aromatase,7,morgan,RF+GCN,averaging,,0.5589611682708264,0.1156277578132142,0.0,0.5
NR-Aromatase,7,morgan,RF+GCN,voting,,0.5,0.0988822012037833,0.0,0.5
NR-Aromatase,7,morgan,RF+GCN,lr_none,,0.5673747095917689,0.1181706351071144,0.0,0.5
NR-Aromatase,7,morgan,RF+GCN,lr_l2,0.1,0.5490623962827746,0.1118310090060056,0.0,0.5
NR-Aromatase,7,morgan,RF+GCN,lr_l2,1.0,0.5513275804845669,0.1128761725314807,0.0,0.5
NR-Aromatase,7,morgan,RF+GCN,lr_l2,10.0,0.5632841022236973,0.1171586609772919,0.0,0.5
NR-Aromatase,7,morgan,RF+XGB,averaging,,0.6114628277464322,0.1333277155630528,-0.0168461208387109,0.4985687022900763
NR-Aromatase,7,morgan,RF+XGB,voting,,0.4986226352472618,0.0986912522969945,-0.0078214617517649,0.4986226352472618
NR-Aromatase,7,morgan,RF+XGB,lr_none,,0.5434077331563225,0.1168280090388755,0.0,0.5
NR-Aromatase,7,morgan,RF+XGB,lr_l2,0.1,0.608832558911384,0.1328889292275694,0.0,0.5
NR-Aromatase,7,morgan,RF+XGB,lr_l2,1.0,0.6027339860604048,0.1319786480520863,0.0,0.5
NR-Aromatase,7,morgan,RF+XGB,lr_l2,10.0,0.5616868569532028,0.1230484411459171,0.0,0.5
NR-Aromatase,7,morgan,XGB+GCN,averaging,,0.5803518088284102,0.1187117009266521,0.0,0.5
NR-Aromatase,7,morgan,XGB+GCN,voting,,0.4986226352472618,0.0986912522969945,-0.0078214617517649,0.4986226352472618
NR-Aromatase,7,morgan,XGB+GCN,lr_none,,0.5554181878526385,0.1125397542927475,0.0,0.5
NR-Aromatase,7,morgan,XGB+GCN,lr_l2,0.1,0.558496515101228,0.1133109423396791,0.0,0.5
NR-Aromatase,7,morgan,XGB+GCN,lr_l2,1.0,0.5575755061400597,0.1130830395728773,0.0,0.5
NR-Aromatase,7,morgan,XGB+GCN,lr_l2,10.0,0.5548705609027548,0.1123726217504356,0.0,0.5
NR-Aromatase,7,morgan,RF+XGB+GCN,averaging,,0.5948141387321606,0.1220763052052666,0.0,0.5
NR-Aromatase,7,morgan,RF+XGB+GCN,voting,,0.4986226352472618,0.0986912522969945,0.0,0.5
NR-Aromatase,7,morgan,RF+XGB+GCN,lr_none,,0.5516926651178227,0.1144160684848511,0.0,0.5
NR-Aromatase,7,morgan,RF+XGB+GCN,lr_l2,0.1,0.5736475273813475,0.1177119958898638,0.0,0.5
NR-Aromatase,7,morgan,RF+XGB+GCN,lr_l2,1.0,0.5702953866578161,0.1171328433738462,0.0,0.5
NR-Aromatase,7,morgan,RF+XGB+GCN,lr_l2,10.0,0.5644291403916362,0.1171022360143174,0.0,0.5
NR-Aromatase,7,maccs,RF_only,single,,0.5806961500165948,0.1203565452745361,0.0,0.5
NR-Aromatase,7,maccs,XGB_only,single,,0.6340856289412546,0.1419535425201558,0.0248987566051652,0.5079571855293727
NR-Aromatase,7,Graph,GCN_only,single,,0.5295801526717557,0.1029156363573386,-0.0284762810384212,0.4915200796548291
NR-Aromatase,7,maccs,RF+GCN,averaging,,0.571423830069698,0.1130801078578989,0.0,0.5
NR-Aromatase,7,maccs,RF+GCN,voting,,0.5,0.0988822012037833,0.0,0.5
NR-Aromatase,7,maccs,RF+GCN,lr_none,,0.5753567872552273,0.1147034918077456,-0.0097177386479492,0.4995229007633587
NR-Aromatase,7,maccs,RF+GCN,lr_l2,0.1,0.5723614337869234,0.1134150848837801,0.0,0.5
NR-Aromatase,7,maccs,RF+GCN,lr_l2,1.0,0.5741121805509459,0.1139539538530611,0.0,0.5
NR-Aromatase,7,maccs,RF+GCN,lr_l2,10.0,0.5758629273149686,0.1147828861520922,0.0,0.5
NR-Aromatase,7,maccs,RF+XGB,averaging,,0.6289619980086293,0.139592458503589,-0.027569080419352,0.4961832061068702
NR-Aromatase,7,maccs,RF+XGB,voting,,0.5079571855293727,0.1008377543425582,0.0248987566051652,0.5079571855293727
NR-Aromatase,7,maccs,RF+XGB,lr_none,,0.6047170594092266,0.1287425457028208,-0.0137488751040903,0.4990458015267175
NR-Aromatase,7,maccs,RF+XGB,lr_l2,0.1,0.6325381679389313,0.1412263703501519,0.0,0.5
NR-Aromatase,7,maccs,RF+XGB,lr_l2,1.0,0.6303061732492532,0.1400550888797479,0.0,0.5
NR-Aromatase,7,maccs,RF+XGB,lr_l2,10.0,0.6161923332227015,0.1339785889682066,0.0,0.5
NR-Aromatase,7,maccs,XGB+GCN,averaging,,0.5989213408562895,0.1289188653790456,-0.0168461208387109,0.4985687022900763
NR-Aromatase,7,maccs,XGB+GCN,voting,,0.5079571855293727,0.1008377543425582,0.0248987566051652,0.5079571855293727
NR-Aromatase,7,maccs,XGB+GCN,lr_none,,0.5885330235645536,0.123255514088,0.0,0.5
NR-Aromatase,7,maccs,XGB+GCN,lr_l2,0.1,0.6118984400929306,0.1339703992219219,0.0,0.5
NR-Aromatase,7,maccs,XGB+GCN,lr_l2,1.0,0.6032525721871889,0.1311145658321773,0.0,0.5
NR-Aromatase,7,maccs,XGB+GCN,lr_l2,10.0,0.5903086624626619,0.1235386359023728,0.0,0.5
NR-Aromatase,7,maccs,RF+XGB+GCN,averaging,,0.6096332558911384,0.129850307409472,0.0,0.5
NR-Aromatase,7,maccs,RF+XGB+GCN,voting,,0.5079571855293727,0.1008377543425582,0.0,0.5
NR-Aromatase,7,maccs,RF+XGB+GCN,lr_none,,0.591810487885828,0.1199917209070401,-0.0137488751040903,0.4990458015267175
NR-Aromatase,7,maccs,RF+XGB+GCN,lr_l2,0.1,0.6194324593428476,0.1346690743348704,0.0,0.5
NR-Aromatase,7,maccs,RF+XGB+GCN,lr_l2,1.0,0.6099153667441088,0.1305316980960164,0.0,0.5
NR-Aromatase,7,maccs,RF+XGB+GCN,lr_l2,10.0,0.5973199468967806,0.1221968956743444,0.0,0.5
NR-Aromatase,7,atompair,RF_only,single,,0.63499419183538,0.1851297719191054,0.0,0.5
NR-Aromatase,7,atompair,XGB_only,single,,0.6343760371722535,0.1820077381737621,0.1231576711983515,0.528103219382675
NR-Aromatase,7,Graph,GCN_only,single,,0.5295801526717557,0.1029156363573386,-0.0284762810384212,0.4915200796548291
NR-Aromatase,7,atompair,RF+GCN,averaging,,0.5888607699966811,0.131529151653947,0.0,0.5
NR-Aromatase,7,atompair,RF+GCN,voting,,0.5,0.0988822012037833,0.0,0.5
NR-Aromatase,7,atompair,RF+GCN,lr_none,,0.6110064719548622,0.1583562521485772,0.0885581748091372,0.5043478260869565
NR-Aromatase,7,atompair,RF+GCN,lr_l2,0.1,0.5779165283770329,0.1268830808290282,0.0,0.5
NR-Aromatase,7,atompair,RF+GCN,lr_l2,1.0,0.5853841686027215,0.1300068963775626,0.0,0.5
NR-Aromatase,7,atompair,RF+GCN,lr_l2,10.0,0.6041030534351145,0.1475506143810519,0.0,0.5
NR-Aromatase,7,atompair,RF+XGB,averaging,,0.6532525721871889,0.1916661104915963,0.1252940966007533,0.508695652173913
NR-Aromatase,7,atompair,RF+XGB,voting,,0.5281032193826751,0.1172998820686584,0.1231576711983515,0.528103219382675
NR-Aromatase,7,atompair,RF+XGB,lr_none,,0.6397278460006638,0.1903529918210598,0.1252940966007533,0.508695652173913
NR-Aromatase,7,atompair,RF+XGB,lr_l2,0.1,0.6484981745768338,0.1879173675615998,0.0,0.5
NR-Aromatase,7,atompair,RF+XGB,lr_l2,1.0,0.6512446067042814,0.1896374023493341,0.0,0.5
NR-Aromatase,7,atompair,RF+XGB,lr_l2,10.0,0.6494606704281446,0.190372244494954,0.0885581748091372,0.5043478260869565
NR-Aromatase,7,atompair,XGB+GCN,averaging,,0.5972535678725523,0.1558601534830093,0.1252940966007533,0.508695652173913
NR-Aromatase,7,atompair,XGB+GCN,voting,,0.5281032193826751,0.1172998820686584,0.1231576711983515,0.528103219382675
NR-Aromatase,7,atompair,XGB+GCN,lr_none,,0.5961168270826418,0.155169431664865,0.0,0.5
NR-Aromatase,7,atompair,XGB+GCN,lr_l2,0.1,0.6115084633255891,0.1705977693175573,0.0,0.5
NR-Aromatase,7,atompair,XGB+GCN,lr_l2,1.0,0.6069117158977764,0.1682224599662533,0.0,0.5
NR-Aromatase,7,atompair,XGB+GCN,lr_l2,10.0,0.5984069034185197,0.157518066806162,0.0,0.5
NR-Aromatase,7,atompair,RF+XGB+GCN,averaging,,0.6173581148357119,0.1730548424418724,0.0,0.5
NR-Aromatase,7,atompair,RF+XGB+GCN,voting,,0.5281032193826751,0.1172998820686584,0.0,0.5
NR-Aromatase,7,atompair,RF+XGB+GCN,lr_none,,0.6163624294722867,0.1717509771155814,0.0885581748091372,0.5043478260869565
NR-Aromatase,7,atompair,RF+XGB+GCN,lr_l2,0.1,0.6225356787255227,0.1756714751354368,0.0,0.5
NR-Aromatase,7,atompair,RF+XGB+GCN,lr_l2,1.0,0.6200713574510455,0.1750894134086039,0.0,0.5
NR-Aromatase,7,atompair,RF+XGB+GCN,lr_l2,10.0,0.6166777298373713,0.1704772111805445,0.0885581748091372,0.5043478260869565
NR-Aromatase,123,morgan,RF_only,single,,0.5644913707268502,0.1143017524632841,0.0,0.5
NR-Aromatase,123,morgan,XGB_only,single,,0.5989503816793893,0.1290581068157577,-0.0078214617517649,0.4986226352472618
NR-Aromatase,123,Graph,GCN_only,single,,0.5325174244938599,0.1026439211213231,-0.0284762810384212,0.4915200796548291
NR-Aromatase,123,morgan,RF+GCN,averaging,,0.5548788582807833,0.112113858420439,0.0,0.5
NR-Aromatase,123,morgan,RF+GCN,voting,,0.5,0.0988822012037833,0.0,0.5
NR-Aromatase,123,morgan,RF+GCN,lr_none,,0.5594507135745104,0.1139227656712777,0.0,0.5
NR-Aromatase,123,morgan,RF+GCN,lr_l2,0.1,0.548274145370063,0.1084804846044689,0.0,0.5
NR-Aromatase,123,morgan,RF+GCN,lr_l2,1.0,0.5515599070693661,0.1100111555394356,0.0,0.5
NR-Aromatase,123,morgan,RF+GCN,lr_l2,10.0,0.558297378028543,0.1140062289984778,0.0,0.5
NR-Aromatase,123,morgan,RF+XGB,averaging,,0.6046216395618984,0.1298842081654191,-0.0168461208387109,0.4985687022900763
NR-Aromatase,123,morgan,RF+XGB,voting,,0.4986226352472618,0.0986912522969945,-0.0078214617517649,0.4986226352472618
NR-Aromatase,123,morgan,RF+XGB,lr_none,,0.5305260537670096,0.1054635944246607,0.0,0.5
NR-Aromatase,123,morgan,RF+XGB,lr_l2,0.1,0.6022485894457351,0.1291127952675752,0.0,0.5
NR-Aromatase,123,morgan,RF+XGB,lr_l2,1.0,0.5942499170262197,0.1259420965280294,0.0,0.5
NR-Aromatase,123,morgan,RF+XGB,lr_l2,10.0,0.5518503153003651,0.1113377692641454,0.0,0.5
NR-Aromatase,123,morgan,XGB+GCN,averaging,,0.580791569863923,0.1184219754827444,0.0,0.5
NR-Aromatase,123,morgan,XGB+GCN,voting,,0.4986226352472618,0.0986912522969945,-0.0078214617517649,0.4986226352472618
NR-Aromatase,123,morgan,XGB+GCN,lr_none,,0.5583637570527713,0.1123564677328473,0.0,0.5
NR-Aromatase,123,morgan,XGB+GCN,lr_l2,0.1,0.5575423166279455,0.1121560743717879,0.0,0.5
NR-Aromatase,123,morgan,XGB+GCN,lr_l2,1.0,0.5578410222369731,0.1122247127839131,0.0,0.5
NR-Aromatase,123,morgan,XGB+GCN,lr_l2,10.0,0.5556837039495519,0.1116721754473128,0.0,0.5
NR-Aromatase,123,morgan,RF+XGB+GCN,averaging,,0.5888981081978094,0.1201315766954727,0.0,0.5
NR-Aromatase,123,morgan,RF+XGB+GCN,voting,,0.4986226352472618,0.0986912522969945,0.0,0.5
NR-Aromatase,123,morgan,RF+XGB+GCN,lr_none,,0.5401261201460339,0.1080717742478056,0.0,0.5
NR-Aromatase,123,morgan,RF+XGB+GCN,lr_l2,0.1,0.5701543312313309,0.1163302416925766,0.0,0.5
NR-Aromatase,123,morgan,RF+XGB+GCN,lr_l2,1.0,0.5669349485562561,0.1157184913542112,0.0,0.5
NR-Aromatase,123,morgan,RF+XGB+GCN,lr_l2,10.0,0.5580899435778294,0.1139729247974181,0.0,0.5
NR-Aromatase,123,maccs,RF_only,single,,0.6189553601062064,0.1279419951921321,-0.0097177386479492,0.4995229007633587
NR-Aromatase,123,maccs,XGB_only,single,,0.6340856289412546,0.1419535425201558,0.0248987566051652,0.5079571855293727
NR-Aromatase,123,Graph,GCN_only,single,,0.5325174244938599,0.1026439211213231,-0.0284762810384212,0.4915200796548291
NR-Aromatase,123,maccs,RF+GCN,averaging,,0.5813474941918354,0.1147244594625914,0.0,0.5
NR-Aromatase,123,maccs,RF+GCN,voting,,0.4995229007633587,0.0988822012037833,-0.0097177386479492,0.4995229007633587
NR-Aromatase,123,maccs,RF+GCN,lr_none,,0.5954779289744441,0.1182762800009137,-0.0097177386479492,0.4995229007633587
NR-Aromatase,123,maccs,RF+GCN,lr_l2,0.1,0.5777547295054762,0.1138704479293326,0.0,0.5
NR-Aromatase,123,maccs,RF+GCN,lr_l2,1.0,0.5823431795552605,0.1148518065098318,0.0,0.5
NR-Aromatase,123,maccs,RF+GCN,lr_l2,10.0,0.5934201792233653,0.1178372194788711,0.0,0.5
NR-Aromatase,123,maccs,RF+XGB,averaging,,0.6511865250580816,0.1435688661894765,-0.0257773567348479,0.4966603053435114
NR-Aromatase,123,maccs,RF+XGB,voting,,0.5079322933952871,0.1008377543425582,0.0248987566051652,0.5079571855293727
NR-Aromatase,123,maccs,RF+XGB,lr_none,,0.6462163956189845,0.1401806281878895,-0.0097177386479492,0.4995229007633587
NR-Aromatase,123,maccs,RF+XGB,lr_l2,0.1,0.648854961832061,0.1440193130545079,0.0,0.5
NR-Aromatase,123,maccs,RF+XGB,lr_l2,1.0,0.6501327580484567,0.1440285822634567,0.0,0.5
NR-Aromatase,123,maccs,RF+XGB,lr_l2,10.0,0.6498589445735147,0.1423071919722469,0.0,0.5
NR-Aromatase,123,maccs,XGB+GCN,averaging,,0.5946813806837039,0.1275531939150205,-0.0097177386479492,0.4995229007633587
NR-Aromatase,123,maccs,XGB+GCN,voting,,0.5079571855293727,0.1008377543425582,0.0248987566051652,0.5079571855293727
NR-Aromatase,123,maccs,XGB+GCN,lr_none,,0.5862595419847328,0.1227546245879652,0.0,0.5
NR-Aromatase,123,maccs,XGB+GCN,lr_l2,0.1,0.6068785263856621,0.1328022689096327,0.0,0.5
NR-Aromatase,123,maccs,XGB+GCN,lr_l2,1.0,0.5988300696979754,0.1300784180572252,0.0,0.5
NR-Aromatase,123,maccs,XGB+GCN,lr_l2,10.0,0.5878277464321275,0.1233195227265012,0.0,0.5
NR-Aromatase,123,maccs,RF+XGB+GCN,averaging,,0.6174742781281115,0.1313378422208554,0.0,0.5
NR-Aromatase,123,maccs,RF+XGB+GCN,voting,,0.5079322933952871,0.1008377543425582,-0.0097177386479492,0.4995229007633587
NR-Aromatase,123,maccs,RF+XGB+GCN,lr_none,,0.6071606372386327,0.1234851016986429,-0.0097177386479492,0.4995229007633587
NR-Aromatase,123,maccs,RF+XGB+GCN,lr_l2,0.1,0.6220959176900099,0.1350915829727759,0.0,0.5
NR-Aromatase,123,maccs,RF+XGB+GCN,lr_l2,1.0,0.613308994357783,0.1314461693726901,0.0,0.5
NR-Aromatase,123,maccs,RF+XGB+GCN,lr_l2,10.0,0.6075257218718886,0.1244990497616037,0.0,0.5
NR-Aromatase,123,atompair,RF_only,single,,0.620461334218387,0.1838608793359058,0.0,0.5
NR-Aromatase,123,atompair,XGB_only,single,,0.6343760371722535,0.1820077381737621,0.1231576711983515,0.528103219382675
NR-Aromatase,123,Graph,GCN_only,single,,0.5325174244938599,0.1026439211213231,-0.0284762810384212,0.4915200796548291
NR-Aromatase,123,atompair,RF+GCN,averaging,,0.5861433786923332,0.130170933495745,0.0,0.5
NR-Aromatase,123,atompair,RF+GCN,voting,,0.5,0.0988822012037833,0.0,0.5
NR-Aromatase,123,atompair,RF+GCN,lr_none,,0.6041072021241288,0.1565425215378171,0.0885581748091372,0.5043478260869565
NR-Aromatase,123,atompair,RF+GCN,lr_l2,0.1,0.574634915366744,0.1248580378894441,0.0,0.5
NR-Aromatase,123,atompair,RF+GCN,lr_l2,1.0,0.5810487885828078,0.1280718726335583,0.0,0.5
NR-Aromatase,123,atompair,RF+GCN,lr_l2,10.0,0.5986309326252904,0.1442172837916919,0.0,0.5
NR-Aromatase,123,atompair,RF+XGB,averaging,,0.6537089279787588,0.1908077956524572,0.1252940966007533,0.508695652173913
NR-Aromatase,123,atompair,RF+XGB,voting,,0.5281032193826751,0.1172998820686584,0.1231576711983515,0.528103219382675
NR-Aromatase,123,atompair,RF+XGB,lr_none,,0.6409807500829738,0.1908586867582322,0.1252940966007533,0.508695652173913
NR-Aromatase,123,atompair,RF+XGB,lr_l2,0.1,0.6489213408562895,0.1874254842400481,0.0,0.5
NR-Aromatase,123,atompair,RF+XGB,lr_l2,1.0,0.6515682044473945,0.1887179864214831,0.0,0.5
NR-Aromatase,123,atompair,RF+XGB,lr_l2,10.0,0.6521822104215067,0.1905369389498523,0.0885581748091372,0.5043478260869565
NR-Aromatase,123,atompair,XGB+GCN,averaging,,0.593046797212081,0.1554727445368418,0.1252940966007533,0.508695652173913
NR-Aromatase,123,atompair,XGB+GCN,voting,,0.5281032193826751,0.1172998820686584,0.1231576711983515,0.528103219382675
NR-Aromatase,123,atompair,XGB+GCN,lr_none,,0.5936773979422503,0.1557909068373332,0.0,0.5
NR-Aromatase,123,atompair,XGB+GCN,lr_l2,0.1,0.6060238964487223,0.1703516627169664,0.0,0.5
NR-Aromatase,123,atompair,XGB+GCN,lr_l2,1.0,0.6012446067042814,0.1672822221498692,0.0,0.5
NR-Aromatase,123,atompair,XGB+GCN,lr_l2,10.0,0.5952041154995021,0.1572283700920485,0.0,0.5
NR-Aromatase,123,atompair,RF+XGB+GCN,averaging,,0.6192748091603053,0.1681875506712776,0.0,0.5
NR-Aromatase,123,atompair,RF+XGB+GCN,voting,,0.5281032193826751,0.1172998820686584,0.0,0.5
NR-Aromatase,123,atompair,RF+XGB+GCN,lr_none,,0.6163873216063724,0.1680503716909183,0.1252940966007533,0.508695652173913
NR-Aromatase,123,atompair,RF+XGB+GCN,lr_l2,0.1,0.6201377364752738,0.1753255287596479,0.0,0.5
NR-Aromatase,123,atompair,RF+XGB+GCN,lr_l2,1.0,0.6174576833720544,0.1747546567280548,0.0,0.5
NR-Aromatase,123,atompair,RF+XGB+GCN,lr_l2,10.0,0.6190009956853634,0.1658826113356232,0.0885581748091372,0.5043478260869565
NR-Aromatase,999,morgan,RF_only,single,,0.5514810819780949,0.1109700688636577,0.0,0.5
NR-Aromatase,999,morgan,XGB_only,single,,0.5989503816793893,0.1290581068157577,-0.0078214617517649,0.4986226352472618
NR-Aromatase,999,Graph,GCN_only,single,,0.5302190507799536,0.1006537401927932,-0.0284762810384212,0.4915200796548291
NR-Aromatase,999,morgan,RF+GCN,averaging,,0.5511948224361102,0.1096578761987522,0.0,0.5
NR-Aromatase,999,morgan,RF+GCN,voting,,0.5,0.0988822012037833,0.0,0.5
NR-Aromatase,999,morgan,RF+GCN,lr_none,,0.5514769332890807,0.1095408453821668,0.0,0.5
NR-Aromatase,999,morgan,RF+GCN,lr_l2,0.1,0.5510454696315964,0.1098741622359731,0.0,0.5
NR-Aromatase,999,morgan,RF+GCN,lr_l2,1.0,0.5517922336541653,0.1100041371277033,0.0,0.5
NR-Aromatase,999,morgan,RF+GCN,lr_l2,10.0,0.5511367407899104,0.1095442789721134,0.0,0.5
NR-Aromatase,999,morgan,RF+XGB,averaging,,0.6017134085628941,0.1292221535692471,-0.0168461208387109,0.4985687022900763
NR-Aromatase,999,morgan,RF+XGB,voting,,0.4986226352472618,0.0986912522969945,-0.0078214617517649,0.4986226352472618
NR-Aromatase,999,morgan,RF+XGB,lr_none,,0.5197933952870892,0.1032828533929425,0.0,0.5
NR-Aromatase,999,morgan,RF+XGB,lr_l2,0.1,0.597141553269167,0.1282737658926595,0.0,0.5
NR-Aromatase,999,morgan,RF+XGB,lr_l2,1.0,0.5873257550614005,0.1248675655999181,0.0,0.5
NR-Aromatase,999,morgan,RF+XGB,lr_l2,10.0,0.5440964155326917,0.1097239051772405,0.0,0.5
NR-Aromatase,999,morgan,XGB+GCN,averaging,,0.5873216063723864,0.1178615432288965,0.0,0.5
NR-Aromatase,999,morgan,XGB+GCN,voting,,0.4986226352472618,0.0986912522969945,-0.0078214617517649,0.4986226352472618
NR-Aromatase,999,morgan,XGB+GCN,lr_none,,0.58502323265848,0.1174648267417222,0.0,0.5
NR-Aromatase,999,morgan,XGB+GCN,lr_l2,0.1,0.5847577165615665,0.1174749264223575,0.0,0.5
NR-Aromatase,999,morgan,XGB+GCN,lr_l2,1.0,0.5849070693660803,0.1174758605525018,0.0,0.5
NR-Aromatase,999,morgan,XGB+GCN,lr_l2,10.0,0.5849817457683373,0.1174712773812411,0.0,0.5
NR-Aromatase,999,morgan,RF+XGB+GCN,averaging,,0.5942582144042482,0.1193648580953554,0.0,0.5
NR-Aromatase,999,morgan,RF+XGB+GCN,voting,,0.4986226352472618,0.0986912522969945,0.0,0.5
NR-Aromatase,999,morgan,RF+XGB+GCN,lr_none,,0.5342349817457683,0.1051478173365742,0.0,0.5
NR-Aromatase,999,morgan,RF+XGB+GCN,lr_l2,0.1,0.5896282774643212,0.1189611958203838,0.0,0.5
NR-Aromatase,999,morgan,RF+XGB+GCN,lr_l2,1.0,0.5852638566213076,0.1180629036649678,0.0,0.5
NR-Aromatase,999,morgan,RF+XGB+GCN,lr_l2,10.0,0.5601393959508796,0.1120105940106291,0.0,0.5
NR-Aromatase,999,maccs,RF_only,single,,0.5928269166943245,0.1219962110255872,0.0,0.5
NR-Aromatase,999,maccs,XGB_only,single,,0.6340856289412546,0.1419535425201558,0.0248987566051652,0.5079571855293727
NR-Aromatase,999,Graph,GCN_only,single,,0.5302190507799536,0.1006537401927932,-0.0284762810384212,0.4915200796548291
NR-Aromatase,999,maccs,RF+GCN,averaging,,0.5788375373382011,0.115557488334941,0.0,0.5
NR-Aromatase,999,maccs,RF+GCN,voting,,0.5,0.0988822012037833,0.0,0.5
NR-Aromatase,999,maccs,RF+GCN,lr_none,,0.5791860272153999,0.1154802689987199,-0.0097177386479492,0.4995229007633587
NR-Aromatase,999,maccs,RF+GCN,lr_l2,0.1,0.5788541320942582,0.1155700631488535,0.0,0.5
NR-Aromatase,999,maccs,RF+GCN,lr_l2,1.0,0.5789371058745437,0.115596582459898,0.0,0.5
NR-Aromatase,999,maccs,RF+GCN,lr_l2,10.0,0.5791943245934285,0.1156931999172261,0.0,0.5
NR-Aromatase,999,maccs,RF+XGB,averaging,,0.6400472950547627,0.1413630265066537,-0.029254092425013,0.495706106870229
NR-Aromatase,999,maccs,RF+XGB,voting,,0.5079571855293727,0.1008377543425582,0.0248987566051652,0.5079571855293727
NR-Aromatase,999,maccs,RF+XGB,lr_none,,0.6296340856289413,0.1364194227451177,-0.0097177386479492,0.4995229007633587
NR-Aromatase,999,maccs,RF+XGB,lr_l2,0.1,0.6409848987719879,0.1423895168790855,0.0,0.5
NR-Aromatase,999,maccs,RF+XGB,lr_l2,1.0,0.6417150680384998,0.1422267923642065,0.0,0.5
NR-Aromatase,999,maccs,RF+XGB,lr_l2,10.0,0.6354837371390641,0.139016336415142,0.0,0.5
NR-Aromatase,999,maccs,XGB+GCN,averaging,,0.617573846664454,0.1305178781313067,0.0,0.5
NR-Aromatase,999,maccs,XGB+GCN,voting,,0.5079571855293727,0.1008377543425582,0.0248987566051652,0.5079571855293727
NR-Aromatase,999,maccs,XGB+GCN,lr_none,,0.6166611350813143,0.1290113801077745,0.0,0.5
NR-Aromatase,999,maccs,XGB+GCN,lr_l2,0.1,0.6205028211085297,0.1353322184589147,0.0,0.5
NR-Aromatase,999,maccs,XGB+GCN,lr_l2,1.0,0.6198722203783604,0.1345013300777035,0.0,0.5
NR-Aromatase,999,maccs,XGB+GCN,lr_l2,10.0,0.6170594092266843,0.1294592200720699,0.0,0.5
NR-Aromatase,999,maccs,RF+XGB+GCN,averaging,,0.6251410554264851,0.1324442881113798,0.0,0.5
NR-Aromatase,999,maccs,RF+XGB+GCN,voting,,0.5079571855293727,0.1008377543425582,0.0,0.5
NR-Aromatase,999,maccs,RF+XGB+GCN,lr_none,,0.6137072685031529,0.1252889874552265,-0.0137488751040903,0.4990458015267175
NR-Aromatase,999,maccs,RF+XGB+GCN,lr_l2,0.1,0.6276302688350481,0.1361636674531767,0.0,0.5
NR-Aromatase,999,maccs,RF+XGB+GCN,lr_l2,1.0,0.6270660471291071,0.1347467582452884,0.0,0.5
NR-Aromatase,999,maccs,RF+XGB+GCN,lr_l2,10.0,0.6196315964155328,0.1278144392486405,0.0,0.5
NR-Aromatase,999,atompair,RF_only,single,,0.6555426485230668,0.2025418347090181,0.0,0.5
NR-Aromatase,999,atompair,XGB_only,single,,0.6343760371722535,0.1820077381737621,0.1231576711983515,0.528103219382675
NR-Aromatase,999,Graph,GCN_only,single,,0.5302190507799536,0.1006537401927932,-0.0284762810384212,0.4915200796548291
NR-Aromatase,999,atompair,RF+GCN,averaging,,0.6338615997344839,0.1549844416462638,0.0,0.5
NR-Aromatase,999,atompair,RF+GCN,voting,,0.5,0.0988822012037833,0.0,0.5
NR-Aromatase,999,atompair,RF+GCN,lr_none,,0.6382841022236972,0.1821654375506819,0.0557726107483315,0.5038707268503153
NR-Aromatase,999,atompair,RF+GCN,lr_l2,0.1,0.6338118154663126,0.1549619622457965,0.0,0.5
NR-Aromatase,999,atompair,RF+GCN,lr_l2,1.0,0.6349153667441088,0.1554753744189478,0.0,0.5
NR-Aromatase,999,atompair,RF+GCN,lr_l2,10.0,0.6370394955194159,0.1705877935256502,0.0885581748091372,0.5043478260869565
NR-Aromatase,999,atompair,RF+XGB,averaging,,0.6555841354132094,0.1919050674781041,0.1252940966007533,0.508695652173913
NR-Aromatase,999,atompair,RF+XGB,voting,,0.5281032193826751,0.1172998820686584,0.1231576711983515,0.528103219382675
NR-Aromatase,999,atompair,RF+XGB,lr_none,,0.6530368403584467,0.2050817130809914,0.0967309141492358,0.5082185529372718
NR-Aromatase,999,atompair,RF+XGB,lr_l2,0.1,0.652124128775307,0.190839837976768,0.0,0.5
NR-Aromatase,999,atompair,RF+XGB,lr_l2,1.0,0.6551443743776966,0.1927038024721589,0.0,0.5
NR-Aromatase,999,atompair,RF+XGB,lr_l2,10.0,0.6533189512114173,0.1977498957338467,0.0885581748091372,0.5043478260869565
NR-Aromatase,999,atompair,XGB+GCN,averaging,,0.621025555924328,0.1608820420525375,0.0,0.5
NR-Aromatase,999,atompair,XGB+GCN,voting,,0.5281032193826751,0.1172998820686584,0.1231576711983515,0.528103219382675
NR-Aromatase,999,atompair,XGB+GCN,lr_none,,0.6218138068370395,0.1638212693396662,0.0,0.5
NR-Aromatase,999,atompair,XGB+GCN,lr_l2,0.1,0.6234234981745768,0.1740074101872245,0.0,0.5
NR-Aromatase,999,atompair,XGB+GCN,lr_l2,1.0,0.6227431131762363,0.1712754854923649,0.0,0.5
NR-Aromatase,999,atompair,XGB+GCN,lr_l2,10.0,0.6219797543976103,0.1651414760275594,0.0,0.5
NR-Aromatase,999,atompair,RF+XGB+GCN,averaging,,0.6430882841022236,0.1733194576214229,0.0,0.5
NR-Aromatase,999,atompair,RF+XGB+GCN,voting,,0.5281032193826751,0.1172998820686584,0.0,0.5
NR-Aromatase,999,atompair,RF+XGB+GCN,lr_none,,0.639288084965151,0.1852417699554231,0.1252940966007533,0.508695652173913
NR-Aromatase,999,atompair,RF+XGB+GCN,lr_l2,0.1,0.6409475605708596,0.1818621164176922,0.0,0.5
NR-Aromatase,999,atompair,RF+XGB+GCN,lr_l2,1.0,0.643536342515765,0.1828590424595451,0.0,0.5
NR-Aromatase,999,atompair,RF+XGB+GCN,lr_l2,10.0,0.6408811815466312,0.1821886854218815,0.0885581748091372,0.5043478260869565
